ID;share_of_households_with_air_conditioning;homeownership_rate;average_household_age;share_of_population_under_4_years_old;share_of_population_over_64_years_old;unemployment_rate;share_of_superior_edu;percentage_overcrowded_households;building_state_of_conservation_index;main_heating_energy_source_share_of_electricity;main_heating_energy_source_share_of_wood_coal_and_other_solid_fuels;main_heating_energy_source_share_of_petroleum_diesel_and_other_liquid_fuels;main_heating_energy_source_share_of_gas;main_heating_energy_source_share_of_other
110654;0,190807598;0,548284175;1958,221266;0,039952221;0,287618269;0,09518843;0,270989847;7,836666667;4,599108229;0,794040887;0,011816732;0,004567203;0,098811077;0,000724953
110655;0,170094497;0,506061617;1953,806554;0,04043515;0,253390294;0,095784641;0,284983359;9,59;4,602898551;0,799444136;0,011450806;0,003668705;0,087937743;0,00077821
110656;0,107582809;0,415788372;1938,168825;0,041196727;0,251824472;0,12226439;0,224623258;12,11666667;4,232543641;0,735833561;0,007596496;0,003011224;0,068300027;0,000547495
110657;0,206763788;0,488706152;1956,969779;0,037225434;0,254936416;0,091604532;0,315375723;8,885;4,502468459;0,767013528;0,008116545;0,00603538;0,11082206;0,001248699
110658;0,138428648;0,619122481;1945,3965;0,045740561;0,265730881;0,084166442;0,295982575;9,89;4,654929577;0,699893105;0,031266702;0,007749866;0,127739177;0,002137894
110659;0,101506664;0,396675043;1939,55281;0,039195298;0,276491863;0,10734799;0,22920434;11,645;4,271417445;0,752752559;0,006760672;0,004829052;0,096291288;0,000869229
110660;0,138955548;0,408331426;1933,644495;0,047893482;0,238573132;0,103459119;0,266146661;12,44333333;4,462628409;0,716032453;0,013255628;0,00388527;0,11107302;0,000799909
110661;0,068778857;0,320676452;1917,388715;0,037335173;0,240800368;0,126206273;0,224317694;13,235;4,151857076;0,699410922;0,005413151;0,001592103;0,07053017;0,000477631
110662;0,171465874;0,719908246;1965,207795;0,087324614;0,100166468;0,083269016;0,363567182;14,815;4,353768844;0,700660042;0,008123595;0,002973816;0,090955248;0,016827446
110663;0,07409967;0,459511371;1946,180599;0,037115171;0,265241177;0,130930215;0,167876426;13,555;4,374848851;0,744682485;0,007217999;0,004069723;0,05114029;0,000537511
110664;0,077051726;0,448601399;1972,906471;0,06316726;0,14341637;0,176432946;0,138345196;19,365;4,221618357;0,674949229;0,031417991;0,003942181;0,064627882;0,0011946
110665;0,043818727;0,237765778;1924,621393;0,033068164;0,237794416;0,138307692;0,165028857;15,42833333;4,18744313;0,667444185;0,003165611;0,003332223;0,040486504;0,000499833
110666;0,12077119;0,400036483;1934,951833;0,039793849;0,247549848;0,10371491;0,288188577;10,1;4,420050761;0,740087304;0,0092761;0,004547108;0,101309567;0,000545653
110667;0,055147059;0,374865156;1931,900296;0,03755134;0,279809636;0,134048995;0,164352305;14,45333333;4,003558719;0,733738688;0,006928733;0,001979638;0,043552036;0,000565611
010103;0,058091286;0,836338419;1975,1585;0,041863942;0,17069524;0,091039085;0,064041864;8,85;4,656880734;0,09197787;0,822959889;0,04011065;0,024204703;0,004149378
010109;0,043664384;0,855308219;1978,966361;0,043278085;0,209023941;0,106258149;0,071209331;6,08;4,74235474;0,123287671;0,785958904;0,02739726;0,030821918;0,001712329
010112;0,043341214;0,841607565;1972,384124;0,045507927;0,208749266;0,12815534;0,047269524;7,33;4,767965895;0,118991332;0,827423168;0,024428684;0,010244287;0,001576044
010119;0,059069212;0,872238806;1973,508776;0,03916342;0,196227189;0,105562856;0,052901374;9,07;4,589020772;0,087708831;0,837708831;0,028042959;0,016706444;0,001193317
010121;0,060840922;0,75155159;1972,185305;0,041912198;0,184885091;0,105693431;0,100618739;8,9;4,655043295;0,268358845;0,591552025;0,02150746;0,056965704;0,001356326
010122;0,061170213;0,834813499;1979,333947;0,033966968;0,215643503;0,117792932;0,065752571;5,565;4,615212528;0,078900709;0,834219858;0,039893617;0,02570922;0,005319149
010123;0,035532995;0,957555178;1968,032468;0,036002483;0,253258845;0,065918654;0,0477964;6,41;4,637450199;0,045685279;0,922165821;0,015228426;0,003384095;0,001692047
010124;0,059174312;0,867768595;1977,473787;0,039098741;0,181080186;0,090389785;0,072067594;6,85;4,678742907;0,158715596;0,752293578;0,017431193;0,038990826;0,002752294
010125;0,035802469;0,899876391;1971,300826;0,032537961;0,230802603;0,061524334;0,062906725;4,455;4,47983454;0,109876543;0,811111111;0,025925926;0,02962963;0,003703704
010126;0,051734632;0,811090798;1974,708111;0,047948164;0,18012959;0,106271777;0,0587473;10,16666667;4,689470553;0,144856969;0,761412051;0,022519781;0,031649422;0,003043214
010127;0,053511706;0,953020134;1979,898785;0,01980198;0,290841584;0,066666667;0,033415842;4,55;4,75708502;0,050167224;0,879598662;0,046822742;0,006688963;0
010202;0,036773428;0,879041916;1970,585975;0,047459051;0,198656027;0,114496768;0,037379252;10,32;4,649903288;0,126927639;0,78173191;0,036773428;0,013048636;0,004744958
010203;0,035856574;0,837981408;1965,465042;0,034732272;0,230101302;0,106223176;0,046792089;13,81;4,758218452;0,168658699;0,709163347;0,025232404;0,023904382;0,003984064
010204;0,096342092;0,880927835;1974,296442;0,048034158;0,171499733;0,100330761;0,060309553;8,5;4,723083368;0,092735703;0,816589387;0,05615662;0,017001546;0,002575992
010206;0,060200669;0,93812709;1975,992627;0,028604787;0,245183888;0,085365854;0,045534151;7,19;4,782841823;0,033444816;0,926421405;0,030100334;0,003344482;0,001672241
010209;0,091852227;0,785822785;1974,54026;0,056018168;0,156794095;0,107149594;0,102952309;8,96;4,470788429;0,274797571;0,560475709;0,042257085;0,069078947;0,002024291
010210;0,029807692;0,855339806;1964,936502;0,045234807;0,194406077;0,098335855;0,035566298;10,445;4,621380846;0,118269231;0,794230769;0,021153846;0,023076923;0,001923077
010304;0,044642857;0,8125;1980,101802;0,039936102;0,229233227;0,102564103;0,080670927;6,25;4,515370705;0,149553571;0,758928571;0,069196429;0,011160714;0,002232143
010305;0,033156499;0,864541833;1973,172936;0,035697941;0,266361556;0,072727273;0,073226545;5,44;4,607368421;0,050397878;0,897877984;0,025198939;0,00795756;0,00397878
010307;0,046927374;0,862416107;1968,944777;0,036634461;0,238727858;0,103896104;0,072866345;3,46;4,796200345;0,099441341;0,801117318;0,039106145;0,032402235;0,005586592
010309;0,051930759;0,82376502;1974,2868;0,033923304;0,219518191;0,111345646;0,073254671;6,86;4,588198758;0,181091877;0,701065246;0,049267643;0,03195739;0,005326232
010310;0,031007752;0,916851441;1972,768075;0,036868268;0,237779619;0,084572491;0,070008285;4,76;4,50910596;0,111849391;0,76854928;0,079734219;0,013289037;0,005537099
010312;0,029641186;0,877934272;1974,467233;0,029188558;0,238178634;0,093951094;0,036777583;5,77;4,437965261;0,079563183;0,814352574;0,046801872;0,014040562;0,004680187
010313;0,039196941;0,897607656;1970,529055;0,02568741;0,310057887;0,096468562;0,053183792;4,02;4,667763158;0,07456979;0,833652008;0,067877629;0,007648184;0
010316;0,035608309;0,899900892;1970,998178;0,022803738;0,257943925;0,108108108;0,044485981;5,01;4,568524096;0,115727003;0,800197824;0,044510386;0,013847676;0,002967359
010317;0,043572045;0,754855416;1974,034007;0,044068867;0,195861633;0,096543133;0,123519191;7,49;4,410536308;0,302847282;0,539257981;0,049180328;0,056945643;0,001294219
010318;0,067039106;0,834532374;1972,866914;0,037990196;0,236213235;0,09375;0,107230392;6,21;4,782285328;0,211492418;0,624102155;0,072625698;0,03990423;0,004788508
010402;0,021978022;0,76940133;1977,032855;0,026982829;0,294358136;0,081730769;0,046606705;14,07;4,424058323;0,116483516;0,775824176;0,043956044;0,010989011;0
010407;0,062645012;0,877030162;1975,686306;0,035115722;0,188347965;0,063545151;0,056664006;10,9;4,533551555;0,027842227;0,930394432;0,027842227;0,002320186;0
010409;0,070521862;0,786421499;1975,972696;0,04860486;0,152565257;0,073684211;0,03690369;13,26;4,545243619;0,070521862;0,856135402;0,045133992;0,001410437;0,002820874
010411;0,065789474;0,8;1981,887046;0,055970149;0,179850746;0,084828711;0,02761194;15,13;4,713153724;0,046052632;0,885964912;0,028508772;0,013157895;0
010413;0,051428571;0,828571429;1991,180723;0,049953747;0,16373728;0,075;0,038852914;10,29;4,266990291;0,042857143;0,908571429;0,031428571;0,002857143;0,002857143
010414;0,038560411;0,827319588;1958,702037;0,050119332;0,180588703;0,078277886;0,034208433;14,14;4,407407407;0,035989717;0,907455013;0,028277635;0,002570694;0,005141388
010415;0,04389313;0,868320611;1975,574024;0,047529706;0,166353971;0,075498575;0,055034396;10,5;4,669365722;0,059160305;0,84351145;0,064885496;0,009541985;0
010416;0,053571429;0,807212205;1978,184962;0,045272969;0,14957834;0,086337761;0,055037727;11,26;4,621923937;0,074175824;0,870879121;0,039835165;0,006868132;0,001373626
010417;0,117647059;0,892156863;1968,533898;0,056856187;0,204013378;0,071428571;0,02006689;15,2;4,136029412;0,083333333;0,857843137;0,014705882;0;0
010418;0,062189055;0,865671642;1970,803059;0,053043478;0,166956522;0,089430894;0,027826087;10,7;4,435946463;0,037313433;0,893034826;0,049751244;0,002487562;0,004975124
010419;0,031073446;0,870056497;1970,082329;0,042759961;0,210884354;0,063829787;0,058309038;11,3;4,841365462;0,059322034;0,895480226;0,031073446;0;0,002824859
010420;0,114754098;0,840659341;1985,081818;0,048148148;0,140740741;0,070895522;0,066666667;9,29;4,481818182;0,103825137;0,797814208;0,081967213;0,005464481;0
010421;0,058263971;0,737343657;1981,13812;0,050598687;0,166859791;0,083645443;0,084974894;11,32;4,751442056;0,180737218;0,671819263;0,072532699;0,03626635;0,002972652
010422;0,010416667;0,8125;1983,523121;0,03030303;0,354978355;0,042253521;0,008658009;14,55;4,695906433;0,0625;0,90625;0,03125;0;0
010423;0,031830239;0,875;1975,069091;0,037193576;0,178360101;0,135802469;0,021132713;15,6;4,664845173;0,050397878;0,899204244;0,026525199;0,00265252;0
010424;0;0,93902439;1944,243671;0,027027027;0,346846847;0,054054054;0,027027027;22,2;4,380645161;0,012195122;0,963414634;0;0;0
010501;0,03577192;0,701641108;1973,904525;0,045429726;0,170252266;0,094390395;0,183138583;7,64;4,622445445;0,437600861;0,311188811;0,033620226;0,130715438;0,001613771
010502;0,030939649;0,828482732;1976,244169;0,048001088;0,162904542;0,117449664;0,075605113;8,9;4,672041041;0,302139037;0,520244461;0,036669213;0,052330023;0,001527884
010505;0,022035881;0,734570313;1976,451197;0,050480232;0,129848857;0,112676056;0,152483062;9,5;4,681621287;0,49200468;0,272620905;0,025351014;0,123049922;0,002535101
010508;0,03030303;0,795589988;1972,248064;0,047539963;0,204899315;0,100884956;0,081378451;8,62;4,327340032;0,235294118;0,577540107;0,074272133;0,04456328;0,004753417
010510;0,037674919;0,803022126;1980,890885;0,05625;0,151209677;0,090874669;0,210483871;6,24;4,885026738;0,355758881;0,320236814;0,053821313;0,223896663;0,002152853
010511;0,010416667;0,666666667;1981,505769;0,035246727;0,175226586;0,152224824;0,026183283;13,8;4,880539499;0,283854167;0,359375;0,065104167;0,044270833;0
010513;0,034110098;0,762114537;1981,184391;0,045095132;0,16641957;0,11035181;0,122559921;8,75;4,823242584;0,389057751;0,356636272;0,050996285;0,106382979;0,00270179
010515;0,031560744;0,824523397;1975,465248;0,044433903;0,16144845;0,100372902;0,080961417;6,275;4,635148042;0,291828794;0,558149589;0,04150454;0,053177691;0,001297017
010516;0,025450031;0,837585563;1972,920744;0,046669588;0,180543383;0,104062072;0,048422436;7,656666667;4,581443299;0,158907511;0,73308504;0,049658597;0,016759777;0,001862197
010517;0,038493824;0,579598702;1966,219599;0,042066539;0,195244189;0,111726117;0,277991043;8,68;4,672716453;0,638086101;0,090658352;0,007554863;0,165727305;0,001079266
010602;0,115537849;0,677290837;1965,252026;0,042390549;0,17790132;0,176785714;0,032661571;15,54;4,490909091;0,24501992;0,525896414;0,023904382;0,067729084;0
010606;0,074162679;0,791866029;1967,18197;0,040769231;0,153076923;0,188277087;0,031538462;16,51;4,31559633;0,071770335;0,880382775;0,0215311;0,014354067;0
010607;0,098280098;0,745992602;1969,928717;0,047281324;0,149724192;0,136697248;0,027974783;13,76;4,477993859;0,184275184;0,684275184;0,025798526;0,018427518;0
010608;0,129720854;0,756978654;1973,183908;0,056447437;0,114966339;0,186046512;0,034697048;15,6;4,516556291;0,200328407;0,614121511;0,032840722;0,037766831;0
010610;0,061797753;0,780137414;1974,445429;0,037068598;0,165743502;0,200678623;0,024925437;12,94;4,592080153;0,131710362;0,764669164;0,036204744;0,017478152;0
010611;0,1475;0,732790989;1974,782178;0,047816187;0,156282343;0,149420161;0,050714138;14,055;4,543233083;0,251875;0,5425;0,05;0,05;0,000625
010702;0,025270758;0,573182475;1965,723204;0,031529699;0,257729862;0,161073826;0,166802278;7,94;4,673675698;0,631768953;0,06811071;0,005054152;0,16967509;0,001203369
010704;0,012355848;0,619950536;1971,218556;0,034139403;0,178947368;0,198564593;0,052631579;15,16;4,735909823;0,410214168;0,289126853;0,018945634;0,070840198;0,001647446
010705;0,015047291;0,546236559;1965,233815;0,03356811;0,190469054;0,208152355;0,048104301;16,25;4,545593479;0,495270851;0,140584695;0,008598452;0,095872743;0
010706;0,025005898;0,646142958;1975,233237;0,036970933;0,18018018;0,184623813;0,098334183;14,775;4,511689167;0,494692144;0,207832036;0,00802076;0,106628922;0,001179523
010801;0,048520136;0,823788546;1971,653034;0,040878979;0,190176119;0,089225589;0,069962837;10,09;4,528828829;0,238233867;0,609898108;0,04657933;0,034449296;0,004366812
010805;0,031966644;0,837630662;1975,850895;0,049568966;0,20282567;0,15106383;0,044061303;12,93;4,552995392;0,284920083;0,500347464;0,066712995;0,041000695;0,003474635
010806;0,033503277;0,800875274;1972,484551;0,035910878;0,261861075;0,100499376;0,055045872;7,87;4,535962877;0,212672979;0,602330663;0,065549891;0,03787327;0,002913328
010808;0,038097887;0,784401114;1972,077996;0,045884344;0,174479944;0,132224532;0,081516871;10,605;4,66675705;0,344827586;0,441879867;0,043103448;0,073414905;0,001112347
010809;0,03722334;0,875251509;1962,712278;0,036101083;0,22599278;0,101449275;0,0566787;6,145;4,689680772;0,20221328;0,679074447;0,039235412;0,018108652;0,004024145
010901;0,055479452;0,744002742;1973,601349;0,044536817;0,16128266;0,186416185;0,063539192;13,53;4,581804842;0,351027397;0,398972603;0,02260274;0,118493151;0,001712329
010902;0,086330935;0,703766399;1970,609419;0,040604488;0,194321478;0,092843924;0,075560983;9,78;4,463834673;0,397376217;0,381294964;0,024121879;0,087177317;0,003808718
010904;0,082536924;0,786086957;1977,151559;0,038380175;0,155636144;0,120797721;0,08068903;9,56;4,667320903;0,286707211;0,54995656;0,029539531;0,06342311;0,003475239
010907;0,073188147;0,724901751;1974,128778;0,038042798;0,168564635;0,165831795;0,059191591;12,07;4,639568644;0,342020707;0,424134238;0,033559443;0,097822206;0,003927169
010908;0,070598007;0,808139535;1979,058004;0,058875478;0,131586694;0,097777778;0,097438917;8,64;4,704977376;0,253322259;0,560631229;0,033222591;0,07807309;0
010913;0,088550114;0,710347065;1974,490581;0,036938397;0,157711904;0,193702943;0,052107457;13,72;4,572878603;0,384365877;0,373013299;0,018488485;0,098280895;0
010914;0,129513344;0,716535433;1976,147601;0,037457135;0,140859931;0,085235921;0,053547877;12,95;4,508870215;0,251962323;0,602825746;0,022762951;0,056514914;0,002354788
010916;0,070913462;0,807692308;1976,012314;0,05208625;0,122234668;0,144516129;0,072948754;12,58;4,686996548;0,388221154;0,393830128;0,014823718;0,108974359;0,001602564
010917;0,068;0,785892946;1980,874243;0,053195164;0,132815199;0,184201566;0,070120898;13,2;4,683250415;0,368;0,3955;0,0155;0,1005;0,0015
010918;0,03596615;0,720028209;1972,892889;0,038584419;0,166379946;0,156280428;0,065863849;11,71;4,673542601;0,406205924;0,322990127;0,013399154;0,099435825;0,001410437
010919;0,051511758;0,752519597;1975,918834;0,040065749;0,179165811;0,146281999;0,101294432;10,69;4,530628481;0,438969765;0,307950728;0,01343785;0,134378499;0,00055991
010921;0,035568513;0,809690601;1980,108011;0,039545731;0,148042993;0,160714286;0,0588116;12,19;4,588196286;0,320116618;0,475218659;0,013994169;0,062973761;0,002332362
010922;0,085188771;0,782187803;1976,073564;0,034733708;0,169368177;0,094035088;0,038703275;12,88;4,624802528;0,109390126;0,787028074;0,035818006;0,016456922;0,001936108
010924;0,134210526;0,794736842;1982,667189;0,055833333;0,138888889;0,169459963;0,066666667;15,09;4,694928685;0,307894737;0,44122807;0,029824561;0,08245614;0,002631579
010925;0,056519306;0,729971989;1970,420377;0,037058939;0,154149418;0,180948738;0,070766805;12,37;4,626192541;0,480134303;0,346390599;0,008393956;0,066032457;0,002238388
010926;0,080544218;0,812193794;1980,033227;0,055959921;0,116551659;0,164543524;0,084223462;10,15;4,729013725;0,290612245;0,517278912;0,022585034;0,093333333;0,001360544
010932;0,146686523;0,806403574;1982,194077;0,038234539;0,165511932;0,143289606;0,054144213;14,08;4,76692254;0,237527923;0,610573343;0,032762472;0,052122115;0
010933;0,129496403;0,82874139;1979,345969;0,049603384;0,139502909;0,145771258;0,043680592;12,31666667;4,650127226;0,170472318;0,706599937;0,040350328;0,030340945;0,000625586
010934;0,133215962;0,789195537;1978,190518;0,047565923;0,14127789;0,147736977;0,053448276;11,7075;4,719365567;0,17165493;0,644953052;0,052230047;0,064847418;0,002347418
010935;0,077134986;0,765381084;1978,989012;0,054083764;0,129438276;0,131227851;0,152742662;10,2075;4,675436705;0,3728191;0,374502602;0,018518519;0,149372513;0,002142639
010936;0,078070175;0,805970149;1971,057934;0,036531037;0,167359667;0,12637028;0,053163053;12,225;4,662939297;0,254824561;0,620175439;0,018859649;0,028947368;0,003070175
011005;0,029843197;0,795021186;1982,064638;0,058373741;0,141924655;0,131281652;0,083737411;9,05;4,716513395;0,294891249;0,403136065;0,041476985;0,113302984;0,002529084
011006;0,022739578;0,751484457;1978,901398;0,047506562;0,146784777;0,120159015;0,115682415;10,41;4,656494523;0,375563978;0,388197076;0,036996932;0,106298502;0,002346147
011007;0,017006803;0,876739563;1981,341657;0,058322412;0,177588467;0,135446686;0,045216252;10,54;4,879210221;0,232993197;0,542517007;0,081632653;0,032312925;0,003401361
011008;0,028847678;0,787941788;1971,953768;0,044323012;0,190346084;0,116647792;0,127868852;7,91;4,631256865;0,429545094;0,367411634;0,030115708;0,099223332;0,002219052
011102;0,07115629;0,904580153;1976,878138;0,044609665;0,210037175;0,089060987;0,079925651;4,83;4,697993664;0,188055909;0,692503177;0,057179161;0,013977128;0,00635324
011103;0,045605307;0,88879668;1975,327922;0,036443607;0,230285894;0,071864407;0,06094879;3,57;4,866275277;0,124378109;0,762852405;0,061359867;0,020729685;0,00331675
011104;0,040444894;0,828947368;1978,129771;0,035094485;0,223679136;0,112118714;0,080987273;5,56;4,643707483;0,233569262;0,662285137;0,027300303;0,032355915;0,003033367
011106;0,057577763;0,833997344;1973,468382;0,049780381;0,197901415;0,085;0,113958028;5,16;4,752333541;0,289874255;0,542686962;0,041694242;0,064195897;0,001323627
011107;0,051020408;0,934210526;1973,630048;0,03496144;0,241131105;0,067627494;0,055526992;5,25;4,792114695;0,10787172;0,813411079;0,032069971;0,011661808;0,001457726
011109;0,06556701;0,812628972;1975,605035;0,048784265;0,198389345;0,084798995;0,121108874;5,18;4,712728858;0,290721649;0,516701031;0,036701031;0,110103093;0,001649485
011201;0,01750547;0,901315789;1960,857305;0,036912752;0,23191648;0,098662207;0,042505593;10,39;4,701515152;0,273522976;0,475929978;0,094091904;0,035010941;0
011202;0,013435701;0,86756238;1972,156288;0,053461275;0,210418095;0,131537242;0,074023304;7,87;4,783618582;0,328214971;0,351247601;0,142034549;0,082533589;0,003838772
011203;0,007757405;0,876586742;1963,683351;0,043525277;0,296836983;0,101492537;0,041092187;8,18;4,765717356;0,384344147;0,253173484;0,12764457;0,067700987;0,000705219
011204;0,024870466;0,710221286;1982,661677;0,061202186;0,13151184;0,153846154;0,085974499;14,61;4,95971693;0,281865285;0,369948187;0,068393782;0,07357513;0,001036269
011301;0,129746835;0,791765637;1974,061448;0,039777713;0,177244808;0,072612922;0,056156771;10,13;4,696389094;0,105221519;0,805379747;0,041139241;0,024525316;0
011302;0,165638767;0,752422907;1976,755733;0,044535692;0,156980417;0,088849135;0,054643083;8,9;4,642566191;0,23876652;0,626431718;0,033480176;0,046696035;0,000881057
011303;0,107879925;0,781954887;1977,117257;0,047295109;0,162293489;0,0800269;0,043407839;11,44;4,703472841;0,135084428;0,760787992;0,034709193;0,015947467;0,004690432
011304;0,096692112;0,849024597;1973,174201;0,044180119;0,202209006;0,096511628;0,049561031;9,08;4,53797964;0,111959288;0,807463953;0,034775233;0,017811705;0,001696353
011305;0,091172214;0,694202899;1972,887879;0,036363636;0,172467532;0,100758397;0,055064935;9,12;4,288580247;0,299565847;0,539797395;0,020260492;0,020260492;0
011310;0,130829016;0,821243523;1966,349724;0,034873188;0,196557971;0,08086785;0,036684783;11,14;4,395243488;0,093264249;0,848445596;0,033678756;0,00388601;0,002590674
011315;0,080123267;0,833590139;1976,101342;0,040806045;0,198992443;0,087044534;0,04231738;8,32;4,610512129;0,12788906;0,779661017;0,027734977;0,021571649;0,003081664
011318;0,162383816;0,754510662;1972,880202;0,034812548;0,171193573;0,082054941;0,047819434;9,24;4,730351438;0,256971022;0,636960087;0,020776381;0,033898305;0
011319;0,088526344;0,703535083;1973,632238;0,036898645;0,182718356;0,097925621;0,046520318;9,92;4,678691275;0,303022198;0,511901578;0,018186681;0,063385932;0,001872158
011320;0,170872766;0,788117771;1972,681148;0,03580705;0,16567718;0,082578776;0,05974026;8,83;4,484283431;0,20084122;0,695057834;0,033648791;0,027865405;0,002628812
011321;0,145557656;0,705349905;1971,921256;0,040799615;0,169412331;0,086751976;0,08583815;9,46;4,582650782;0,368079935;0,47515528;0,0205239;0,071698623;0,001350257
011322;0,142857143;0,823197745;1975,893031;0,039128625;0,180657694;0,096209075;0,037879839;9,48;4,700947701;0,104627767;0,840241449;0,021327968;0,014486922;0,002816901
011403;0,043713873;0,858644436;1978,226624;0,055167055;0,179357679;0,097883598;0,091168091;8,78;4,717015141;0,177023121;0,706286127;0,031069364;0,049855491;0,00433526
011404;0,064003436;0,816573155;1977,724323;0,05072;0,17376;0,103522868;0,09648;7,82;4,581656528;0,240979381;0,629725086;0,030068729;0,045532646;0,003865979
011405;0,039361702;0,848614072;1978,58365;0,061667301;0,21850019;0,11361805;0,062809288;7,77;4,597328244;0,182978723;0,682978723;0,04787234;0,034042553;0,00212766
011407;0,03548525;0,863500214;1973,598654;0,043552652;0,263026909;0,102309059;0,068439882;7,713333333;4,629209737;0,152201796;0,749893117;0,045318512;0,017101325;0,002565199
011502;0,014264264;0,72754717;1974,151766;0,042220485;0,181652333;0,150492994;0,098514464;12,91;4,630168453;0,398648649;0,363363363;0,027027027;0,099099099;0,002252252
011503;0,025977179;0,751581509;1977,886748;0,049004193;0,134783368;0,1670282;0,110324948;11,97;4,553242118;0,422189852;0,340616655;0,011896091;0,110220927;0,002427774
011504;0,022241232;0,758147513;1974,628176;0,036069298;0,161317807;0,163206459;0,047997728;15,4;4,789634146;0,312232678;0,505560308;0,040205304;0,039349872;0
011507;0,038036267;0,852081488;1967,009073;0,048337484;0,158341878;0,147232038;0,051267028;11,94;4,673061864;0,252543123;0,62804069;0,03449801;0,023440955;0,002653693
011509;0,026320773;0,737781152;1972,485631;0,0432723;0,165261213;0,13973384;0,095447673;12,3825;4,677268748;0,40948684;0,375875781;0,021208105;0,099981064;0,001420186
011601;0,088052612;0,669590643;1970,3407;0,04237093;0,164647907;0,110116383;0,099019021;9,22;4,461631786;0,541955913;0,220679576;0,008525149;0,117403483;0,001583242
011702;0,034482759;0,945402299;1970,70018;0,014606742;0,321348315;0,126506024;0,037078652;4,31;4,545454545;0,025862069;0,942528736;0,017241379;0;0
011704;0,120300752;0,887218045;1976,608216;0,034557235;0,225701944;0,103571429;0,073974082;6,32;4,697626419;0,084210526;0,822556391;0,064661654;0,004511278;0,003007519
011705;0,056971514;0,920300752;1977,294801;0,023622047;0,246344207;0,099868594;0,051181102;6,9;4,781979978;0,029985007;0,91904048;0,031484258;0,004497751;0,004497751
011706;0,115928369;0,791509434;1975,43832;0,042851999;0,19985596;0,08431085;0,089665106;6,22;4,586206897;0,194156456;0,687087653;0,065032988;0,029217719;0
011708;0,033653846;0,925480769;1960,710072;0,029486099;0,235046335;0,127468582;0,046335299;7,45;4,654761905;0,033653846;0,908653846;0,033653846;0,002403846;0,002403846
011710;0,069469835;0,908424908;1975,46778;0,041827542;0,216859717;0,106648199;0,057915058;7,525;4,565270936;0,060329068;0,87202925;0,040219378;0,005484461;0,001828154
011711;0,107344633;0,893785311;1965,582222;0,038826575;0,242881795;0,087562189;0,050474547;5,935;4,734724292;0,054237288;0,849717514;0,08700565;0,003389831;0,001129944
011801;0,041666667;0,854166667;1976,457399;0,047169811;0,18917577;0,064182195;0,080933466;8,75;4,522083805;0,155555556;0,6875;0,081944444;0,016666667;0,002777778
011804;0,023084995;0,819517314;1986,081208;0,05752381;0,160761905;0,139967638;0,093714286;12,17;4,637800687;0,208814271;0,534102833;0,065057712;0,093389297;0,003147954
011805;0,018808777;0,920062696;1975,414634;0,03767313;0,280886427;0,100253807;0,047091413;7,99;4,677300613;0,10031348;0,802507837;0,067398119;0,010971787;0
011807;0,008226691;0,873488372;1975,216606;0,04398827;0,200391007;0,105720492;0,044639948;10,24;4,796242775;0,127056673;0,742230347;0,054844607;0,016453382;0,001828154
011810;0,022727273;0,934566145;1978,813651;0,051155927;0,202164289;0,115221987;0,033448106;8,66;4,585635359;0,112215909;0,754261364;0,076704545;0,002840909;0,002840909
011812;0,016883117;0,912987013;1977,769959;0,036951501;0,236489607;0,086258776;0,051732102;5,495;4,626964433;0,083116883;0,783116883;0,084415584;0,005194805;0,001298701
011813;0,048192771;0,951807229;1983,507426;0,043509529;0,174038116;0,073667712;0,044228695;7,4;4,505852843;0,064622125;0,757940854;0,083242059;0,009857612;0,006571742
011814;0,032355479;0,840172786;1976,698225;0,049693348;0,180846045;0,094117647;0,097656864;6,92;4,694278395;0,257118205;0,57161346;0,06686799;0,049611734;0,003451251
011901;0,02300885;0,97699115;1976,165113;0,019876628;0,306374229;0,081775701;0,037697053;9,38;4,362652233;0,02300885;0,946902655;0,021238938;0,001769912;0
011902;0,189596683;0,78805175;1976,699853;0,045397577;0,186742793;0,087941176;0,06907116;7,65;4,750278293;0,198643046;0,65397663;0,068224651;0,044101018;0,001130795
011903;0,091666667;0,93125;1976,001277;0,017517136;0,269611577;0,061538462;0,047981721;7,71;4,657726692;0,039583333;0,925;0,022916667;0,004166667;0
011905;0,038147139;0,931880109;1971,914855;0,021555764;0,293345829;0,082294264;0,031865042;10,9;4,433823529;0,016348774;0,931880109;0,035422343;0,005449591;0
011906;0,17211704;0,775416427;1973,225118;0,035601432;0,219928376;0,091157703;0,081946493;7,69;4,497827137;0,162363741;0,733218589;0,049340218;0,027538726;0,00172117
011907;0,166666667;0,926100629;1977,954861;0,025114155;0,229452055;0,065891473;0,044520548;5,5;4,853317811;0,066037736;0,878930818;0,040880503;0,004716981;0,003144654
011910;0,193918245;0,724053123;1970,579413;0,04059869;0,173620206;0,07284041;0,089616464;7,26;4,602138436;0,258225324;0,592721834;0,036889332;0,075274177;0,000498504
020102;0,144578313;0,896385542;1960,822122;0,024875622;0,356218905;0,147208122;0,03880597;6,99;4,734375;0,438554217;0,491566265;0;0,004819277;0,002409639
020103;0,123989218;0,871584699;1943,12481;0,019058296;0,325112108;0,168539326;0,028026906;10,78;4,370550162;0,35309973;0,547169811;0;0,016172507;0
020104;0,213464696;0,853858785;1968,229614;0,033063428;0,300944669;0,186356073;0,039811066;8,05;4,831001076;0,290640394;0,586206897;0,003284072;0,02955665;0,001642036
020106;0,307790549;0,848381601;1977,217762;0,041510718;0,215039129;0,130368681;0,077407281;8,57;4,745757285;0,50617284;0,404853129;0,008939974;0,012345679;0,001277139
020203;0,265822785;0,869198312;1976,636919;0,041118421;0,254934211;0,066371681;0,032894737;7,59;4,262376238;0,160337553;0,691983122;0,11814346;0,004219409;0
020205;0,119863014;0,888888889;1954,270042;0,023041475;0,397849462;0,208333333;0,02764977;10,27;4,655853315;0,150684932;0,794520548;0;0,003424658;0
020206;0,029787234;0,906382979;1957,692053;0,011299435;0,559322034;0,209302326;0,009416196;5,96;4,434482759;0,055319149;0,927659574;0;0,004255319;0
020208;0,192982456;0,828947368;1958,9511;0,037313433;0,281716418;0,184549356;0,009328358;19,74;4,706896552;0,118421053;0,837719298;0,004385965;0,013157895;0
020209;0,280072904;0,808626974;1966,377271;0,046305182;0,240882917;0,113402062;0,065259117;9,235;4,868268803;0,424665857;0,487241798;0,017618469;0,020048603;0,001215067
020210;0,054892601;0,866348449;1958,617758;0,023036649;0,392670157;0,129692833;0,020942408;11,51;4,697732997;0,143198091;0,811455847;0;0,002386635;0,002386635
020301;0,180722892;0,733197556;1960,745853;0,034154091;0,297855441;0,094594595;0,0675139;10,04;4,774731824;0,495983936;0,419678715;0,004016064;0,024096386;0,002008032
020302;0,145877378;0,801268499;1977,283715;0,040963855;0,265863454;0,106813996;0,049799197;8,88;4,448717949;0,458773784;0,467230444;0,002114165;0,023255814;0
020401;0,209401709;0,86039886;1961,814181;0,042529989;0,248636859;0,164540816;0,045801527;9,83;4,883074407;0,800569801;0,121082621;0;0,028490028;0,001424501
020502;0,159383033;0,784061697;1951,433099;0,037694013;0,249445676;0,095923261;0,029933481;12,08;4,572443182;0,42159383;0,473007712;0;0,043701799;0
020503;0,225925926;0,85;1951,801986;0,038431975;0,269023828;0,11559633;0,083013067;9,63;3,868932039;0,448148148;0,407407407;0,005555556;0,025925926;0
020504;0,146953405;0,863554758;1982,452351;0,036075036;0,252525253;0,162393162;0,038961039;9,14;4,843554443;0,288530466;0,632616487;0;0,012544803;0,001792115
020506;0,277777778;0,795321637;1962,7577;0,041213509;0,234115627;0,134760705;0,065827132;10,09;4,589098532;0,558479532;0,383040936;0,002923977;0,007309942;0,001461988
020510;0,25;0,858181818;1978,625382;0,033564815;0,327546296;0,112947658;0,039351852;10,71;4,679012346;0,553571429;0,389285714;0;0,014285714;0,003571429
020516;0,251121076;0,748878924;1950,653947;0,049209139;0,228471002;0,111524164;0,04745167;10,76;4,851648352;0,506726457;0,399103139;0;0,022421525;0
020519;0,144303797;0,817258883;1934,648448;0,037790698;0,338178295;0,088235294;0,03003876;9,12;4,668956044;0,275949367;0,670886076;0;0,002531646;0
020520;0,352350637;0,775700935;1968,817268;0,059552681;0,169675739;0,112306531;0,139315548;11,35;4,675620438;0,702497551;0,24387855;0,001469148;0,009304603;0,000734574
020521;0,368729989;0,758995369;1965,878387;0,049661077;0,196004281;0,110947616;0,165822333;8,015;4,682484076;0,817680541;0,125222341;0,001245109;0,016720028;0,001778726
020522;0,193078324;0,791896869;1943,857143;0,045857988;0,284023669;0,14638448;0,034023669;13,455;4,806243272;0,327868852;0,615664845;0,001821494;0,009107468;0,001821494
020523;0,199519231;0,857487923;1955,216163;0,031600408;0,307849134;0,098984772;0,04587156;9,92;4,123489933;0,435096154;0,4375;0,002403846;0,019230769;0
020524;0,202479339;0,797520661;1944,195853;0,036713287;0,251748252;0,128514056;0,059440559;13,165;4,641826923;0,446280992;0,475206612;0;0,016528926;0
020603;0,157142857;0,88172043;1963,616109;0,029275809;0,342064715;0,116731518;0,038520801;11,43;4,666666667;0,307142857;0,607142857;0;0,039285714;0,003571429
020604;0,190123457;0,881188119;1941,462891;0,024390244;0,307529162;0,121813031;0,016967126;10,62;4,585333333;0,22962963;0,701234568;0,004938272;0,004938272;0
020605;0,205479452;0,821917808;1938,813019;0,038461538;0,301775148;0,132352941;0,023668639;8,22;4,601123596;0,123287671;0,760273973;0;0,01369863;0
020606;0,251212415;0,803588749;1969,198335;0,039468762;0,215862327;0,097244094;0,095959596;9,71;4,741710875;0,416100873;0,48157129;0,008729389;0,034917556;0,002909796
020701;0,235245902;0,755573906;1963,300332;0,045674531;0,222323049;0,125247198;0,084996975;10,49;4,649211712;0,645081967;0,286885246;0,009836066;0,012295082;0
020702;0,153110048;0,859223301;1972,906593;0,043993232;0,225042301;0,207272727;0,021996616;8,61;4,20754717;0,397129187;0,559808612;0;0,014354067;0
020703;0,115384615;0,865168539;1979,208831;0,027237354;0,43385214;0,128205128;0,042801556;6,04;4,631961259;0,417582418;0,505494505;0;0,005494505;0
020704;0,111650485;0,861386139;1986,292763;0,025695931;0,327623126;0,256830601;0,025695931;7,77;4,763636364;0,368932039;0,504854369;0,004854369;0,029126214;0
020803;0,229927007;0,855575868;1971,940523;0,038632987;0,281575037;0,193220339;0,021545319;8,94;4,825439783;0,319343066;0,635036496;0,001824818;0,005474453;0,001824818
020804;0,295652174;0,851528384;1983,440141;0,02398524;0,249077491;0,149466192;0,029520295;7,39;4,472772277;0,430434783;0,47826087;0;0,039130435;0
020807;0,220858896;0,788501027;1940,734487;0,038304808;0,246943765;0,175843694;0,033414833;12,55;4,478368356;0,400817996;0,539877301;0;0,008179959;0
020808;0,28040201;0,772634791;1957,910865;0,042412451;0,271011673;0,154015887;0,072568093;10,43;4,599857854;0,547236181;0,366834171;0,00201005;0,02361809;0,001507538
020901;0,140883978;0,828729282;1927,664018;0,025912839;0,325088339;0,101910828;0,029446408;12,71;4,763968073;0,157458564;0,79281768;0;0;0
020902;0,225974026;0,784415584;1963,156707;0,028004667;0,383897316;0,248062016;0,019836639;19,48;4,613152805;0,218181818;0,651948052;0,002597403;0,002597403;0
020903;0,093167702;0,919254658;1968,086161;0,023880597;0,444776119;0,085106383;0,026865672;9,32;4,030247479;0,223602484;0,683229814;0;0,00621118;0
020904;0,255226481;0,778552746;1955,520974;0,027620397;0,277620397;0,113672496;0,061260623;12,89;4,713799806;0,398954704;0,493031359;0,00174216;0,024390244;0,00087108
020905;0,175384615;0,92;1970,719249;0,031367629;0,39272271;0,127819549;0,030112923;8,31;4,727187206;0,236923077;0,698461538;0;0,015384615;0,003076923
020906;0,227272727;0,871900826;1935,251534;0,019400353;0,366843034;0,1;0,0335097;10,33;4,80698152;0,227272727;0,719008264;0;0,016528926;0
020910;0,095723014;0,932653061;1962,735677;0,012440191;0,434449761;0,079411765;0,014354067;7,746666667;4,825591586;0,226069246;0,700610998;0,00610998;0,00814664;0,00203666
021001;0,253715499;0,889128095;1968,710387;0,046021841;0,257800312;0,245595855;0,023400936;8,6;4,548099762;0,645435244;0,307855626;0,001061571;0,005307856;0,001061571
021002;0,217647059;0,923303835;1952,199768;0,045045045;0,277027027;0,227129338;0,021396396;15;4,659756098;0,467647059;0,494117647;0;0,008823529;0
021008;0,205063291;0,839895013;1945,906316;0,053307009;0,248766041;0,258974359;0,027640671;11,9;4,367032967;0,496202532;0,473417722;0;0,005063291;0
021009;0,409642118;0,773226477;1966,633312;0,051409806;0,213792323;0,171618852;0,070886649;12,16333333;4,708025933;0,724341911;0,236616386;0,003253475;0,004436557;0,001478852
021010;0,323489933;0,912634409;1966,395781;0,034206307;0,282736505;0,243319269;0,024051309;8,375;4,536952256;0,587919463;0,373154362;0,002684564;0,004026846;0,001342282
021102;0,026960784;0,764127764;1977,602228;0,020408163;0,336197637;0,14084507;0,051557465;11,76;4,704225352;0,139705882;0,764705882;0,00245098;0,007352941;0,004901961
021103;0,022813688;0,765714286;1958,535308;0,016493056;0,409722222;0,187116564;0,026909722;6,46;4,458429561;0,220532319;0,655893536;0,003802281;0,009505703;0
021106;0,026166098;0,804794521;1960,9806;0,032679739;0,302664656;0,157125457;0,03670186;9,9;4,625;0,194539249;0,711035267;0,002275313;0,010238908;0,001137656
021107;0,029612756;0,772209567;1951,5762;0,024850895;0,399602386;0,154545455;0,031809145;12,3;4,061538462;0,157175399;0,683371298;0,002277904;0,020501139;0,004555809
021111;0,045543585;0,74962963;1985,303712;0,057245081;0,185648976;0,146994296;0,072947724;15,33;4,790559638;0,307541626;0,55582762;0,005876592;0,015670911;0,002938296
021115;0;0,673170732;1929,920538;0,018648019;0,370629371;0,025862069;0,023310023;7,32;3,1425;0,136585366;0,6;0;0;0
021116;0,030844156;0,767100977;1981,838255;0,052663809;0,200857318;0,107098381;0,056950398;10,23;4,378116343;0,189935065;0,650974026;0,01461039;0,016233766;0,001623377
021117;0,029411765;0,748603352;1985,574091;0,044985251;0,231563422;0,173579109;0,047935103;13,05;4,826750449;0,277573529;0,553308824;0,007352941;0,022058824;0,005514706
021118;0,042386185;0,847575058;1955,553333;0,029217719;0,319509896;0,139810427;0,049010368;10,3;4,598708487;0,155416013;0,786499215;0;0,009419152;0
021119;0,037878788;0,807594937;1947,717292;0,025200458;0,367697595;0,16730038;0,022909507;6,46;4,53364817;0,184343434;0,608585859;0,005050505;0,005050505;0,005050505
021120;0,044798785;0,734196497;1967,710331;0,034305867;0,26194293;0,09986413;0,082077589;8,88;4,673563218;0,395596052;0,47911921;0,01063022;0,022779043;0,000759301
021121;0,017169019;0,739953632;1976,645232;0,033079671;0,236993322;0,126397516;0,053113838;11,785;4,71621284;0,262876765;0,490652423;0,016024418;0,02022129;0,00305227
021122;0,088709677;0,830357143;1941,343348;0,007640879;0,29417383;0,200902935;0,009551098;8,87;4,484716157;0,217741935;0,677419355;0,008064516;0,02016129;0
021203;0,189830508;0,796264856;1966,657953;0,03375087;0,262352122;0,113122172;0,060542797;8,56;4,637183099;0,315254237;0,644067797;0,004237288;0,010169492;0,003389831
021206;0,046511628;0,864583333;1949,708955;0,011764706;0,46;0,077235772;0,023529412;8,79;4,420979021;0,131782946;0,790697674;0;0;0
021207;0,113207547;0,830188679;1966,492407;0,015697138;0,373961219;0,149758454;0,024930748;8,85;4,520808561;0,257861635;0,658280922;0,002096436;0,01048218;0,006289308
021208;0,08984375;0,8359375;1948,043403;0,024054983;0,359106529;0,207964602;0,005154639;10,5;4,644599303;0,2421875;0,6796875;0,0078125;0,0078125;0
021302;0,219679634;0,862385321;1936,259524;0,027911453;0,327237729;0,270833333;0,024061598;9,61;4,586374696;0,345537757;0,599542334;0,004576659;0,009153318;0
021303;0,228675136;0,895852535;1937,307394;0,033309958;0,285063114;0,253355705;0,031907433;12,34;4,784251969;0,221415608;0,727767695;0,00907441;0,007259528;0,000907441
021307;0,226643599;0,84083045;1961,665929;0,031528444;0,274845785;0,237347295;0,051405072;7,61;4,540358744;0,558823529;0,403114187;0,003460208;0,010380623;0
021308;0,303511706;0,806560135;1954,583455;0,041232151;0,226857051;0,135359116;0,088240013;11,235;4,645721125;0,52048495;0,397157191;0,005852843;0,023411371;0,00083612
021309;0,158268734;0,886584576;1954,533296;0,032178218;0,26460396;0,263480392;0,034158416;8,905;4,760167237;0,330103359;0,609819121;0,007751938;0,010981912;0
021401;0,139830508;0,81104034;1973,494658;0,03214596;0,284100782;0,156908665;0,015638575;11,23;4,496191513;0,379237288;0,569915254;0;0,004237288;0
021402;0,156164384;0,857534247;1942,101632;0,041387025;0,280760626;0,177835052;0,029082774;8,77;4,382660688;0,290410959;0,671232877;0;0,01369863;0,002739726
021403;0,313743219;0,812672176;1957,071476;0,04866509;0,224062183;0,128321944;0,092598851;12,84;4,723404255;0,553345389;0,380650995;0,003616637;0,009041591;0,000904159
021404;0,271978022;0,888888889;1960,316308;0,046336207;0,230603448;0,145679012;0,051724138;13,74;4,540540541;0,39010989;0,53021978;0,005494505;0,019230769;0
030102;0,092436975;0,831932773;1982,815868;0,038157895;0,184210526;0,114197531;0,047368421;8,82;4,73030303;0,193277311;0,579831933;0,159663866;0,025210084;0
030104;0,132;0,864;1989,99187;0,087516088;0,092664093;0,11311054;0,108108108;8;4,830136986;0,184;0,564;0,212;0,012;0
030105;0,107526882;0,856630824;1969,279867;0,048387097;0,176267281;0,155913978;0,035714286;6,45;4,801781737;0,164874552;0,702508961;0,096774194;0,007168459;0
030107;0,056680162;0,825910931;1985,593664;0,043715847;0,148907104;0,136986301;0,069672131;4,86;4,658402204;0,141700405;0,587044534;0,174089069;0,044534413;0
030108;0,053571429;0,93452381;1982,625984;0,041338583;0,198818898;0,102150538;0,041338583;10,71;4,692913386;0,101190476;0,672619048;0,160714286;0,005952381;0
030111;0,053061224;0,901639344;1961,221354;0,048746518;0,165738162;0,118243243;0,050139276;12,24;4,637119114;0,146938776;0,640816327;0,163265306;0,012244898;0,004081633
030112;0,056818182;0,943181818;1984,104396;0,034111311;0,206463196;0,133928571;0,039497307;5,11;4,864468864;0,073863636;0,755681818;0,125;0,017045455;0
030113;0,135181976;0,864818024;1983,421089;0,045026178;0,121465969;0,122787611;0,069109948;10,92;4,525946704;0,20797227;0,499133449;0,17677643;0,045060659;0,001733102
030118;0,113095238;0,862686567;1979,651911;0,058718861;0,137900356;0,140740741;0,06405694;11,01;4,775257732;0,166666667;0,470238095;0,244047619;0,041666667;0,008928571
030119;0,042307692;0,892307692;1983,156751;0,023684211;0,292105263;0,174657534;0,042105263;7,31;4,529816514;0,080769231;0,780769231;0,092307692;0,015384615;0
030120;0,042944785;0,938650307;1965,923214;0,034693878;0,236734694;0,177777778;0,042857143;10,43;4,817857143;0,061349693;0,82208589;0,110429448;0,006134969;0
030125;0,112138728;0,828901734;1986,2917;0,04596835;0,125470987;0,13375295;0,063300678;7,885;4,649758454;0,205780347;0,553757225;0,161849711;0,027745665;0,003468208
030126;0,051344743;0,86797066;1969,582803;0,02274642;0,249368155;0,18647541;0,053917439;7,63;4,711256117;0,158924205;0,655256724;0,078239609;0,041564792;0
030127;0,107073329;0,708630759;1984,110381;0,05751148;0,144762738;0,151529194;0,069538596;11,16;4,75408805;0,266709929;0,476963011;0,120051914;0,051914341;0,001946788
030128;0,065989848;0,908629442;1982,289735;0,04313099;0,196485623;0,146153846;0,023961661;10,87;4,764900662;0,101522843;0,746192893;0,111675127;0,010152284;0
030129;0,078125;0,9375;1980,485531;0,055813953;0,231007752;0,127192982;0,020155039;18,51333333;4,41;0,057291667;0,880208333;0,026041667;0,005208333;0,005208333
030201;0,16828479;0,866883117;1985,861891;0,041996047;0,121047431;0,119345525;0,070158103;12,14;4,887573964;0,349514563;0,396440129;0,09223301;0,042071197;0
030202;0,0625;0,819078947;1982,680124;0,049382716;0,157126824;0,125874126;0,022446689;12,83;4,826086957;0,25;0,470394737;0,115131579;0,016447368;0,003289474
030203;0,093877551;0,824489796;1979,043321;0,040506329;0,140506329;0,10723192;0,062025316;9,8;4,526315789;0,32244898;0,355102041;0,106122449;0,048979592;0
030205;0,092936803;0,866171004;1981,244792;0,038335159;0,127053669;0,09030837;0,038335159;9,67;4,549295775;0,19330855;0,468401487;0,141263941;0,022304833;0
030206;0,03358209;0,894736842;1973,34691;0,05420354;0,14380531;0,106060606;0,037610619;11,94;4,963483146;0,22761194;0,597014925;0,093283582;0,014925373;0
030208;0,118935837;0,835680751;1987,236842;0,048484848;0,128205128;0,135779817;0,036363636;15,02;4,751846381;0,292644757;0,348982786;0,0657277;0,042253521;0,00312989
030209;0,087280702;0,696436428;1977,621362;0,048130841;0,100623053;0,156692217;0,072040498;15,99;4,658705217;0,534649123;0,184210526;0,018640351;0,121491228;0,000219298
030210;0,079510703;0,86196319;1980,063218;0,049309665;0,129191321;0,173913043;0,051282051;10,09;4,34502924;0,333333333;0,354740061;0,076452599;0,033639144;0
030212;0,041825095;0,874524715;1973,878223;0,040428062;0,154577883;0,100490196;0,053507729;10,65;4,60982659;0,216730038;0,551330798;0,136882129;0,022813688;0,007604563
030213;0,128164557;0,632911392;1961,371355;0,040426727;0,193711398;0,106981982;0,098820887;9,49;4,66148532;0,439873418;0,237341772;0,055379747;0,139240506;0
030215;0,018739353;0,850085179;1977,826873;0,048032703;0,160960654;0,09602649;0,036791007;14,48;4,757457847;0,293015332;0,30834753;0,105621806;0,059625213;0,001703578
030216;0,106132075;0,85106383;1987,708779;0,042307692;0,146923077;0,121510673;0,062307692;9,91;4,586813187;0,301886792;0,400943396;0,117924528;0,04245283;0
030218;0,076691729;0,862951807;1984,793079;0,054018445;0,124286342;0,108370044;0,03030303;14,44;4,460856721;0,216541353;0,535338346;0,091729323;0,02556391;0,001503759
030220;0,109090909;0,829545455;1973,331622;0,030194105;0,186915888;0,078341014;0,041696621;10,23;4,329831933;0,35;0,377272727;0,068181818;0,031818182;0,004545455
030221;0,041666667;0,902777778;1980,379699;0,05065123;0,13024602;0,13372093;0,005788712;12,04;4,203007519;0,189814815;0,490740741;0,083333333;0,027777778;0
030224;0,049429658;0,919847328;1980,222071;0,048484848;0,19030303;0,111405836;0,036363636;11,41;4,896457766;0,133079848;0,505703422;0,117870722;0,007604563;0
030228;0,028462998;0,899239544;1974,387462;0,0448;0,136533333;0,065049614;0,020266667;15,37;4,297709924;0,263757116;0,30740038;0,058823529;0,011385199;0
030234;0,041474654;0,920560748;1967,181992;0,04483188;0,115815691;0,099502488;0,00871731;16,59;4,796153846;0,207373272;0,285714286;0,069124424;0,02764977;0,004608295
030235;0,0456621;0,868501529;1984,670775;0,055175559;0,13999088;0,120040692;0,042407661;12,18;4,808009423;0,146118721;0,616438356;0,100456621;0,02130898;0,00304414
030237;0,049145299;0,826923077;1980,977401;0,034300792;0,142480211;0,101152369;0,040897098;12,18;4,824858757;0,282051282;0,290598291;0,072649573;0,044871795;0
030242;0,098092643;0,871934605;1976,692568;0,048780488;0,139260425;0,133550489;0,040912667;11,72;4,485193622;0,239782016;0,40599455;0,076294278;0,04359673;0
030243;0,093837535;0,806722689;1977,573699;0,047267997;0,121856028;0,113240418;0,034258456;15,55;4,699564586;0,275910364;0,394957983;0,075630252;0,054621849;0,00140056
030244;0,044827586;0,848275862;1979,488034;0,048967835;0,119539126;0,101090188;0,034085454;17,76;4,777015437;0,325862069;0,353448276;0,082758621;0,022413793;0,001724138
030245;0,111320755;0,811320755;1983,22491;0,052260716;0,113916618;0,128121607;0,067527892;11,13;4,590909091;0,373584906;0,311320755;0,077358491;0,090566038;0
030247;0,088365243;0,706921944;1984,88685;0,046736842;0,090947368;0,105134474;0,022736842;18,11;4,578461538;0,322533137;0,332842415;0,057437408;0,041237113;0
030252;0,053156146;0,843853821;1982,347095;0,048648649;0,125405405;0,11627907;0,042162162;9,63;4,678899083;0,19269103;0,495016611;0,079734219;0,03986711;0,003322259
030254;0,07028754;0,894230769;1973,894958;0,056772908;0,15438247;0,121338912;0,028884462;8,31;4,329577465;0,239616613;0,45686901;0,076677316;0,022364217;0
030255;0,028571429;0,885714286;1982,060302;0,040074557;0,147250699;0,108527132;0,01584343;16,83;4,738693467;0,120634921;0,507936508;0,13015873;0,012698413;0,003174603
030256;0,009708738;0,936893204;1980,232601;0,041176471;0,145588235;0,116666667;0,020588235;15,05;4,842490842;0,101941748;0,747572816;0,058252427;0,009708738;0
030257;0,004347826;0,943478261;1976,137011;0,034117647;0,141176471;0,096296296;0,016470588;16,52;4,743589744;0,247826087;0,217391304;0,108695652;0,017391304;0
030259;0,067357513;0,81865285;1987,932398;0,04400607;0,108497724;0,114245416;0,028831563;19,17;4,707692308;0,308290155;0,357512953;0,088082902;0,028497409;0,002590674
030260;0,041254125;0,850498339;1982,614634;0,061177816;0,118353345;0,1132287;0,041166381;8,75;4,758223684;0,234323432;0,556105611;0,067656766;0,01650165;0
030261;0,060702875;0,800963082;1988,125385;0,051496479;0,117957746;0,151730257;0,02596831;16,29;3,955414013;0,298722045;0,35942492;0,075079872;0,049520767;0,004792332
030263;0,05764411;0,85678392;1978,133333;0,039724981;0,103132162;0,103004292;0,032085561;11,78;4,793548387;0,258145363;0,446115288;0,047619048;0,032581454;0
030264;0,0512;0,830917874;1982,894654;0,049256506;0,12964684;0,124634859;0,024163569;17,6;4,194312796;0,2304;0,4944;0,0784;0,024;0
030265;0,101832994;0,83095723;1981,988281;0,041132839;0,128792987;0,130779392;0,037086986;9,16;4,711764706;0,33197556;0,33197556;0,118126273;0,099796334;0,00203666
030268;0,089010989;0,840659341;1982,379651;0,047539337;0,109139605;0,133203379;0,049213257;13,41;4,533255543;0,310989011;0,421978022;0,053846154;0,051648352;0,002197802
030272;0,093650794;0,766666667;1981,858974;0,049740933;0,116580311;0,170779862;0,029015544;14,44;4,393782383;0,317460317;0,358730159;0,055555556;0,071428571;0,001587302
030277;0,086432161;0,780904523;1976,429074;0,041652893;0,153719008;0,153794038;0,032066116;11,86;4,36809816;0,359798995;0,28040201;0,099497487;0,08241206;0,00201005
030279;0,09540636;0,876325088;1980,124172;0,035049288;0,168674699;0,082608696;0,036144578;10,25;4,731788079;0,318021201;0,459363958;0,091872792;0,010600707;0,003533569
030282;0,101616628;0,801385681;1979,646535;0,053521127;0,121830986;0,117231638;0,041549296;10,39;4,469184891;0,302540416;0,436489607;0,115473441;0,053117783;0
030283;0,141965679;0,778471139;1983,935403;0,053571429;0,120273109;0,135864136;0,050420168;10,3;4,688888889;0,335413417;0,310452418;0,095163807;0,040561622;0
030287;0,036931818;0,875;1969,370892;0,049289891;0,192147034;0,094991364;0,029239766;17,05;4,783529412;0,340909091;0,309659091;0,076704545;0,039772727;0,002840909
030290;0,056277056;0,9004329;1980,172767;0,044642857;0,239010989;0,088607595;0,050824176;6,54;4,769687964;0,138528139;0,564935065;0,222943723;0,012987013;0
030291;0,101234568;0,901234568;1972,689888;0,050764951;0,133518776;0,106891702;0,043810848;15,32333333;4,797752809;0,172839506;0,582716049;0,081481481;0,019753086;0
030292;0,077380952;0,818;1979,209244;0,03938265;0,157530601;0,128760529;0,035125067;13,04;4,334459459;0,287698413;0,410714286;0,081349206;0,023809524;0,001984127
030293;0,130783632;0,758574491;1975,866753;0,045012604;0,161415196;0,134292566;0,116222542;10,1775;4,569456812;0,492912543;0,191227601;0,039315325;0,15057502;0,003209414
030294;0,096842105;0,877894737;1974,08256;0,034188034;0,145956607;0,14848883;0,026298488;14,26;4,733208955;0,202105263;0,551578947;0,124210526;0,018947368;0,002105263
030295;0,10177706;0,890145396;1978,71345;0,046237088;0,128381702;0,120640905;0,034923758;12,36;4,608370703;0,305331179;0,423263328;0,093699515;0,022617124;0,003231018
030296;0,051587302;0,892857143;1964,46519;0,04088785;0,162772586;0,078202995;0,029984424;11,978;4,564784053;0,256613757;0,384920635;0,087301587;0,025132275;0,001322751
030297;0,060606061;0,914600551;1976,887309;0,02897351;0,156456954;0,098846787;0,033940397;10,33;4,681318681;0,209366391;0,630853994;0,055096419;0,005509642;0,005509642
030298;0,071428571;0,932900433;1974,644042;0,048261178;0,171753016;0,102446483;0,038325053;9,11;4,464012251;0,151515152;0,61038961;0,147186147;0,038961039;0,004329004
030299;0,097852029;0,870813397;1979,790909;0,049062049;0,139249639;0,161849711;0,053391053;11,1;4,553752535;0,362768496;0,343675418;0,081145585;0,066825776;0,002386635
0302FA;0,038525963;0,899328859;1973,374841;0,043562439;0,148112294;0,089197225;0,037270087;13,33333333;4,489664083;0,252931323;0,363484087;0,067001675;0,020100503;0,003350084
0302FB;0,058737151;0,906020558;1972,302257;0,063028765;0,130287648;0,096713615;0,032571912;12,255;4,601674641;0,209985316;0,415565345;0,110132159;0,016152717;0,004405286
0302FC;0,086834734;0,882352941;1964,997674;0,058823529;0,14789916;0,09009009;0,031932773;13,095;4,83490566;0,263305322;0,397759104;0,1232493;0,019607843;0
0302FD;0,098958333;0,810763889;1981,153237;0,03914405;0,137787056;0,126582278;0,02348643;12,81;4,399702823;0,210069444;0,453125;0,069444444;0,010416667;0,003472222
0302FE;0,099857347;0,80171184;1986,597127;0,051139005;0,139470014;0,099906629;0,037656904;10,015;4,741758242;0,300998573;0,392296719;0,105563481;0,025677603;0,001426534
0302FF;0,101895735;0,90521327;1984,955734;0,047887324;0,125352113;0,082321188;0,01971831;12,435;4,528571429;0,182464455;0,452606635;0,073459716;0,016587678;0,002369668
0302FG;0,112561175;0,826264274;1978,879734;0,039328789;0,156528579;0,104477612;0,068432092;11,4125;4,699644128;0,283034258;0,451060359;0,080750408;0,041598695;0,002446982
0302FH;0,039113429;0,89178618;1976,211538;0,053042122;0,1524961;0,090322581;0,032371295;15,75;4,37033195;0,179921773;0,546284224;0,070404172;0,039113429;0
030301;0,08114962;0,72927242;1978,438596;0,037186742;0,163567771;0,120469083;0,06305578;11,75;4,5046875;0,251901944;0,435333897;0,137785292;0,036348267;0,002535926
030312;0,068862275;0,799401198;1980,680247;0,035563082;0,150719729;0,101836394;0,057578323;11,68;4,519083969;0,25748503;0,535928144;0,110778443;0,02994012;0
030313;0,102661597;0,646387833;1983,642992;0,044470451;0,128730252;0,118937644;0,058513751;13,12;4,90530303;0,313688213;0,423954373;0,100760456;0,030418251;0,003802281
030315;0,116710875;0,631299735;1983,003012;0,04590985;0,114357262;0,134069401;0,030050083;9,28;4,762345679;0,381962865;0,374005305;0,071618037;0,045092838;0,00530504
030319;0,115866388;0,687206266;1985,229712;0,049754067;0,126560726;0,104587156;0,200340522;9,66;4,774695535;0,430584551;0,198329854;0,097599165;0,200939457;0,005741127
030322;0,105058366;0,696498054;1989,077626;0,059382423;0,091448931;0,108796296;0,047505938;11,28;4,840182648;0,326848249;0,443579767;0,050583658;0,042801556;0
030325;0,108923885;0,724409449;1987,217497;0,036520312;0,141567501;0,139900662;0,054164957;9,84;4,640296663;0,364829396;0,329396325;0,131233596;0,05511811;0,001312336
030330;0,073275862;0,773706897;1984,600823;0,04799474;0,120973044;0,188387097;0,045364892;15,52;4,621848739;0,282327586;0,394396552;0,109913793;0,040948276;0,002155172
030331;0,146410401;0,800452233;1983,089192;0,043160205;0,145757132;0,102106391;0,118507681;8,25;4,564873418;0,325607688;0,310910119;0,177501413;0,073487846;0,002261164
030334;0,054131054;0,868945869;1982,667695;0,041441441;0,155855856;0,10707804;0,02972973;17,09;4,528066528;0,0997151;0,774928775;0,082621083;0,005698006;0
030336;0,079726651;0,740318907;1984,293945;0,049962714;0,140939597;0,109985528;0,081282625;10,02;4,532934132;0,198177677;0,387243736;0,129840547;0,0523918;0
030338;0,101190476;0,75297619;1981,332542;0,04290718;0,181260946;0,099601594;0,059544658;8,63;4,816666667;0,300595238;0,351190476;0,113095238;0,05952381;0,005952381
030349;0,114754098;0,679327522;1967,687073;0,053792687;0,124433364;0,143042538;0,169915382;9,73;4,42966043;0,540776095;0,174932559;0,008507989;0,175970118;0,000830048
030351;0,111150193;0,624879036;1978,033824;0,05326901;0,12256258;0,14259377;0,202078132;10,46;4,464497041;0,571227577;0,136827295;0,009936687;0,188884981;0,000791418
030354;0,097152429;0,681742044;1981,061146;0,028161237;0,185532855;0,157225434;0,078409718;10,39;4,337025316;0,293132328;0,346733668;0,098827471;0,070351759;0,001675042
030355;0,078590786;0,875;1983,432184;0,055342045;0,108378171;0,116138763;0,037663336;12,74;4,751724138;0,146341463;0,707317073;0,10298103;0,005420054;0,002710027
030356;0,117962466;0,780160858;1982,706215;0,061242345;0,13648294;0,099173554;0,107611549;7,51;4,847457627;0,302949062;0,396782842;0,112600536;0,08310992;0,00536193
030357;0,118918919;0,783783784;1980,27356;0,04340124;0,143489814;0,105820106;0,029229407;12,97;4,841688654;0,156756757;0,52972973;0,118918919;0,018918919;0
030363;0,092783505;0,880412371;1981,126866;0,039215686;0,141176471;0,098573281;0,058169935;11,985;4,395622896;0,274226804;0,410309278;0,082474227;0,032989691;0
030364;0,10231625;0,623426382;1967,608177;0,048998079;0,148778479;0,16158704;0,120642328;10,80666667;4,482163406;0,587087361;0,13478023;0,013313879;0,127302572;0,000729528
030365;0,13258216;0,606237084;1968,372216;0,036361094;0,200545416;0,162979351;0,146703028;9,305;4,498324022;0,635117371;0,151549296;0,009014085;0,098591549;0,00056338
030366;0,11827957;0,815384615;1975,998641;0,046189376;0,172286374;0,127962085;0,066512702;12,035;4,51519337;0,305683564;0,419354839;0,115207373;0,024577573;0
030367;0,158955566;0,689876317;1980,573872;0,047219307;0,120971369;0,125140924;0,062509369;10,43333333;4,71758794;0,367384333;0,334860284;0,081997251;0,070087036;0,002748511
030368;0,067146283;0,779376499;1977,247748;0,047512992;0,171492205;0,102964119;0,05939124;16,75;4,689090909;0,194244604;0,633093525;0,088729017;0,03117506;0,002398082
030369;0,072390572;0,695286195;1978,794072;0,052038627;0,144313305;0,140724947;0,059549356;13,11333333;4,449346405;0,183501684;0,494949495;0,154882155;0,035353535;0,003367003
030370;0,105815832;0,797253635;1986,822972;0,048214751;0,135783164;0,11441765;0,113891061;10,015;4,609567901;0,311793215;0,389337641;0,161550889;0,051696284;0,004846527
030371;0,123631681;0,717559716;1982,765249;0,055749891;0,104722344;0,136810431;0,099038041;9,955;4,711835334;0,415325177;0,293303284;0,061171925;0,122343851;0,000965873
030372;0,08490566;0,779874214;1984,743363;0,055080722;0,133903134;0,131178707;0,042735043;17,945;4,520958084;0,191823899;0,462264151;0,100628931;0,034591195;0
030373;0,115808014;0,742844562;1983,619174;0,048934607;0,098897869;0,142818647;0,086554004;10,18;4,565974548;0,451343021;0,303390577;0,063848525;0,081902246;0,001321004
030374;0,127784291;0,785211268;1982,588502;0,043445833;0,121760209;0,127178346;0,080179004;8,563333333;4,737487232;0,335287222;0,30890973;0,152989449;0,092614302;0,002344666
030375;0,158957107;0,781986532;1985,249583;0,048309179;0,126140633;0,125383828;0,134192163;6,02;4,731932773;0,330529857;0,29352397;0,148023549;0,126156434;0,002523129
030376;0,088172043;0,71827957;1979,75641;0,04975812;0,147892191;0,12137931;0,05666897;11,85;4,565310493;0,243010753;0,533333333;0,098924731;0,025806452;0
030377;0,186396901;0,761248654;1988,241291;0,064118278;0,090929983;0,097907725;0,264899648;6,66;4,862041467;0,418209212;0,174989238;0,07533362;0,265174344;0,008394318
030378;0,202509983;0,751853965;1989,812332;0,052251901;0,114447261;0,092193571;0,329108988;5,315;4,930941704;0,344552196;0,144894467;0,081003993;0,387335995;0,003422704
030379;0,129456384;0,781487102;1979,904207;0,055811966;0,113162393;0,133915575;0,112735043;9,883333333;4,751050019;0,403539823;0,26068268;0,085714286;0,143362832;0,000505689
030380;0,12987013;0,766233766;1972,930905;0,043259557;0,154929577;0,089866157;0,076458753;12,08;4,598465473;0,269480519;0,448051948;0,155844156;0,016233766;0
030381;0,112810707;0,689655172;1978,947415;0,039240506;0,140506329;0,118214717;0,079746835;9,375;4,750896057;0,26959847;0,430210325;0,135755258;0,030592734;0,001912046
030401;0,005494505;0,967032967;1961,373786;0,03502627;0,220665499;0,086124402;0,047285464;13,74;4,844660194;0;0,950549451;0,043956044;0,005494505;0
030404;0,014184397;0,80141844;1977,922535;0,065031983;0,119402985;0,153465347;0,026652452;18,44;4,53960396;0,070921986;0,833333333;0,085106383;0;0,003546099
030405;0,010471204;0,926701571;1966,425076;0,036101083;0,274368231;0,147540984;0,050541516;7,33;4,407407407;0,02617801;0,842931937;0,115183246;0,005235602;0,005235602
030406;0,007843137;0,831372549;1967,973;0,028129395;0,239099859;0,210084034;0,028129395;10,59;4,712;0,043137255;0,921568627;0,02745098;0;0,003921569
030407;0,015184382;0,826464208;1979,442857;0,029179811;0,277602524;0,157894737;0,033123028;8,89;4,648018648;0,036876356;0,90021692;0,047722343;0,006507592;0
030408;0,021390374;0,689839572;1979,514831;0,0609319;0,20609319;0,208121827;0,019713262;12,3;4,55982906;0,021390374;0,898395722;0,07486631;0;0,005347594
030413;0,023346304;0,875486381;1965,620988;0,034210526;0,186842105;0,198555957;0,039473684;12,45;4,82962963;0,035019455;0,852140078;0,101167315;0,003891051;0
030415;0,01497006;0,931137725;1974,60474;0,032908705;0,282377919;0,127388535;0,036093418;13,17;4,500770416;0,020958084;0,922155689;0,053892216;0,002994012;0
030418;0,026385224;0,762532982;1978,18985;0,044763514;0,181587838;0,126953125;0,021959459;8,855;3,99609375;0,026385224;0,870712401;0,081794195;0,005277045;0,002638522
030419;0,039039039;0,737237237;1975,54215;0,044433594;0,172363281;0,191954023;0,065429688;14,44;4,506396588;0,088588589;0,774774775;0,078078078;0,031531532;0
030420;0,011363636;0,977272727;1964,588172;0,009501188;0,372921615;0,118881119;0,028503563;8,035;4,565502183;0;0,931818182;0,068181818;0;0
030421;0,035571365;0,774365821;1984,320738;0,053293856;0,157068838;0,135899183;0,064544782;12,81333333;4,636919755;0,106714095;0,752334371;0,08626056;0,030680302;0,00222321
030501;0,036319613;0,837378641;1972,902521;0,04400978;0,163814181;0,193612774;0,030969845;11,86;4,372659176;0,082324455;0,786924939;0,055690073;0,02905569;0
030502;0,038461538;0,788461538;1972,92132;0,0346651;0,220329025;0,168478261;0,05052879;8,04;4,430976431;0,087412587;0,758741259;0,101398601;0,015734266;0,003496503
030503;0,017369727;0,845771144;1972,089512;0,051777434;0,204018547;0,149193548;0,015455951;15,88;4,535447761;0,042183623;0,88337469;0,049627792;0,007444169;0
030508;0,030120482;0,795180723;1970,472656;0,040540541;0,225225225;0,215116279;0,031531532;11,45;4,572;0,162650602;0,698795181;0,042168675;0,012048193;0
030510;0,02020202;0,777777778;1973,081967;0,047750865;0,163321799;0,166134185;0,038754325;8,69;4,393220339;0,080808081;0,757575758;0,048484848;0,050505051;0,002020202
030515;0,025510204;0,821428571;1987,385768;0,052631579;0,189792663;0,161538462;0,012759171;12,24;4,752808989;0,066326531;0,892857143;0,025510204;0,005102041;0
030517;0,028103044;0,854800937;1974,881085;0,045930701;0,202256245;0,156934307;0,04109589;12,41;4,45915493;0,049180328;0,857142857;0,056206089;0,018735363;0
030518;0,032051282;0,782051282;1985,156182;0,034644195;0,209737828;0,159090909;0,016853933;10,9;4,207505519;0,03525641;0,91025641;0,044871795;0,003205128;0
030520;0,016917293;0,872180451;1971,684768;0,051181102;0,192257218;0,152542373;0,029527559;2,44;4,853723404;0,060150376;0,840225564;0,069548872;0,018796992;0
030521;0,018248175;0,777372263;1977,205682;0,049200492;0,191881919;0,304347826;0,017220172;12,04;4,406818182;0,01459854;0,890510949;0,072992701;0,010948905;0
030523;0,04199683;0,743264659;1976,014925;0,052316076;0,164032698;0,115163148;0,061035422;8,006666667;4,497439181;0,124405705;0,676703645;0,09429477;0,047543582;0,000792393
030524;0,010948905;0,788321168;1978,09276;0,030343008;0,208443272;0,248366013;0,014511873;8,985;4,71070615;0,010948905;0,941605839;0,040145985;0;0
030525;0,035010941;0,868708972;1972,675105;0,039364118;0,196063588;0,1565762;0,051476154;10,39;4,421289355;0,028446389;0,886214442;0,061269147;0,004376368;0
030526;0,036036036;0,885885886;1972,508787;0,043956044;0,197802198;0,176646707;0,021978022;16,7;4,312056738;0,078078078;0,852852853;0,039039039;0;0
030527;0,030257186;0,788199697;1972,88883;0,032093734;0,197147224;0,142156863;0,056036679;7,743333333;4,585825028;0,068078669;0,809379728;0,078668684;0,019667171;0
030601;0,024759285;0,902338377;1979,766725;0,043674021;0,18099955;0,110395584;0,054930212;8,39;4,869142352;0,16781293;0,478679505;0,18431912;0,060522696;0,001375516
030608;0,033180778;0,857961054;1981,262248;0,049150705;0,158294181;0,11286844;0,06938923;7,78;4,474038462;0,226544622;0,541189931;0,110983982;0,042334096;0,005720824
030610;0,018808777;0,937304075;1986,044933;0,042671614;0,166048237;0,096907216;0,062152134;7,21;4,597678917;0,206896552;0,598746082;0,053291536;0,07523511;0
030615;0,01511335;0,926952141;1977,692737;0,051444679;0,160676533;0,108396947;0,046511628;12,59;4,645522388;0,123425693;0,571788413;0,166246851;0,007556675;0,007556675
030616;0,021302745;0,782109151;1981,949322;0,049993152;0,149568552;0,115270671;0,085878647;10,49;4,613747954;0,32896354;0,292503073;0,056124539;0,101597706;0,005735354
030617;0,014256619;0,896130346;1981,917273;0,046577055;0,159737418;0,12147651;0,035636136;10,86;4,788984738;0,194501018;0,424643585;0,151731161;0,028513238;0,00203666
030618;0,022948164;0,828277356;1985,505298;0,049410494;0,131581316;0,115045807;0,120871209;9,45;4,686916902;0,308585313;0,33450324;0,094762419;0,150647948;0,001889849
030619;0,015296367;0,942638623;1980,175676;0,046296296;0,169238683;0,075869336;0,033950617;8,49;4,315384615;0,23709369;0,401529637;0,141491396;0,017208413;0,003824092
030620;0,036561265;0,909990109;1982,20169;0,04293715;0,126944617;0,123018389;0,065339141;8,02;4,585545723;0,205533597;0,532608696;0,108695652;0,0256917;0,004940711
030705;0,083018868;0,716981132;1987,951613;0,024489796;0,195918367;0,118694362;0,036734694;5,66;4,825806452;0,245283019;0,641509434;0,052830189;0,022641509;0
030708;0,093690249;0,661567878;1976,445531;0,035809019;0,167108753;0,161428571;0,030503979;10,71;4,931564246;0,105162524;0,774378585;0,055449331;0,017208413;0,003824092
030709;0,129632882;0,568341532;1979,315249;0,045341654;0,149716615;0,157887925;0,112653633;8,04;4,743358518;0,495169506;0,227647989;0,054101528;0,140699104;0,001405234
030712;0,096566524;0,611587983;1979,576412;0,040756914;0,159388646;0,200873362;0,045851528;9,66;4,707154742;0,278969957;0,538626609;0,092274678;0,025751073;0,002145923
030714;0,067431851;0,642754663;1981,141009;0,042154567;0,148477752;0,137623762;0,038875878;12,77;4,757217848;0,253945481;0,555236729;0,093256815;0,031563845;0
030716;0,093693694;0,605405405;1981,974336;0,042446941;0,134207241;0,14507772;0,064294632;8,65;4,937833037;0,295495495;0,531531532;0,066666667;0,059459459;0
030719;0,039274924;0,737160121;1975,441725;0,039962825;0,153345725;0,129237288;0,019516729;15,71;4,841607565;0,060422961;0,809667674;0,075528701;0,003021148;0,003021148
030722;0,065594059;0,771428571;1988,721774;0,043898156;0,179104478;0,14024976;0,043898156;10,52;4,86391129;0,207920792;0,606435644;0,064356436;0,063118812;0,003712871
030723;0,038062284;0,736111111;1979,350769;0,046357616;0,154726069;0,112857143;0,031306442;9,52;4,687888199;0,214532872;0,657439446;0,07266436;0,019031142;0,001730104
030724;0,039855072;0,75;1975,101695;0,044758539;0,166077739;0,134615385;0,047114252;8,7;4,920096852;0,119565217;0,764492754;0,065217391;0,025362319;0
030725;0,018018018;0,720720721;1979,598438;0,0390625;0,184375;0,163934426;0,034375;10,36;4,690625;0,157657658;0,743243243;0,036036036;0,027027027;0,004504505
030726;0,11752988;0,645418327;1991,439597;0,065019506;0,098829649;0,094117647;0,040312094;11,55;4,906040268;0,262948207;0,454183267;0,115537849;0,045816733;0
030728;0,048252912;0,743760399;1974,882772;0,039342337;0,194950088;0,15535248;0,041691133;10,82;4,713350785;0,136439268;0,763727121;0,051580699;0,014975042;0
030729;0,057142857;0,727472527;1976,489691;0,042264151;0,166792453;0,165861514;0,046037736;7,91;4,323478261;0,252747253;0,571428571;0,059340659;0,032967033;0,002197802
030730;0,106203008;0,619360902;1983,903312;0,047951442;0,122306525;0,106748466;0,040971168;10,43;4,560072267;0,248120301;0,506578947;0,098684211;0,04887218;0,001879699
030733;0,048879837;0,806517312;1966,598712;0,041585445;0,197530864;0,171474359;0,038336582;12,83;4,815827338;0,091649695;0,804480652;0,059063136;0,00407332;0,00203666
030736;0,04954955;0,806306306;1982,881098;0,035825545;0,165109034;0,187692308;0,056074766;9,91;4,701863354;0,112612613;0,77027027;0,072072072;0,018018018;0
030737;0,02;0,93;1969,008834;0,026634383;0,279661017;0,175;0,024213075;15,1425;4,714285714;0,04;0,913333333;0,013333333;0,003333333;0
030738;0,039312039;0,844827586;1957,785486;0,028813559;0,218644068;0,105633803;0,044067797;7,72;4,3664;0,14004914;0,737100737;0,083538084;0,012285012;0
030739;0,082993197;0,736054422;1979,07679;0,035679374;0,170087977;0,164646465;0,048875855;9,51;4,449477352;0,255782313;0,517006803;0,096598639;0,040816327;0,004081633
030740;0,018567639;0,820580475;1972,495421;0,037857802;0,192982456;0,152224824;0,019390582;11,79666667;4,547206166;0,092838196;0,827586207;0,045092838;0,01061008;0
030741;0,099734043;0,635638298;1980,511547;0,049006623;0,148344371;0,127460169;0,024282561;11,53;4,690844233;0,243351064;0,54787234;0,057180851;0,049202128;0,002659574
030742;0,054151625;0,776173285;1970,35255;0,03358209;0,247512438;0,154411765;0,024875622;10,36;4,70754717;0,097472924;0,783393502;0,068592058;0,003610108;0
030743;0,012345679;0,923076923;1980,272255;0,032459426;0,337078652;0,165938865;0,038701623;10,68;4,418674699;0,058641975;0,87037037;0,064814815;0;0
030744;0,025920873;0,839017735;1982,485331;0,029135802;0,239506173;0,178217822;0,02617284;14,615;4,684345595;0,085948158;0,82946794;0,042291951;0,012278308;0
030801;0,194312796;0,746445498;1987,14058;0,064191802;0,07733952;0,128275862;0,069605568;13,03;4,793939394;0,36492891;0,348341232;0,137440758;0,085308057;0
030804;0,132441897;0,539808917;1971,671896;0,043483469;0,163512218;0,153558926;0,133804504;11,02;4,774657534;0,561604585;0,136899077;0,019102197;0,151225724;0,00286533
030806;0,144104803;0,624454148;1983,097315;0,056291391;0,123178808;0,150666667;0,033774834;13,76;4,897091723;0,294759825;0,373362445;0,115720524;0,043668122;0,004366812
030807;0,2169279;0,638871473;1984,760477;0,048592833;0,100830128;0,127286882;0,043936019;9,72;4,661325564;0,357366771;0,33354232;0,094670846;0,067084639;0,001253918
030808;0,113994911;0,625954198;1985,052423;0,052769526;0,109557924;0,133355394;0,077406954;12,42;4,547555556;0,424427481;0,261577608;0,055979644;0,112977099;0,003053435
030812;0,189792663;0,709197236;1975,988665;0,066343356;0,09757517;0,104655233;0,216294859;9,73;4,815989848;0,38277512;0,147262095;0,014885699;0,396597554;0,002126528
030813;0,155230596;0,606188467;1974,114494;0,045016077;0,152162639;0,153354633;0,138886008;10,85;4,787664307;0,52784027;0,136389201;0,014904387;0,196287964;0,001687289
030815;0,148627654;0,610046608;1978,324096;0,056772385;0,100052567;0,155896069;0,081128439;11,81;4,672330097;0,506991196;0,177110306;0,054375971;0,139306059;0,000517866
030820;0,084084084;0,645645646;1975,472513;0,040913416;0,117031399;0,155635063;0,029495718;18,92;4,78042328;0,171171171;0,678678679;0,066066066;0,006006006;0,003003003
030821;0,168356998;0,574948665;1974,93252;0,044060627;0,128304547;0,194141689;0,038773352;12,88;4,559349593;0,438133874;0,132860041;0,029411765;0,148073022;0
030823;0,137206428;0,665018541;1979,06258;0,041228779;0,163702506;0,137161085;0,037186742;12,73;4,397606383;0,419035847;0,281829419;0,050679852;0,09394314;0
030824;0,079710145;0,611615245;1985,43985;0,044217687;0,116780045;0,140495868;0,02154195;16,49;4,703773585;0,240942029;0,509057971;0,047101449;0,027173913;0,001811594
030827;0,070294785;0,648526077;1981,14557;0,048833819;0,13483965;0,09375;0,032798834;12,93;4,911392405;0,256235828;0,487528345;0,063492063;0,038548753;0,002267574
030828;0,139502762;0,630269523;1971,481724;0,036389083;0,176813623;0,149275362;0,045952881;11,88;4,478561549;0,474447514;0,220994475;0,050414365;0,091850829;0,003453039
030830;0,173007897;0,674802584;1983,669617;0,044332614;0,099448838;0,133245383;0,079079799;11,06;4,714847591;0,43862168;0,326633166;0,045226131;0,069633884;0
030831;0,143975904;0,578313253;1970,464923;0,028848135;0,168761591;0,142502071;0,032557181;14,52;4,609017912;0,485542169;0,23373494;0,025301205;0,058433735;0
030832;0,142512077;0,609903382;1983,721364;0,032583398;0,113653995;0,147058824;0,043056633;16,91;4,760672704;0,422705314;0,280193237;0,054347826;0,056763285;0
030835;0,120481928;0,56626506;1978,950269;0,044515103;0,138314785;0,150572831;0,058823529;13,49;4,844875346;0,438554217;0,334939759;0,043373494;0,055421687;0,002409639
030836;0,116049383;0,540740741;1985,708696;0,045380875;0,121555916;0,170769231;0,036466775;11,85;4,672566372;0,414814815;0,303703704;0,103703704;0,04691358;0
030837;0,096202532;0,532939189;1973,572064;0,037482117;0,138483548;0,152401988;0,031473534;14,85;4,532432432;0,43628692;0,26835443;0,044725738;0,062447257;0,000843882
030838;0,139492754;0,66259058;1979,029494;0,055521936;0,101664145;0,132865169;0,053101362;12,18;4,526760563;0,416666667;0,278985507;0,086956522;0,109601449;0,001358696
030840;0,155076495;0,679415855;1980,491128;0,045047064;0,123263111;0,138501742;0,044150605;11,47;4,479166667;0,370653686;0,342141864;0,070236439;0,060500695;0
030842;0,10483871;0,596774194;1983,226959;0,033579034;0,102375102;0,115207373;0,031941032;15,05;4,707373272;0,215053763;0,52688172;0,120967742;0,037634409;0
030850;0,160101652;0,543701799;1979,049655;0,035214255;0,140008485;0,151067323;0,03182011;16,26;4,56846473;0,523506989;0,214739517;0,043202033;0,104193139;0,001270648
030854;0,163160595;0,662128089;1977,829285;0,045208588;0,135974865;0,141537446;0,053587013;10,57;4,633449477;0,47460236;0,199076449;0,035915854;0,152898923;0,001026167
030857;0,159192825;0,50896861;1960,840361;0,023134328;0,17761194;0,183206107;0,044029851;13,68;4,778904665;0,421524664;0,257847534;0,056053812;0,098654709;0
030858;0,102534562;0,538018433;1977,776492;0,040268456;0,139360442;0,133333333;0,045400711;13,71;4,288009889;0,324884793;0,299539171;0,105990783;0,070276498;0,002304147
030865;0,102094241;0,60122164;1967,558161;0,033204862;0,151200712;0,133182844;0,03735547;14,66;4,44537037;0,294066318;0,481675393;0,051483421;0,04973822;0,0008726
030866;0,143884892;0,582053355;1974,409201;0,037190083;0,144077135;0,167661422;0,040220386;12,71;4,804530201;0,417266187;0,21822542;0,057553957;0,092725819;0,000799361
030868;0,157273919;0,639580603;1978,757692;0,037248028;0,146801052;0,146596859;0,061787905;9,96;4,785620915;0,429882045;0,319790301;0,099606815;0,062909567;0,005242464
030871;0,153637351;0,6330076;1972,96063;0,037459593;0,164670089;0,152157456;0,094884959;11,94;4,237450199;0,48805646;0,186210641;0,029858849;0,13897937;0,001628664
030875;0,071253071;0,554054054;1979,390762;0,047512992;0,102078693;0,163726182;0,023756496;18,5;4,65112782;0,281326781;0,421375921;0,051597052;0,051597052;0
030876;0,140425532;0,623829787;1972,67103;0,036915505;0,148482363;0,145115754;0,035001367;14,17;4,392245266;0,282553191;0,411914894;0,081702128;0,065531915;0,000851064
030877;0,070945946;0,800675676;1977,60179;0,030902349;0,237330037;0,1875;0,048207664;8,065;4,781321185;0,108108108;0,682432432;0,175675676;0,010135135;0
030878;0,118683901;0,595769683;1984,815054;0,043346008;0,101901141;0,141327623;0,030418251;12,735;4,53653217;0,24559342;0,595769683;0,054054054;0,025851939;0,001175088
030879;0,1;0,667697063;1983,344619;0,044997607;0,14648157;0,133595285;0,033508856;11,655;4,696560197;0,274242424;0,504545455;0,134848485;0,016666667;0,006060606
030880;0,074010327;0,643103448;1978,385125;0,050027793;0,137854364;0,123995408;0,02668149;13,245;4,734121123;0,194492255;0,585197935;0,084337349;0,017211704;0
030881;0,159548751;0,709677419;1979,595041;0,051133368;0,09014233;0,140057361;0,089088034;10,435;4,653485952;0,381144239;0,278001612;0,068493151;0,150684932;0,003223207
030882;0,146948941;0,627646326;1987,017926;0,038743883;0,127243067;0,106544901;0,027324633;23,705;4,766666667;0,386052304;0,297633873;0,02739726;0,04483188;0,00124533
030883;0,111111111;0,665938865;1977,31761;0,043656207;0,139154161;0,119834711;0,042291951;14,02333333;4,572961373;0,237472767;0,555555556;0,063180828;0,02832244;0,002178649
030884;0,145680587;0,475613644;1939,425475;0,030355168;0,236819467;0,170476453;0,132604154;12,18666667;4,422434368;0,633407714;0,06375518;0,009563277;0,120816066;0,000956328
030885;0,098591549;0,63556338;1986,058923;0,061833689;0,098614072;0,111445783;0,042110874;13,175;4,62350937;0,253521127;0,466549296;0,13556338;0,044014085;0
030886;0,105882353;0,601960784;1981,468516;0,046193884;0,130774236;0,135170604;0,044892648;11,56;4,805097451;0,317647059;0,354901961;0,125490196;0,017647059;0,001960784
030887;0,108401084;0,623869801;1980,619546;0,042224811;0,137740245;0,115976331;0,040186372;11,735;4,576407507;0,335140018;0,35501355;0,098464318;0,062330623;0,000903342
030888;0,093175853;0,576115486;1982,990107;0,047099869;0,127344091;0,138819618;0,04491932;13,78;4,775914634;0,368766404;0,400262467;0,039370079;0,049868766;0,001312336
030889;0,123626374;0,570054945;1980,385355;0,059982487;0,106392294;0,121610518;0,023204904;16,19;4,515197568;0,326923077;0,432692308;0,049450549;0,050824176;0
030890;0,069900143;0,70042796;1978,241648;0,048664122;0,145515267;0,126482213;0,02528626;11,62666667;4,70781427;0,14978602;0,582025678;0,168330956;0,019971469;0,001426534
030891;0,113300493;0,56773399;1979,049479;0,044261653;0,107324716;0,153053716;0,021151586;16,6;4,660927152;0,343596059;0,415024631;0,056650246;0,041871921;0
030906;0,015151515;0,878787879;1964,09593;0,036057692;0,170673077;0,066666667;0,079326923;9,09;4,862275449;0,121212121;0,674242424;0,143939394;0,007575758;0
030908;0,024193548;0,782258065;1974,353801;0,03125;0,168269231;0,124352332;0,026442308;12,9;4,658823529;0,137096774;0,806451613;0,040322581;0,016129032;0
030912;0,12565445;0,748691099;1980,084532;0,046040516;0,174953959;0,192139738;0,051565378;11,52;4,378378378;0,204188482;0,617801047;0,09947644;0,02617801;0,005235602
030913;0,064327485;0,745614035;1976,361493;0,041;0,198;0,19212963;0,039;11,7;4,368209256;0,184210526;0,605263158;0,116959064;0,026315789;0
030914;0,076470588;0,728813559;1982,850649;0,027472527;0,194139194;0,111553785;0,027472527;12,94;4,72489083;0,129411765;0,735294118;0,1;0,005882353;0,005882353
030915;0,049242424;0,759689922;1984,14787;0,061111111;0,145833333;0,125;0,075;7,95;4,761904762;0,170454545;0,564393939;0,174242424;0,037878788;0,003787879
030917;0,059322034;0,838297872;1976,185714;0,038961039;0,180519481;0,160458453;0,031168831;13,56;4,473529412;0,093220339;0,81779661;0,042372881;0,004237288;0
030919;0,087056128;0,672206304;1985,874819;0,053288431;0,138272583;0,149253731;0,067947702;7,73;4,627906977;0,294387171;0,378006873;0,072737686;0,194730813;0,000572738
030921;0,037815126;0,81092437;1951,699438;0,057065217;0,157608696;0,115254237;0,033967391;8,82;4,433802817;0,071428571;0,81092437;0,088235294;0,008403361;0
030922;0,058181818;0,642361111;1972,254518;0,05399568;0,144708423;0,122401848;0,023758099;14,18;4,817629179;0,2;0,501818182;0,163636364;0,003636364;0
030923;0,02238806;0,813432836;1985,377828;0,039900249;0,189526185;0,05952381;0,052369077;11,19;4,850678733;0,156716418;0,679104478;0,156716418;0,007462687;0
030924;0,008032129;0,975806452;1974,289024;0,031988873;0,246175243;0,151394422;0,029207232;10,44;3,645728643;0,068273092;0,81124498;0,104417671;0;0
030925;0,048701299;0,918831169;1972,031;0,025188917;0,265743073;0,167464115;0,020151134;6,49;4,617107943;0,058441558;0,805194805;0,094155844;0,00974026;0
030926;0,068965517;0,777777778;1983,23616;0,042777433;0,160570366;0,130801688;0,042157471;9,2;4,152625153;0,189655172;0,549808429;0,153256705;0,045977011;0
030927;0,064102564;0,846808511;1972,778873;0,02722063;0,209169054;0,10701107;0,038681948;4,27;4,842253521;0,136752137;0,722222222;0,111111111;0,017094017;0
030929;0,068292683;0,795121951;1983,92492;0,05203252;0,169105691;0,121323529;0,05203252;7,8;4,702875399;0,102439024;0,702439024;0,141463415;0,009756098;0,004878049
030930;0,09478673;0,766666667;1976,057143;0,042488619;0,174506829;0,105633803;0,084977238;15,505;4,660130719;0,18957346;0,563981043;0,17535545;0,018957346;0,004739336
030931;0,044715447;0,918699187;1978,470506;0,034528552;0,188579017;0,11589404;0,030544489;12,895;4,706214689;0,093495935;0,760162602;0,12195122;0,008130081;0
030932;0,083682008;0,771966527;1983,211931;0,046464646;0,129292929;0,084821429;0,038383838;10,64;4,046589018;0,177824268;0,592050209;0,156903766;0,031380753;0
030933;0,038793103;0,840517241;1978,296717;0,023006135;0,306748466;0,16875;0,024539877;6,105;4,354591837;0,060344828;0,823275862;0,103448276;0,004310345;0
030934;0,048417132;0,823091248;1985,856417;0,042464115;0,175239234;0,118948824;0,044258373;9,48;4,78089172;0,106145251;0,729981378;0,111731844;0,026070764;0
030935;0,019920319;0,884920635;1965,936195;0,044836957;0,254076087;0,121673004;0,03125;14,31333333;4,241050119;0,075697211;0,856573705;0,055776892;0;0
031001;0,039370079;0,929133858;1973,692708;0,032258065;0,24340176;0,086614173;0,049853372;7,87;4,659685864;0,039370079;0,850393701;0,078740157;0;0
031003;0,018518519;0,962962963;1988,104294;0,030864198;0,209876543;0,120689655;0,074074074;12,96;4,944785276;0,111111111;0,759259259;0,092592593;0,037037037;0
031004;0,02962963;0,881481481;1975,602;0,010362694;0,300518135;0,270833333;0,023316062;8,89;4,88;0,037037037;0,888888889;0,051851852;0,007407407;0
031008;0;0,968;1977,645455;0,026239067;0,332361516;0,12195122;0,034985423;5,6;4,959090909;0,016;0,856;0,128;0;0
031009;0,008928571;0,955357143;1977,208772;0,033898305;0,274576271;0,225806452;0,016949153;8,93;4,818505338;0,035714286;0,946428571;0,008928571;0,008928571;0
031010;0,054901961;0,866666667;1981,286145;0,044534413;0,211875843;0,110749186;0,045883941;5,88;4,660493827;0,168627451;0,705882353;0,074509804;0,015686275;0
031012;0,013157895;0,907894737;1974,912752;0,037190083;0,227272727;0,229166667;0,045454545;15,79;4,2;0,065789474;0,855263158;0,026315789;0,013157895;0
031013;0,04778157;0,941979522;1981,755172;0,038116592;0,225336323;0,174050633;0,036995516;13,31;4,650434783;0,044368601;0,832764505;0,102389078;0,010238908;0
031014;0,088050314;0,924528302;1972,744681;0,038461538;0,180161943;0,149038462;0,032388664;11,95;4,068345324;0,062893082;0,849056604;0,062893082;0,006289308;0
031015;0,081339713;0,861244019;1972,120609;0,041269841;0,241269841;0,190283401;0,036507937;10,05;4,964871194;0,124401914;0,799043062;0,066985646;0,004784689;0
031017;0,050239234;0,937799043;1973,193384;0,031881804;0,207620529;0,199134199;0,044323484;11,48;4,82345191;0,100478469;0,775119617;0,090909091;0,014354067;0
031018;0,019480519;0,896103896;1978,149533;0,029545455;0,293181818;0,25170068;0,015909091;14,97;4,8625;0,025974026;0,941558442;0,006493506;0;0
031019;0,03626943;0,911917098;1973,072059;0,039655172;0,246551724;0,130081301;0,022413793;11,495;4,706586826;0,041450777;0,906735751;0,03626943;0,005181347;0,005181347
031020;0,050314465;0,943396226;1942,171254;0,03087886;0,375296912;0,147540984;0,014251781;14,85;4,763076923;0,018867925;0,943396226;0,018867925;0;0
031105;0,003584229;0,917562724;1977,42625;0,027777778;0,216183575;0,180981595;0,037439614;10,75;4,279132791;0,078853047;0,82437276;0,05734767;0,007168459;0
031107;0,017699115;0,946902655;1987,855469;0,028490028;0,203703704;0,106312292;0,085470085;7,52;4,84375;0,039823009;0,765486726;0,181415929;0,004424779;0,004424779
031108;0,01183432;0,923076923;1984,397631;0,037460978;0,225806452;0,130841121;0,033298647;6,51;4,796232877;0,035502959;0,840236686;0,115384615;0;0,00295858
031109;0,023255814;0,959302326;1966,105705;0,052752294;0,268348624;0,123966942;0,038990826;7,56;4,788395904;0,069767442;0,901162791;0,029069767;0;0
031110;0,024590164;0,979423868;1965,785714;0,036175711;0,187338501;0,182432432;0,043927649;12,7;4,559055118;0,040983607;0,852459016;0,086065574;0,004098361;0
031111;0,024242424;0,878787879;1972,74918;0,031982942;0,247334755;0,202797203;0,040511727;12,73;4,796721311;0,03030303;0,793939394;0,157575758;0,006060606;0
031112;0,025974026;0,954545455;1966,273504;0,03803132;0,232662192;0,219354839;0,020134228;10,39;3,85046729;0,051948052;0,863636364;0,064935065;0;0
031113;0,022767075;0,924295775;1966,79819;0,034070532;0,247459653;0,171171171;0,043036461;12,78;4,256529851;0,050788091;0,835376532;0,098073555;0,007005254;0
031115;0,013888889;0,9375;1964,95082;0,015503876;0,273901809;0,201219512;0,025839793;11,81;4,611295681;0,118055556;0,805555556;0,076388889;0;0
031118;0,027972028;0,905594406;1981,057531;0,056583243;0,155603917;0,186732187;0,059847661;8,39;4,613247863;0,076923077;0,723776224;0,153846154;0,006993007;0,003496503
031120;0,031123139;0,771312585;1980,897727;0,039749888;0,171951764;0,151612903;0,063867798;11,1;4,607194245;0,255751015;0,557510149;0,082543978;0,051420839;0,00135318
031122;0,013513514;0,932885906;1967,140152;0,020408163;0,267857143;0,153333333;0,015306122;7,305;4,349809886;0,027027027;0,858108108;0,081081081;0,027027027;0
031123;0,024154589;0,975845411;1977,036873;0,0237691;0,252971138;0,194594595;0,033955857;14,465;4,492537313;0,057971014;0,898550725;0,038647343;0;0
031124;0,015;0,9;1972,066742;0,03814262;0,218905473;0,196581197;0,013266998;20,515;4,737704918;0,035;0,925;0,04;0;0
031125;0,008174387;0,918256131;1975,901738;0,02383532;0,365113759;0,135531136;0,03900325;9,18;4,459863946;0,057220708;0,871934605;0,051771117;0,010899183;0
031126;0,018691589;0,929906542;1978,92161;0,04400607;0,262518968;0,125;0,030349014;13,355;4,656779661;0,074766355;0,859813084;0,051401869;0;0
031204;0,157212318;0,653690187;1977,470419;0,031128405;0,175375208;0,178652968;0,058643691;11,1;4,705490849;0,497568882;0,252025932;0,053484603;0,085089141;0,000810373
031206;0,110821382;0,694915254;1976,317539;0,04392649;0,183325863;0,14986124;0,082025997;10,04;4,796322489;0,417209909;0,299869622;0,06779661;0,073011734;0
031210;0,171849427;0,793442623;1984,557543;0,051954478;0,133102425;0,122176591;0,040573973;9,82;4,629107981;0,330605565;0,382978723;0,116202946;0,037643208;0
031212;0,172101449;0,85326087;1978,62812;0,039700806;0,130609896;0,116827438;0,097813579;9,42;4,638513514;0,393115942;0,347826087;0,139492754;0,059782609;0
031213;0,106213873;0,665459812;1973,611611;0,044932346;0,145008935;0,212903226;0,050804187;10,91;4,670009116;0,471820809;0,23916185;0,044797688;0,125;0,00216763
031215;0,152192605;0,840928633;1983,714067;0,049310169;0,113949923;0,118375433;0,042156362;11,61;4,791698693;0,35683577;0,369733448;0,062768702;0,047291488;0,000859845
031216;0,144694534;0,808527755;1977,324624;0,042700827;0,184681078;0,132748217;0,086469175;10,69;4,541964286;0,411575563;0,344051447;0,072347267;0,075562701;0
031219;0,156052142;0,725680209;1976,29442;0,049202621;0,113858326;0,142003676;0,06267771;11,43;4,522637795;0,380260708;0,354934823;0,063687151;0,091247672;0,000744879
031221;0,135193133;0,735767991;1980,829357;0,037755822;0,155963303;0,204561654;0,051870148;11,27;4,701663202;0,430257511;0,289699571;0,081545064;0,067596567;0,001072961
031223;0,138545953;0,792866941;1968,541828;0,032888889;0,137333333;0,104310345;0,063555556;9,33;4,398427261;0,362139918;0,366255144;0,105624143;0,054869684;0
031224;0,096551724;0,778544061;1979,432346;0,044367759;0,162188809;0,116748768;0,060635938;10,27;4,84307446;0,439846743;0,276628352;0,062068966;0,091187739;0,003831418
031225;0,108626198;0,7136;1980,456026;0,042202779;0,10499228;0,144927536;0,048893464;11,82;4,594639866;0,388178914;0,325878594;0,07827476;0,084664537;0
031227;0,102212856;0,879873551;1983,967681;0,051782112;0,137525219;0,099667774;0,07599193;10,01;4,723180077;0,339304531;0,367755532;0,099051633;0,06743941;0,001053741
031230;0,144846797;0,552924791;1978,829354;0,041509434;0,153301887;0,189542484;0,047169811;13,37;4,707042254;0,412256267;0,246518106;0,06545961;0,086350975;0
031232;0,147297297;0,694594595;1981,092334;0,052820054;0,126230976;0,165340407;0,045658013;15,54;4,452898551;0,463513514;0,282432432;0,045945946;0,094594595;0,001351351
031233;0,131989001;0,782768103;1979,396135;0,049170616;0,123815166;0,136543909;0,059834123;10,27;4,6796875;0,349220898;0,410632447;0,077910174;0,057745188;0,001833181
031234;0,097540984;0,645028759;1978,683972;0,039708029;0,173138686;0,18852459;0,071532847;9,43;4,737487232;0,474590164;0,199180328;0,03442623;0,153278689;0,000819672
031235;0,115003539;0,79858156;1981,84297;0,047236067;0,113615768;0,153486395;0,045650204;13,06;4,612244898;0,422859165;0,259023355;0,040339703;0,075017693;0,001061571
031239;0,153259949;0,654530059;1978,792435;0,042982456;0,140643275;0,175305766;0,049415205;13,63;4,857275255;0,413209145;0,259949196;0,065198984;0,071972904;0,00254022
031241;0,154434251;0,82848392;1979,51791;0,052378664;0,119173474;0,150179856;0,069678039;8,1;4,910447761;0,311926606;0,376146789;0,131498471;0,074923547;0,004587156
031242;0,117400419;0,600628931;1970,168127;0,032056006;0,207074429;0,210063898;0,051215917;11,84;4,761376249;0,466457023;0,190775681;0,060796646;0,153039832;0,002096436
031247;0,15678392;0,713567839;1983,037015;0,043003413;0,149829352;0,152439024;0,064505119;11,46;4,677647059;0,391959799;0,364824121;0,062311558;0,068341709;0
031249;0,11622276;0,890243902;1984,359756;0,047584187;0,103221083;0,118852459;0,03806735;14,53;4,598014888;0,256658596;0,404358354;0,099273608;0,079903148;0,004842615
031250;0,151988109;0,706319703;1980,26691;0,058272209;0,122928552;0,142262679;0,155935887;7,995;4,518345564;0,503530286;0,138610182;0,038275734;0,206614641;0,001486436
031251;0,090113736;0,801608579;1981,352178;0,053344623;0,140841095;0,119343891;0,036692069;11,76;4,686291001;0,255468066;0,431321085;0,125109361;0,052493438;0,002624672
031252;0,127272727;0,772468714;1979,015446;0,04673954;0,138710893;0,169769173;0,073501696;9,54;4,721577726;0,403409091;0,332954545;0,084090909;0,086363636;0,001136364
031253;0,107466063;0,658342792;1976,504886;0,034161491;0,170419255;0,170988655;0,038043478;11,615;4,626532887;0,444570136;0,288461538;0,070135747;0,070135747;0
031254;0,152013147;0,782537068;1981,30369;0,050488599;0,123778502;0,129514964;0,071661238;11,305;4,832068311;0,368118324;0,365653246;0,056696795;0,073952342;0
031255;0,067188519;0,855838226;1983,78693;0,051124744;0,134969325;0,145447054;0,043762781;10,29666667;4,720400222;0,245270711;0,45270711;0,11741683;0,076320939;0,001304631
031256;0,100098135;0,810758886;1976,30759;0,036680137;0,1572894;0,150524368;0,055331054;10,09666667;4,607754734;0,277723258;0,430814524;0,110893032;0,047105005;0,002944063
031257;0,216380182;0,716448032;1972,453258;0,042164675;0,158366534;0,158105404;0,062084993;10,815;4,821192053;0,420626896;0,294236603;0,075834176;0,106167846;0,003033367
031258;0,145348837;0,810077519;1982,076029;0,049286641;0,162775616;0,155913978;0,059662776;8,605;4,723327306;0,341085271;0,346899225;0,108527132;0,062015504;0,001937984
031259;0,132275132;0,839317245;1979,917627;0,047213479;0,133864099;0,153571429;0,041844103;13,81666667;4,565569035;0,264550265;0,442680776;0,099941211;0,038212816;0,000587889
031260;0,118892508;0,737649294;1976,417124;0,04998759;0,123256391;0,143326759;0,125043435;11,205;4,54258424;0,544381107;0,178474484;0,028773073;0,141829533;0,001085776
031304;0,038461538;0,865384615;1966,287081;0,030769231;0,225;0,123809524;0,005769231;11,54;4,832535885;0,102564103;0,717948718;0,096153846;0;0
031308;0,088923557;0,850574713;1982,315825;0,059942912;0,116079924;0,176100629;0,02378687;17,94;4,673942701;0,184087363;0,56474259;0,082683307;0,014040562;0,001560062
031309;0,115141956;0,876971609;1980,389066;0,048965169;0,187279152;0,129220023;0,0454316;8,36;4,736954207;0,141955836;0,559936909;0,173501577;0,033123028;0
031311;0,080924855;0,924855491;1983,643123;0,041431262;0,197740113;0,120622568;0,065913371;9,83;4,417293233;0,092485549;0,768786127;0,092485549;0,005780347;0
031313;0,051612903;0,922580645;1986,978155;0,056;0,178;0,100877193;0,03;8,39;4,583333333;0,064516129;0,638709677;0,129032258;0;0
031316;0,05899705;0,920353982;1982,864316;0,039126479;0,174704277;0,098501071;0,020018198;9,44;4,745726496;0,100294985;0,681415929;0,12979351;0,005899705;0
031317;0,106741573;0,83908046;1982,613839;0,059891107;0,177858439;0,096638655;0,056261343;11,8;4,556053812;0,134831461;0,550561798;0,196629213;0,039325843;0,005617978
031323;0,132258065;0,825618945;1984,861134;0,064939551;0,125388601;0,108987969;0,069775475;10,75;4,663052544;0,241935484;0,423655914;0,205376344;0,023655914;0
031324;0,079787234;0,877659574;1985,747917;0,058519793;0,154905336;0,162962963;0,049913941;9,57;4,983333333;0,164893617;0,632978723;0,154255319;0,005319149;0
031325;0,130555556;0,827777778;1983,772829;0,046875;0,162326389;0,137614679;0,079861111;10,56;4,770601336;0,127777778;0,530555556;0,236111111;0,030555556;0
031328;0,090909091;0,847006652;1988,12275;0,046446165;0,147783251;0,11341853;0,038705137;10,2;4,837438424;0,164079823;0,583148559;0,175166297;0,011086475;0
031330;0,053191489;0,864361702;1982,329044;0,044482464;0,153977759;0,098591549;0,03421728;13,3;4,838589981;0,204787234;0,433510638;0,117021277;0,045212766;0,002659574
031331;0,053811659;0,834080717;1980,833898;0,054224464;0,163934426;0,078787879;0,021437579;17,94;4,327402135;0,076233184;0,739910314;0,085201794;0,013452915;0
031335;0,093137255;0,882352941;1982,607877;0,054098361;0,204918033;0,175572519;0,032786885;8,33;4,289655172;0,073529412;0,705882353;0,088235294;0,039215686;0
031337;0,084337349;0,879518072;1979,506757;0,043478261;0,207039337;0,172413793;0,026915114;10,84;4,057692308;0,120481928;0,674698795;0,090361446;0,018072289;0
031340;0,104575163;0,830065359;1977,424107;0,042889391;0,155756208;0,068965517;0,090293454;6,54;4,277272727;0,163398693;0,54248366;0,222222222;0,006535948;0
031342;0,113652114;0,694174757;1973,241959;0,044275492;0,144677996;0,142136635;0,066636852;10,67;4,719117647;0,332640333;0,352044352;0,139293139;0,063063063;0,001386001
031350;0,058577406;0,928870293;1966,992401;0,044630404;0,205020921;0,105802048;0,026499303;10,04;4,054711246;0,058577406;0,790794979;0,108786611;0,020920502;0,0041841
031352;0,119873817;0,860979463;1977,997543;0,048049477;0,138915319;0,124878993;0,086108468;7,73;4,575123153;0,222397476;0,470031546;0,190851735;0,045741325;0,001577287
031354;0,100378788;0,876893939;1984,120458;0,055555556;0,111683849;0,122969838;0,064719359;13,26;4,720053836;0,214015152;0,482954545;0,164772727;0,028409091;0
031355;0,01025641;0,928205128;1948,613909;0,015503876;0,364341085;0,101351351;0,009689922;12,31;4,375;0,005128205;0,958974359;0,015384615;0;0
031359;0,018918919;0,956756757;1986,886807;0,032136106;0,257088847;0,145251397;0,018903592;5,765;4,733433735;0,048648649;0,859459459;0,064864865;0;0
031360;0,028279654;0,908091123;1977,964899;0,039663777;0,253480431;0,11533052;0,026530076;11,07857143;4,496745118;0,066771406;0,776119403;0,096622152;0,014139827;0,002356638
031361;0,053968254;0,898412698;1976,060185;0,039784946;0,210752688;0,110410095;0,01827957;8,015;4,200945626;0,120634921;0,685714286;0,133333333;0;0,003174603
031362;0,046332046;0,953667954;1979,259169;0,03070761;0,224299065;0,112903226;0,037383178;9,755;4,369193154;0,127413127;0,671814672;0,146718147;0,015444015;0
031363;0,079113924;0,882911392;1982,995146;0,046376812;0,162318841;0,134615385;0,038647343;11,44666667;4,663390663;0,180379747;0,613924051;0,117088608;0,015822785;0,003164557
031364;0,066225166;0,850498339;1972,049788;0,051705171;0,162816282;0,129496403;0,04840484;7,525;4,361419069;0,07615894;0,69205298;0,178807947;0,029801325;0
031365;0,049180328;0,857923497;1980,519856;0,038528897;0,227670753;0,227488152;0,012259194;13,45;3,915129151;0,06010929;0,846994536;0,032786885;0,005464481;0
031366;0,076;0,914;1984,502915;0,047524752;0,18679868;0,102941176;0,068646865;9,016666667;4,83090379;0,18;0,626;0,118;0,014;0,004
031367;0,022267206;0,927125506;1976,487145;0,047314578;0,177109974;0,201210287;0,030690537;13,1575;4,673913043;0,089068826;0,82388664;0,042510121;0,012145749;0
031368;0,036866359;0,917050691;1969,097527;0,018691589;0,255451713;0,117886179;0,015576324;14,04666667;4,563218391;0,064516129;0,870967742;0,036866359;0,004608295;0
031369;0,03125;0,932173913;1980,533644;0,038163387;0,267143709;0,120287253;0,027429934;12,434;4,497382199;0,102430556;0,751736111;0,085069444;0,013888889;0
031370;0,106040852;0,763707572;1985,576944;0,057755073;0,133815808;0,12891292;0,083014049;9,535;4,709780866;0,29248153;0,439374185;0,100825728;0,100825728;0,003042156
031401;0,137912088;0,635863586;1983,029287;0,046983449;0,090941449;0,129981025;0,026339206;16,59;4,621872766;0,447802198;0,26978022;0,030769231;0,051098901;0,001098901
031404;0,127243067;0,566068515;1978,179412;0,04076087;0,126086957;0,156801661;0,042391304;14,36;4,681102362;0,415986949;0,27406199;0,063621533;0,068515498;0,001631321
031406;0,137119114;0,65;1975,891442;0,039473684;0,106578947;0,140264026;0,016666667;15,93;4,52195122;0,414127424;0,271468144;0,033240997;0,06232687;0,001385042
031408;0,142661929;0,646962233;1976,057447;0,041944889;0,135615537;0,159078442;0,06122449;13,43;4,609671848;0,496310467;0,207980322;0,018584313;0,103306914;0,001366494
031409;0,109251969;0,607881773;1986,579934;0,062722949;0,087098692;0,114727855;0,028834721;16,965;4,708053691;0,37992126;0,364173228;0,034448819;0,029527559;0,001968504
040102;0,127631579;0,786279683;1979,462475;0,039416058;0,218491484;0,135107472;0,082238443;6,58;4,535934292;0,194736842;0,561842105;0,138157895;0,086842105;0,005263158
040103;0,056338028;0,929577465;1974,536232;0,004950495;0,47029703;0,133333333;0,044554455;2,82;4,537313433;0,028169014;0,85915493;0,084507042;0,014084507;0
040111;0,020408163;0,948453608;1978,805085;0,023157895;0,446315789;0,138686131;0,04;8,16;4,055696203;0,025510204;0,816326531;0,137755102;0,010204082;0
040118;0,028846154;0,941747573;1973,228495;0,007722008;0,328185328;0,073684211;0,038610039;4,81;4,693548387;0,019230769;0,942307692;0,038461538;0;0
040119;0,37755102;0,93877551;1968,829787;0,025454545;0,330909091;0,133928571;0,032727273;10,2;4,26744186;0,071428571;0,87755102;0,040816327;0,010204082;0
040120;0,086021505;0,946236559;1960,385514;0,023148148;0,425925926;0,129032258;0,027777778;4,3;3,77294686;0,043010753;0,849462366;0,096774194;0,010752688;0
040121;0,025423729;0,974576271;1963,259928;0,00754717;0,411320755;0,178082192;0,01509434;4,613333333;4,109311741;0,033898305;0,923728814;0,042372881;0;0
040122;0,027027027;0,939189189;1980,359238;0,014005602;0,378151261;0,121212121;0,019607843;10,31666667;4,562130178;0,054054054;0,885135135;0,040540541;0,013513514;0
040123;0,101694915;0,966101695;1955,714008;0,011952191;0,462151394;0,084507042;0,039840637;9,345;4,385892116;0,076271186;0,847457627;0,059322034;0;0
040124;0;0,992125984;1970,527881;0,018072289;0,334337349;0,18;0,018072289;11,53;4,224576271;0;0,952755906;0,039370079;0;0
040125;0,032967033;0,956043956;1964,607595;0,013888889;0,393518519;0,12;0,046296296;8,975;4,688372093;0,021978022;0,901098901;0,054945055;0,010989011;0
040126;0,075;0,9875;1976,742958;0,024875622;0,39800995;0,098360656;0,034825871;8,095;4,255474453;0;0,95;0,05;0;0
040201;0,027777778;0,972222222;1985,183453;0,01734104;0,393063584;0,148148148;0,057803468;6,94;4,691729323;0,069444444;0,805555556;0,097222222;0;0,013888889
040203;0,009259259;1;1982,7825;0,021008403;0,453781513;0,059701493;0,050420168;2,78;4,785;0,027777778;0,861111111;0,101851852;0,009259259;0
040204;0,021390374;0,957219251;1986,464506;0,018595041;0,340909091;0,080213904;0,074380165;3,21;4,352941176;0,032085561;0,823529412;0,13368984;0,005347594;0,005347594
040206;0,0125;0,9375;1953,695055;0,036842105;0,326315789;0,051724138;0,042105263;10;4,23125;0,025;0,9625;0,0125;0;0
040209;0,034285714;0,891428571;1978,216667;0,023913043;0,254347826;0,102325581;0,119565217;5,14;4,858333333;0,102857143;0,634285714;0,234285714;0,011428571;0
040210;0,007936508;0,984126984;1985,638978;0,009404389;0,510971787;0,102564103;0,02507837;3,97;4,811501597;0,031746032;0,896825397;0,071428571;0;0
040212;0,041666667;0,987421384;1980,426667;0,033632287;0,210762332;0,093264249;0,134529148;8,33;3,986577181;0,06547619;0,80952381;0,119047619;0,005952381;0
040213;0;0,980952381;1976,524691;0,008196721;0,450819672;0,141025641;0,008196721;3,81;4,75308642;0,038095238;0,952380952;0,00952381;0;0
040215;0,008695652;0,947826087;1973,388664;0,025210084;0,432773109;0,148148148;0,042016807;4,35;4,659836066;0,008695652;0,834782609;0,130434783;0;0
040216;0,044444444;0,940740741;1975,753275;0,049853372;0,260997067;0,090322581;0,11143695;3,7;4,589519651;0,088888889;0,725925926;0,162962963;0,022222222;0
040217;0;0,974683544;1974,703008;0,041237113;0,422680412;0,072727273;0,036082474;3,8;3,7890625;0,012658228;0,974683544;0,012658228;0;0
040218;0,025157233;0,943396226;1985,055785;0,023529412;0,301176471;0,111111111;0,112941176;1,89;4,719008264;0,031446541;0,786163522;0,150943396;0,025157233;0
040219;0;0,968;1972,493478;0,016891892;0,334459459;0,06097561;0,013513514;7,14;4,87826087;0,015873016;0,928571429;0,047619048;0;0
040221;0;0,971698113;1970,270455;0;0,567307692;0,057142857;0,024038462;3,77;4,348623853;0,018867925;0,830188679;0,141509434;0;0
040224;0;0,973333333;1967,988372;0,016853933;0,387640449;0,163636364;0,02247191;5,33;3,73964497;0,066666667;0,84;0,08;0;0
040225;0,029239766;0,964912281;1986,175439;0,054545455;0,212121212;0,080188679;0,127272727;7,02;4,820175439;0,058479532;0,754385965;0,152046784;0,011695906;0,01754386
040226;0,008264463;0,958677686;1961,977891;0,003322259;0,624584718;0,065217391;0,033222591;2,48;4,93537415;0,016528926;0,94214876;0,041322314;0;0
040229;0;0,970873786;1980,580645;0,009345794;0,448598131;0,174603175;0,004672897;6,8;4,611111111;0,009708738;0,961165049;0;0;0
040230;0;0,979381443;1988,42549;0,02283105;0,383561644;0,169491525;0,00456621;6,19;4,917647059;0;0,907216495;0,092783505;0;0
040232;0,032608696;0,923913043;1975,834158;0;0,476851852;0,106060606;0,101851852;1,09;4,653465347;0,010869565;0,902173913;0,065217391;0;0,010869565
040233;0,018691589;0,962616822;1969,703125;0,009302326;0,474418605;0,111111111;0,018604651;3,74;4,600896861;0,018691589;0,869158879;0,112149533;0;0
040234;0,023255814;0,976744186;1971,780488;0,005847953;0,374269006;0,089285714;0,076023392;5,81;4,554878049;0,046511628;0,76744186;0,151162791;0;0,011627907
040236;0,019230769;0,980769231;1975,119632;0,034798535;0,318681319;0,122905028;0,053113553;6,73;4,50308642;0,024038462;0,831730769;0,144230769;0;0
040239;0,024691358;0,962962963;1979,868167;0,025706941;0,4781491;0,126213592;0,035989717;9,26;4,503333333;0,00617284;0,901234568;0,092592593;0;0
040240;0,038461538;0,875565611;1989,797794;0,050561798;0,171749599;0,106518283;0,140449438;6,11;4,891344383;0,106334842;0,5;0,171945701;0,205882353;0,009049774
040241;0;0,872727273;1976,764317;0,029605263;0,279605263;0,255813953;0,046052632;9,73;4,71040724;0,008849558;0,787610619;0,17699115;0;0
040244;0,05;0,925;1982,931937;0,027322404;0,229508197;0,102564103;0,12568306;3,33;4,717277487;0,125;0,708333333;0,166666667;0;0
040246;0,012048193;1;1972,489726;0;0,573770492;0,090909091;0,027322404;3,61;4,602739726;0,012048193;0,939759036;0,048192771;0;0
040247;0,00990099;1;1963,57265;0,019230769;0,456730769;0,0625;0,019230769;1,98;4,787330317;0;0,95049505;0,04950495;0;0
040248;0,018691589;0,962616822;1964,020942;0,027027027;0,358108108;0,107526882;0,030405405;15,89;4,010695187;0,028037383;0,869158879;0,102803738;0;0
040249;0,039473684;0,907894737;1955,242308;0,058201058;0,354497354;0,114285714;0,010582011;14,47;3,84375;0,013157895;0,960526316;0,013157895;0,013157895;0
040250;0,014814815;0,97037037;1980,382948;0,007352941;0,507352941;0,146666667;0,007352941;2,815;4,581602374;0,014814815;0,925925926;0,044444444;0,007407407;0
040251;0;0,9375;1948,90681;0,008298755;0,439834025;0,1875;0,020746888;8,145;4,183823529;0,008928571;0,982142857;0;0;0
040252;0,021276596;0,912234043;1972,495;0,020627063;0,28630363;0,071428571;0,028877888;7,836666667;4,332496863;0,021276596;0,936170213;0,039893617;0,002659574;0
040253;0,017301038;0,979166667;1964,940512;0,01369863;0,418569254;0,153846154;0,02891933;4,085;4,459090909;0,006920415;0,896193772;0,089965398;0,003460208;0
040254;0;0,95;1954,284483;0,005347594;0,427807487;0,163265306;0,026737968;1,64;4,514450867;0,025;0,85;0,1;0,0125;0
040255;0,011764706;0,952941176;1966,727642;0,021978022;0,464285714;0,053571429;0,032967033;2,785;4,409214092;0,052941176;0,894117647;0,052941176;0;0
040256;0,016042781;0,983957219;1976,433333;0,0025;0,495;0,112359551;0,0225;1,755;4,804938272;0;0,946524064;0,053475936;0;0
040257;0,040620559;0,73633021;1980,408525;0,047601744;0,157113009;0,094998201;0,187545422;5,586666667;4,682696994;0,347465656;0,250473709;0,081951682;0,30364756;0,002131691
040304;0,047697368;0,739273927;1982,389831;0,042915932;0,17930629;0,102631579;0,101704879;8,22;4,503059976;0,136513158;0,623355263;0,148026316;0,057565789;0,001644737
040306;0,008264463;0,909090909;1959,637712;0,029900332;0,415282392;0,117647059;0,029900332;7,44;4,489270386;0,033057851;0,925619835;0,041322314;0;0
040308;0,014018692;0,976525822;1968,356589;0,014251781;0,441805226;0,077777778;0,016627078;11,21;4,088709677;0,023364486;0,906542056;0,051401869;0,004672897;0
040309;0,02189781;0,934306569;1970,542339;0,022222222;0,253968254;0,063063063;0,050793651;5,11;4,646341463;0,04379562;0,737226277;0,197080292;0;0,00729927
040311;0,038461538;0,903846154;1971,245238;0,020242915;0,36437247;0,1875;0,036437247;10,58;3,952631579;0,076923077;0,846153846;0,028846154;0,019230769;0
040312;0,009615385;0,951923077;1952,125;0,021276596;0,408510638;0,16;0,017021277;10,58;4,632743363;0,009615385;0,961538462;0,028846154;0;0
040313;0,068376068;0,94017094;1955,913495;0,019011407;0,422053232;0,052631579;0,022813688;8,55;4,553633218;0,11965812;0,854700855;0,025641026;0;0
040314;0,036231884;0,913043478;1964,984496;0,018518519;0,416666667;0,056818182;0,037037037;7,97;4,392857143;0,007246377;0,898550725;0,079710145;0;0
040316;0,036231884;0,927536232;1971,54375;0,006896552;0,444827586;0,1875;0,034482759;9,42;4,593650794;0,094202899;0,847826087;0,036231884;0,007246377;0
040318;0;0,935135135;1960,534951;0,014457831;0,390361446;0,151515152;0,024096386;9,19;4,293774319;0,005405405;0,918918919;0,07027027;0,005405405;0
040320;0,045918367;0,9375;1961,471622;0,028138528;0,294372294;0,175;0,017316017;14,73;4,569105691;0,035714286;0,857142857;0,091836735;0;0
040321;0,01875;0,93125;1962,574074;0,030023095;0,323325635;0,137254902;0,053117783;6,685;3,965034965;0,025;0,86875;0,08125;0;0,00625
040322;0,10212766;0,872340426;1984,718182;0,028901734;0,342967245;0,107142857;0,038535645;7,335;4,498989899;0,106382979;0,812765957;0,05106383;0,021276596;0
040323;0,033333333;0,942583732;1962,450231;0,020134228;0,364653244;0,156626506;0,026845638;10,21333333;4,470023981;0,047619048;0,823809524;0,128571429;0;0
040404;0,040935673;0,900584795;1954,303419;0,012594458;0,438287154;0,106382979;0,005037783;4,09;4,264957265;0,046783626;0,883040936;0,035087719;0,01754386;0
040406;0,091428571;0,902857143;1953,890323;0,02189781;0,428223844;0,03968254;0,01946472;9,71;4,867741935;0,074285714;0,851428571;0,034285714;0,011428571;0
040407;0,153587444;0,77690583;1974,539709;0,043312102;0,287048832;0,118971061;0,045010616;5,12;4,533467202;0,149103139;0,746636771;0,05044843;0,02690583;0,002242152
040408;0,003436426;0,972508591;1964,724662;0,027552674;0,463533225;0,131034483;0,030794165;5,395;4,628668172;0,024054983;0,910652921;0,013745704;0,010309278;0
040502;0,012269939;0,932515337;1964,902597;0,021077283;0,2529274;0,12849162;0,067915691;7,36;4,392857143;0,049079755;0,834355828;0,104294479;0,006134969;0,006134969
040503;0,00862069;0,982758621;1983,730583;0,015267176;0,36259542;0,083333333;0,053435115;5,17;4,580487805;0;0,965517241;0,017241379;0,00862069;0
040507;0,050632911;0,987341772;1970,770073;0,020304569;0,360406091;0,192307692;0,025380711;2,53;4,708029197;0,050632911;0,886075949;0,037974684;0,012658228;0
040509;0,042372881;0,923728814;1932,701754;0,022641509;0,354716981;0,088888889;0,056603774;5,08;3,640350877;0,008474576;0,915254237;0,06779661;0;0
040510;0,052631579;0,947368421;1953,355634;0,027027027;0,385135135;0;0;5,26;3,940740741;0,037593985;0,894736842;0,067669173;0;0
040511;0,042253521;0,985915493;1973,5;0,035714286;0,363095238;0,1;0,029761905;8,45;4,612403101;0;0,971830986;0,028169014;0;0
040514;0,054945055;0,988888889;1980,363128;0,036082474;0,427835052;0,090909091;0,015463918;14,29;4,629213483;0,021978022;0,868131868;0,098901099;0;0
040515;0,006666667;0,96;1980,697279;0,018867925;0,331536388;0,094488189;0,035040431;3,33;4,192439863;0,026666667;0,84;0,12;0,006666667;0
040516;0,020833333;1;1968,298507;0,025641026;0,451923077;0,064102564;0,019230769;9,03;4,742537313;0,013888889;0,9375;0,027777778;0,006944444;0
040517;0,029069767;0,965116279;1949,114325;0,034825871;0,343283582;0,105769231;0,02238806;10,47;4,803977273;0,058139535;0,889534884;0,046511628;0,005813953;0
040518;0,008547009;0,923076923;1960,10221;0,021582734;0,302158273;0,010204082;0,039568345;4,27;4,447513812;0,034188034;0,871794872;0,076923077;0,017094017;0
040519;0,016666667;0,966666667;1971,228659;0,01734104;0,367052023;0,119266055;0,054913295;5,83;4,859756098;0,008333333;0,958333333;0,033333333;0;0
040520;0,051426102;0,71076524;1982,466608;0,047307016;0,163337062;0,105094521;0,146555857;7,09;4,6854083;0,269662921;0,40622299;0,128349179;0,181503889;0,000432152
040521;0,020833333;0,983333333;1964,738318;0,029503106;0,276397516;0,010362694;0,02173913;5;4,338061466;0,008333333;0,85;0,1125;0,0125;0
040523;0,0125;0,9875;1968,312903;0,014423077;0,317307692;0,104477612;0,048076923;7,5;4,274509804;0,0375;0,9125;0,05;0;0
040524;0,066037736;0,933962264;1977,559585;0,015503876;0,395348837;0,070422535;0,015503876;5,66;4,744791667;0,056603774;0,896226415;0,047169811;0;0
040526;0,0125;0,99375;1968,09375;0,023316062;0,414507772;0,114583333;0,044041451;5;4,144508671;0;0,95625;0,04375;0;0
040528;0;0,902912621;1973,727027;0,02661597;0,391634981;0,0875;0,030418251;4,85;3,972067039;0,067961165;0,786407767;0,13592233;0,009708738;0
040530;0;0,979452055;1970,046468;0,006329114;0,420886076;0,028169014;0,022151899;4,79;4,327137546;0;0,965753425;0,034246575;0;0
040532;0,058823529;0,847058824;1971,278107;0,011049724;0,392265193;0,08;0,033149171;8,24;4,341317365;0,035294118;0,894117647;0,011764706;0,023529412;0
040533;0;0,963963964;1962,981132;0,034965035;0,321678322;0,195652174;0,031468531;3,6;4,25;0,036036036;0,918918919;0,036036036;0;0
040534;0,011976048;0,952095808;1980,789831;0,025522042;0,266821346;0,163934426;0,071925754;4,79;4,538983051;0,077844311;0,808383234;0,107784431;0;0
040536;0,05952381;0,94047619;1973,821429;0,017021277;0,353191489;0,013513514;0,025531915;2,38;4,603896104;0,095238095;0,857142857;0,047619048;0;0
040538;0,025641026;0,991452991;1980,604693;0,008474576;0,444915254;0,083333333;0,012711864;8,55;4,396363636;0;0,974358974;0,025641026;0;0
040539;0,014705882;0,960784314;1966,379845;0,016528926;0,394628099;0,038461538;0,030991736;7,67;4,686015831;0;0,960784314;0,034313725;0;0
040540;0,021164021;0,947089947;1973,593407;0,009029345;0,347629797;0,093023256;0,022573363;7,405;4,711538462;0,005291005;0,857142857;0,121693122;0,005291005;0,010582011
040541;0,022346369;0,938547486;1966,942188;0,031078611;0,334552102;0,107784431;0,049360146;9,36;4,331147541;0,145251397;0,82122905;0,027932961;0;0,005586592
040542;0,005025126;0,964824121;1969,911523;0,029017857;0,379464286;0,174418605;0,029017857;8,065;4,453974895;0,020100503;0,889447236;0,060301508;0;0
040543;0,037878788;0,954545455;1968,271863;0,016339869;0,41503268;0,225;0,039215686;11,935;4,720306513;0,03030303;0,916666667;0,037878788;0;0,007575758
040544;0,006410256;0,891025641;1962,129283;0,012158055;0,428571429;0,184210526;0,021276596;7,06;3,970967742;0;0,942307692;0,057692308;0;0
040604;0,018796992;0,98490566;1969,508889;0,020033389;0,377295492;0,042857143;0,053422371;3,38;4,697104677;0,045112782;0,857142857;0,071428571;0,015037594;0,003759398
040605;0,02247191;0,97752809;1967;0,005376344;0,5;0,208333333;0,02688172;2,25;4,391752577;0,02247191;0,966292135;0,011235955;0;0
040607;0,00729927;0,934306569;1979,1875;0,029069767;0,311046512;0,018867925;0,049418605;7,3;4,231404959;0,072992701;0,832116788;0,094890511;0;0
040608;0,071849234;0,775029446;1983,93306;0,042590949;0,215173026;0,102189781;0,114463177;4,59;4,755474453;0,259128386;0,468786808;0,166077739;0,091872792;0,003533569
040609;0,041025641;0,923076923;1983,493528;0,025270758;0,297833935;0,065116279;0,0433213;4,1;4,818181818;0,046153846;0,78974359;0,148717949;0,005128205;0
040611;0,0390625;0,90625;1974,544747;0,026578073;0,408637874;0,175925926;0,033222591;7,81;4,712062257;0,28125;0,625;0,0703125;0,0078125;0
040612;0,033333333;1;1974,96875;0,019230769;0,418269231;0,126984127;0,033653846;1,11;4,244755245;0,044444444;0,911111111;0,033333333;0;0
040613;0,006944444;0,986111111;1978,26947;0,013029316;0,573289902;0,09375;0,026058632;2,08;4,797507788;0,027777778;0,791666667;0,173611111;0;0
040616;0,033112583;0,966666667;1979,501845;0,006116208;0,431192661;0,13;0,04587156;2,65;4,896678967;0,079470199;0,801324503;0,105960265;0;0
040618;0,02020202;0,98989899;1966,048309;0,019607843;0,524509804;0,130434783;0,009803922;0,895;4,608695652;0,070707071;0,888888889;0,04040404;0;0
040619;0,014492754;0,992753623;1961,386691;0,019292605;0,411575563;0,02247191;0,045016077;6,135;4,841726619;0,007246377;0,905797101;0,065217391;0;0
040620;0,025906736;0,899827288;1979,318861;0,033624748;0,288500336;0,095238095;0,079354405;4,42;4,675422139;0,09671848;0,791018998;0,098445596;0,003454231;0,001727116
040621;0,027624309;0,972375691;1976,664516;0,005;0,39;0,08974359;0,0275;0,895;4,467741935;0,033149171;0,889502762;0,066298343;0,005524862;0
040701;0,098591549;0,971830986;1978,443359;0,020172911;0,337175793;0,049180328;0,034582133;7,75;4,826086957;0,049295775;0,795774648;0,133802817;0;0
040702;0,072727273;0,909090909;1973,623596;0,031128405;0,342412451;0,171875;0,019455253;10,91;4,437246964;0,063636364;0,845454545;0,063636364;0,009090909;0
040703;0,014925373;0,962406015;1955,93254;0,010380623;0,404844291;0,181818182;0,020761246;8,96;4,467479675;0,029850746;0,895522388;0,037313433;0,029850746;0,007462687
040704;0,038834951;0,951456311;1970,458333;0,016877637;0,371308017;0,162162162;0,021097046;6,8;4,107526882;0,058252427;0,922330097;0,019417476;0;0
040708;0,047244094;0,936507937;1974,308163;0,007662835;0,494252874;0,046875;0,042145594;4,72;4,471311475;0,047244094;0,866141732;0,05511811;0,007874016;0
040709;0,026666667;0,94;1970,176211;0,010362694;0,303108808;0,147540984;0,046632124;4,67;4,853982301;0,053333333;0,873333333;0,053333333;0;0
040710;0,010869565;0,97826087;1978,572414;0,009345794;0,41588785;0,043859649;0,028037383;9,78;4,503448276;0,032608696;0,923913043;0,032608696;0;0
040711;0,136563877;0,837004405;1979,481688;0,032332564;0,197074673;0,147482014;0,079291763;7,49;4,5344;0,129955947;0,640969163;0,178414097;0,024229075;0,004405286
040712;0,054054054;0,932432432;1986,862816;0,029585799;0,381656805;0,181818182;0,01183432;8,11;4,587591241;0,027027027;0,885135135;0,074324324;0,006756757;0
040713;0;0,964285714;1978,490566;0,03902439;0,268292683;0,152542373;0,019512195;8,33;4,613207547;0,047619048;0,904761905;0,035714286;0;0
040714;0,037383178;0,943925234;1973,995413;0,008547009;0,508547009;0,254901961;0,004273504;3,74;4,646788991;0,028037383;0,953271028;0,018691589;0;0
040716;0,122507123;0,905982906;1975,532319;0,026910657;0,297093649;0,206434316;0,023681378;7,12;4,641221374;0,085470085;0,814814815;0,074074074;0,017094017;0,002849003
040718;0,06122449;0,924137931;1971,146288;0,035532995;0,274111675;0,1484375;0,038071066;10,88;4,672489083;0,068027211;0,795918367;0,115646259;0,013605442;0
040720;0,03930131;0,96069869;1959,504246;0,027272727;0,356363636;0,138888889;0,047272727;7,86;4,582978723;0,048034934;0,88209607;0,056768559;0,008733624;0,004366812
040721;0,228669725;0,695242473;1983,287535;0,048346271;0,160732366;0,109487796;0,146051299;7,48;4,725644249;0,426834862;0,216972477;0,111238532;0,20733945;0,001146789
040722;0,023622047;0,983870968;1957,592857;0,021352313;0,491103203;0,056338028;0,003558719;7,09;4,704761905;0,015748031;0,929133858;0,015748031;0;0
040724;0,02994012;0,910179641;1973,195378;0,014184397;0,31678487;0,15;0,035460993;6,59;4,882352941;0,041916168;0,826347305;0,107784431;0,011976048;0
040727;0,075862069;0,986206897;1971,644404;0,009118541;0,407294833;0,083333333;0,036474164;6,21;4,249097473;0,020689655;0,820689655;0,151724138;0;0
040728;0,04040404;0,939393939;1966,553254;0,013452915;0,35426009;0,236842105;0,022421525;7,07;4,053254438;0,03030303;0,96969697;0;0;0
040729;0,045643154;0,929460581;1980,842417;0,013937282;0,357142857;0,132596685;0,022648084;7,05;4,836492891;0,049792531;0,875518672;0,074688797;0;0
040730;0,060475162;0,870410367;1967,650834;0,016289593;0,361085973;0,097112861;0,05158371;6,91;4,472222222;0,084233261;0,75161987;0,127429806;0,021598272;0
040731;0,009090909;0,990909091;1964,71123;0,036900369;0,302583026;0,057142857;0,018450185;15,45;4,475935829;0;0,981818182;0;0;0
040732;0,052238806;0,895522388;1985,998252;0,018808777;0,354231975;0,179775281;0,043887147;6,72;4,554770318;0,074626866;0,753731343;0,149253731;0,007462687;0
040733;0,030487805;0,975609756;1962,669291;0,014150943;0,452830189;0,107142857;0,044811321;4,27;4,165354331;0,054878049;0,829268293;0,091463415;0,018292683;0
040734;0,112903226;0,975806452;1976;0,003533569;0,349823322;0,117647059;0,035335689;7,26;4,772093023;0,032258065;0,879032258;0,072580645;0;0
040738;0,087248322;0,899328859;1967,053435;0,018617021;0,406914894;0,0859375;0,034574468;5;4,400763359;0,020134228;0,859060403;0,087248322;0,020134228;0
040739;0,04787234;0,946808511;1969,437956;0,015065913;0,301318267;0,081967213;0,035781544;8,866666667;4,417582418;0,026595745;0,95212766;0,015957447;0,005319149;0
040740;0,082352941;0,876470588;1965,064189;0,021686747;0,334939759;0,161290323;0,009638554;8,46;4,406779661;0,064705882;0,870588235;0,047058824;0,011764706;0
040741;0,039735099;0,860927152;1966,620968;0,020958084;0,395209581;0,305882353;0,011976048;3,24;4,510204082;0,059602649;0,907284768;0,026490066;0;0
040742;0,044776119;0,940298507;1955,035211;0,041176471;0,4;0,166666667;0,035294118;13,555;4,47826087;0,029850746;0,925373134;0,029850746;0;0
040801;0,051470588;0,955882353;1982,040254;0,009771987;0,456026059;0,116883117;0,022801303;5,88;4,637931034;0,044117647;0,845588235;0,095588235;0;0
040802;0,0125;0,945833333;1976,389892;0,019933555;0,310631229;0,087378641;0,03654485;2,92;4,864620939;0,0625;0,825;0,104166667;0,004166667;0
040803;0,009708738;0,951456311;1982,408163;0,004739336;0,582938389;0,025;0,018957346;4,85;4,933673469;0,029126214;0,902912621;0,067961165;0;0
040804;0;0,95;1969,910194;0,046296296;0,226851852;0,272727273;0,037037037;8,75;4,426315789;0,0375;0,9;0,05;0,0125;0
040807;0,009090909;0,922727273;1965,726563;0,020044543;0,467706013;0,317307692;0,017817372;3,64;4,547120419;0,013636364;0,931818182;0,054545455;0;0
040808;0,014705882;0,970588235;1972,253165;0,023738872;0,332344214;0,214285714;0,020771513;8,09;3,851694915;0,058823529;0,875;0,058823529;0,007352941;0
040809;0,008333333;0,95;1953,472549;0,031358885;0,379790941;0,120481928;0,034843206;5,83;3,788235294;0,091666667;0,9;0,008333333;0;0
040811;0,015873016;0,952380952;1961,2;0,025641026;0,365384615;0,104166667;0,083333333;1,59;4,59;0,015873016;0,904761905;0,079365079;0;0
040812;0,006578947;1;1977,551331;0,020942408;0,366492147;0,131782946;0,02617801;2,63;4,273764259;0,046052632;0,901315789;0,052631579;0;0
040813;0,022727273;0,954545455;1979,921053;0,015957447;0,45212766;0,107692308;0,074468085;2,27;4,81871345;0,022727273;0,875;0,090909091;0,011363636;0
040815;0;0,9875;1964,716783;0,012121212;0,406060606;0,014705882;0,03030303;13,75;4,342857143;0,1875;0,8;0;0;0
040817;0,0125;0,96875;1969,575085;0,008450704;0,416901408;0,058823529;0,033802817;4,38;4,456747405;0,0125;0,93125;0,05;0;0
040819;0;0,953125;1972,148026;0,045454545;0,305194805;0,098360656;0,045454545;3,13;4,052631579;0,046875;0,875;0,078125;0;0
040820;0,036144578;0,951807229;1976,471774;0,023255814;0,488372093;0,08;0,029069767;2,41;4,508064516;0;0,951807229;0,048192771;0;0
040821;0,02027027;0,966216216;1973,111913;0,009433962;0,462264151;0,077586207;0,028301887;4,73;4,334545455;0,013513514;0,837837838;0,135135135;0;0
040822;0,096774194;0,951612903;1969,738532;0;0,282051282;0,098765432;0,057692308;1,61;4,564814815;0,048387097;0,903225806;0,048387097;0;0
040826;0,00952381;0,99047619;1977,339109;0,008547009;0,418803419;0,191176471;0,042735043;6,67;3,780748663;0,00952381;0,942857143;0,00952381;0;0
040829;0,015873016;1;1964,841743;0,010380623;0,435986159;0,032967033;0,041522491;1,466666667;4,440366972;0,023809524;0,96031746;0,015873016;0;0
040830;0,047978067;0,773817683;1978,97996;0,039104708;0,221250322;0,106936416;0,107280679;4,6675;4,725373134;0,176833448;0,666209733;0,113776559;0,030843043;0,003427005
040831;0,006756757;0,993243243;1970,566;0,017595308;0,343108504;0,181818182;0,023460411;6,53;4,349794239;0,027027027;0,945945946;0,02027027;0;0
040832;0,006369427;0,949044586;1970,570093;0,020833333;0,395833333;0,112149533;0,020833333;3,155;4,263322884;0,006369427;0,974522293;0,01910828;0;0
040901;0,103960396;0,975247525;1974,315359;0,022900763;0,251908397;0,142857143;0,034351145;4,46;4,692810458;0,00990099;0,910891089;0,064356436;0,00990099;0
040903;0,173684211;0,952380952;1972,731322;0,021028037;0,308411215;0,057692308;0,03271028;5,26;4,683908046;0,052631579;0,826315789;0,110526316;0,005263158;0
040905;0,035608309;0,908011869;1969,108919;0,023778071;0,422721268;0,12962963;0,039630119;4,45;4,246453901;0,044510386;0,910979228;0,008902077;0,020771513;0
040906;0,017699115;0,991150442;1955,220297;0,025423729;0,377118644;0;0,004237288;7,96;4,71641791;0,008849558;0,92920354;0,061946903;0;0
040909;0,082352941;0,923529412;1970,396166;0,009677419;0,396774194;0;0,012903226;2,94;4,610223642;0,141176471;0,729411765;0,094117647;0,017647059;0,005882353
040910;0,057692308;0,83974359;1984,869231;0,021917808;0,397260274;0,218978102;0,01369863;9,62;4,807453416;0,032051282;0,807692308;0,108974359;0,019230769;0
040911;0;0,932291667;1963,513423;0,008379888;0,508379888;0,023529412;0,008379888;7,81;4,472789116;0,020833333;0,755208333;0,208333333;0,005208333;0,005208333
040913;0,060869565;0,973913043;1959,232;0,008130081;0,585365854;0,121212121;0,036585366;1,74;4,662650602;0,034782609;0,87826087;0,069565217;0;0
040916;0,234986945;0,702349869;1960,861357;0,034936008;0,241438948;0,093610698;0,105845728;4,53;4,7467582;0,423846823;0,304612707;0,134899913;0,119234117;0,001740644
040918;0,076628352;0,904214559;1968,835979;0,020905923;0,405923345;0,054644809;0,027874564;6,395;3,955637708;0,0651341;0,823754789;0,099616858;0,011494253;0
040919;0,049107143;0,821428571;1970,324;0,028653295;0,29417383;0,136125654;0,046800382;7,52;4,37995338;0,0625;0,821428571;0,100446429;0,008928571;0
040920;0,040201005;0,924623116;1965,674847;0,002173913;0,536956522;0,097560976;0,026086957;1,875;4,591286307;0,065326633;0,879396985;0,050251256;0;0,005025126
040921;0,082352941;0,976470588;1947,743564;0,010638298;0,510638298;0,081395349;0,031914894;5,345;4,518367347;0,094117647;0,788235294;0,111764706;0;0
041002;0,022222222;0,711111111;1964,180233;0,021367521;0,226495726;0,0625;0,055555556;17,78;4,469512195;0,133333333;0,755555556;0,055555556;0,022222222;0,011111111
041005;0,059259259;0,918215613;1961,675277;0,0125;0,3671875;0,110552764;0,0421875;8,15;4,61259542;0,040740741;0,833333333;0,088888889;0,014814815;0
041009;0;0,863636364;1963,20155;0,026666667;0,26;0,150684932;0,04;7,58;4,5625;0;0,878787879;0,121212121;0;0
041010;0,014388489;0,841726619;1966,748092;0,026627219;0,213017751;0,178571429;0,029585799;5,76;4,729411765;0,043165468;0,863309353;0,071942446;0,007194245;0,007194245
041011;0,123076923;0,846153846;1960,5;0,037735849;0,308176101;0,112903226;0,025157233;3,08;4,391666667;0,046153846;0,876923077;0,061538462;0;0
041012;0,222222222;0,909722222;1974,990706;0,039312039;0,250614251;0,06097561;0,056511057;10,42;4,817843866;0,159722222;0,694444444;0,076388889;0,0625;0
041013;0,032085561;0,870967742;1974,013846;0,036247335;0,371002132;0,095890411;0,031982942;8,02;4,632075472;0,032085561;0,839572193;0,101604278;0;0
041014;0;0,887323944;1984,775316;0;0,358024691;0,098039216;0,055555556;5,63;4,537931034;0,014084507;0,929577465;0,042253521;0;0
041015;0;0,890243902;1954,585938;0,026455026;0,285714286;0,152542373;0,021164021;19,51;4,158730159;0,036585366;0,93902439;0,024390244;0;0
041020;0,116504854;0,912621359;1972,892857;0,037344398;0,290456432;0,126436782;0,037344398;10,53;4,603864734;0,029126214;0,883495146;0,058252427;0,009708738;0
041021;0,024590164;0,926229508;1968,969965;0,007352941;0,286764706;0,142857143;0,022058824;5,465;4,55513308;0,016393443;0,926229508;0,032786885;0;0
041022;0;0,898876404;1970,61036;0,024725275;0,412087912;0,19266055;0,024725275;9,95;4,288461538;0,033707865;0,859550562;0,084269663;0,011235955;0
041023;0,059210526;0,667763158;1974,448954;0,034397016;0,235391629;0,125228519;0,082884376;6,045;4,661852167;0,25877193;0,533991228;0,115131579;0,078947368;0
041024;0,042857143;0,892857143;1971,696078;0,016691958;0,344461305;0,06557377;0,042488619;12,365;4,763736264;0,032142857;0,896428571;0,064285714;0;0
041103;0,011320755;0,973584906;1979,462623;0,038516405;0,258202568;0,143968872;0,037089872;5,66;4,699494949;0,030188679;0,80754717;0,135849057;0,022641509;0,003773585
041107;0,029411765;0,982352941;1976,065574;0,016706444;0,455847255;0,142857143;0,023866348;4,71;4,3126294;0,017647059;0,823529412;0,152941176;0;0
041108;0;0,968253968;1982,368952;0,00877193;0,504385965;0,055555556;0,013157895;0,79;4,044715447;0,007936508;0,857142857;0,134920635;0;0
041109;0,02020202;0,949494949;1976,761161;0,018018018;0,536036036;0,02173913;0,040540541;3,03;4,473214286;0;0,767676768;0,222222222;0,01010101;0
041110;0,03030303;0,97979798;1968,002387;0,014184397;0,460992908;0,070175439;0,040189125;2,53;4,825775656;0,015151515;0,898989899;0,085858586;0;0
041113;0,013157895;0,986842105;1969,244444;0,011049724;0,359116022;0,127906977;0,055248619;0;4,451851852;0,026315789;0,894736842;0,078947368;0;0
041114;0,018987342;0,789029536;1984,641772;0,032684825;0,244357977;0,076422764;0,080155642;6,96;4,754789272;0,156118143;0,639240506;0,181434599;0,014767932;0,002109705
041115;0,015503876;0,965116279;1977,4464;0,019400353;0,523809524;0,139240506;0,005291005;2,75;4,752808989;0,007751938;0,879844961;0,104651163;0,003875969;0
041116;0,006410256;0,974358974;1960,671096;0,020895522;0,462686567;0,086956522;0,041791045;4,21;4,510067114;0,012820513;0,935897436;0,051282051;0;0
041117;0,007246377;0,985507246;1975,070787;0,016233766;0,581168831;0,146666667;0,029220779;1,505;4,35214447;0,028985507;0,855072464;0,108695652;0,007246377;0
041201;0,025;0,941666667;1948,197479;0,025;0,467857143;0,069444444;0,021428571;2,5;4,865546218;0;1;0;0;0
041203;0,01459854;0,99270073;1974,869863;0,009063444;0,377643505;0,297029703;0,042296073;10,95;3,894977169;0,00729927;0,97080292;0,01459854;0;0
041204;0;0,990740741;1978,927203;0,014869888;0,275092937;0;0,040892193;18,52;4,35;0;0,990740741;0,009259259;0;0
041206;0;1;1970,175676;0,02020202;0,409090909;0,2;0,02020202;4,55;3,491803279;0;0,965909091;0,034090909;0;0
041207;0;0,968253968;1954,073077;0,006622517;0,410596026;0,048780488;0,033112583;6,35;4,915384615;0;1;0;0;0
041208;0,025157233;0,974842767;1979,109635;0,013297872;0,47606383;0,14893617;0,026595745;5,66;4,209302326;0,037735849;0,855345912;0,106918239;0;0
041215;0,012048193;0,975903614;1991,531746;0,015706806;0,382198953;0,203703704;0,02617801;2,41;4,849206349;0,012048193;0,891566265;0,096385542;0;0
041216;0,02020202;0,949494949;1968,573733;0,050980392;0,305882353;0,117647059;0,007843137;19,19;4,271889401;0,01010101;0,95959596;0,02020202;0;0
041219;0,029288703;0,941422594;1962,713953;0,024271845;0,355987055;0,095238095;0,017799353;5,44;4,517647059;0,025104603;0,89539749;0,066945607;0,012552301;0
041221;0,01754386;0,99122807;1965,981633;0,019685039;0,484251969;0,0625;0,015748031;10,53;4,528688525;0,01754386;0,964912281;0,00877193;0;0
041226;0,005434783;0,994565217;1970,245875;0,007751938;0,452196382;0,052631579;0,025839793;1,09;4,636963696;0,010869565;0,951086957;0,038043478;0;0
041227;0,013245033;0,98013245;1949,372694;0,023054755;0,446685879;0,182926829;0,017291066;5,96;4,73800738;0,033112583;0,874172185;0,086092715;0,006622517;0
041229;0,013513514;0,959459459;1952,179389;0;0,467391304;0,170212766;0,02173913;6,76;3,907692308;0;0,891891892;0,094594595;0,013513514;0
041230;0,012345679;0,975308642;1981,218543;0,005376344;0,456989247;0,115384615;0,037634409;4,94;4,264900662;0;0,901234568;0,098765432;0;0
041232;0,009259259;0,935185185;1958,1893;0,026022305;0,334572491;0,14893617;0,018587361;5,56;4,874476987;0,027777778;0,916666667;0,046296296;0;0
041233;0;0,985915493;1974,679167;0,006451613;0,44516129;0,12;0,019354839;15,49;4,641666667;0,056338028;0,887323944;0,042253521;0;0
041234;0,028037383;1;1976,699541;0,008510638;0,489361702;0;0,017021277;2,8;4,940366972;0;0,971962617;0,028037383;0;0
041235;0,049941928;0,817653891;1974,107113;0,032071269;0,255679287;0,084762866;0,079732739;5,23;4,555831266;0,18931475;0,648083624;0,103368177;0,041811847;0,003484321
041236;0;0,956834532;1967,777385;0,006389776;0,418530351;0,180555556;0,028753994;6,62;4,659574468;0,014388489;0,935251799;0,043165468;0;0
041237;0,027027027;0,945945946;1972,104743;0,025179856;0,424460432;0,208333333;0,017985612;4,315;4,102766798;0,009009009;0,918918919;0,063063063;0;0,009009009
041238;0,009009009;0,990990991;1988,439891;0,011673152;0,435797665;0,085714286;0,019455253;3,62;4,765027322;0;0,945945946;0,054054054;0;0
041239;0,007352941;1;1957,02439;0,003496503;0,559440559;0,188679245;0,01048951;5,095;4,385159011;0;0,948529412;0,036764706;0,007352941;0
041240;0,006849315;0,979310345;1971,831839;0,024390244;0,382113821;0,126315789;0,032520325;9,515;4,504504505;0,020547945;0,95890411;0,01369863;0,006849315;0
041241;0;0,961165049;1975,118721;0,022321429;0,5;0,142857143;0,013392857;3,353333333;4,261682243;0,048543689;0,932038835;0,019417476;0;0
041242;0;0,985714286;1994,882353;0,011695906;0,409356725;0,148148148;0,035087719;1,22;4,630252101;0,014285714;0,971428571;0,014285714;0;0
041243;0,01;1;1959,722222;0,012658228;0,341772152;0,075757576;0,016877637;7,75;4,129411765;0,01;0,93;0,06;0;0
050102;0,1425;0,778473091;1972,911742;0,032274857;0,281103592;0,161781946;0,068193649;6,25;4,526315789;0,1625;0,76125;0,06125;0,00875;0
050104;0,054054054;0,875;1972,354892;0,028358209;0,355223881;0,113445378;0,032835821;5,07;4,73089701;0,047297297;0,885135135;0,050675676;0;0,003378378
050105;0,110429448;0,920245399;1976,991857;0,028089888;0,387640449;0,243243243;0,036516854;4,91;4,885993485;0,085889571;0,871165644;0,036809816;0;0
050106;0,114343708;0,710223426;1976,03305;0,040899796;0,235685072;0,15625;0,062627812;6,955;4,67107943;0,248308525;0,665764547;0,054127199;0,01962111;0,00067659
050201;0,383021728;0,802325581;1974,789718;0,042015133;0,223217841;0,114188326;0,0826364;4,95;4,649851632;0,47700859;0,430520465;0,038403234;0,030823648;0,000505306
050202;0,072289157;0,981873112;1959,610243;0,007385524;0,515509601;0,132867133;0,023633678;3,61;4,22027972;0,012048193;0,96686747;0,018072289;0;0
050203;0,170418006;0,945337621;1977,975117;0,016666667;0,388888889;0,080508475;0,061111111;3,54;4,211446741;0,292604502;0,678456592;0,022508039;0,006430868;0
050205;0,374504576;0,733799971;1975,450214;0,04852165;0,164462857;0,101429128;0,153595142;5,09;4,632072748;0,614758233;0,296677956;0,011457808;0,053830079;0,00086474
050211;0,214285714;0,881773399;1973,849819;0,031217482;0,355879292;0,143661972;0,042663892;4,19;4,474327628;0,167487685;0,78817734;0,022167488;0,007389163;0,002463054
050212;0,242857143;0,924731183;1972,667247;0,009433962;0,367924528;0,084656085;0,034591195;7,86;4,507964602;0,132142857;0,839285714;0,014285714;0,007142857;0
050214;0,095238095;0,93040293;1972,265141;0,00967118;0,553191489;0,05982906;0,027079304;4,4;4,358592693;0,120879121;0,853479853;0;0;0
050216;0,071428571;0,948186528;1964,23851;0,023809524;0,552910053;0,066666667;0,013227513;8,67;4,073482428;0,081632653;0,867346939;0,005102041;0;0
050220;0,210382514;0,876712329;1952,002699;0,031425365;0,392817059;0,127725857;0,054994388;6,56;4,602545969;0,133879781;0,833333333;0,013661202;0,013661202;0
050221;0,042821159;0,977329975;1962,208678;0,004016064;0,623828648;0,116788321;0,021419009;2,02;4,695247934;0,080604534;0,879093199;0,020151134;0;0
050222;0,090384615;0,895953757;1957,328938;0,025416998;0,386814932;0,097112861;0,023034154;4,81;4,004552352;0,078846154;0,855769231;0,028846154;0,011538462;0,001923077
050223;0,062686567;0,971599402;1967,882512;0,007490637;0,552808989;0,046666667;0,017228464;4,18;4,589914945;0,056716418;0,917910448;0,005970149;0;0,002985075
050225;0,173913043;0,913043478;1944,103242;0,023931624;0,314529915;0,103305785;0,047863248;3,16;4,782534247;0,071146245;0,889328063;0,019762846;0,015810277;0
050226;0,270531401;0,871980676;1963,54918;0,021401819;0,378277154;0,121451104;0,054574639;3,145;4,546245059;0,492753623;0,460144928;0,02294686;0,004830918;0,001207729
050227;0,267504488;0,902877698;1961,69554;0,027138158;0,355263158;0,167728238;0,050986842;4,865;4,494303243;0,186714542;0,775583483;0,023339318;0,008976661;0
050228;0,263386397;0,915574964;1967,643045;0,021808852;0,342527261;0,128038898;0,049390635;5,415;4,769298246;0,19536903;0,75397974;0,020260492;0,00723589;0
050229;0,170731707;0,923913043;1969,131807;0,014580802;0,381530984;0,11;0,038882139;3,55;4,323383085;0,097560976;0,875338753;0,008130081;0,005420054;0
050230;0,126888218;0,957703927;1969,471204;0,022788204;0,36997319;0,154440154;0,022788204;3,93;4,386125654;0,081570997;0,888217523;0,006042296;0,006042296;0
050231;0,184079602;0,883084577;1978,743703;0,037796976;0,271058315;0,114914425;0,061555076;3,49;4,712846348;0,134328358;0,800995025;0,034825871;0,007462687;0
050302;0,050583658;0,922178988;1962,443676;0,030063291;0,245253165;0,0781893;0,030063291;4,28;4,673956262;0,190661479;0,73151751;0,042801556;0,027237354;0
050305;0,166934189;0,701444623;1981,116738;0,055760937;0,127849661;0,122724604;0,138940234;7,3;4,698808234;0,502407705;0,326645265;0,066613162;0,090690209;0,000802568
050308;0,081460674;0,814606742;1971,812175;0,020361991;0,234162896;0,161725067;0,037330317;7,58;4,404435058;0,151685393;0,691011236;0,120786517;0,016853933;0,005617978
050309;0,094808126;0,695259594;1974,296078;0,046470063;0,222520107;0,190854871;0,073279714;5,87;4,618951613;0,288939052;0,528216704;0,099322799;0,060948081;0,002257336
050310;0,038834951;0,870550162;1967,54582;0,032440056;0,294781382;0,09486166;0,049365303;5,18;4,277586207;0,103559871;0,669902913;0,181229773;0,025889968;0,003236246
050311;0,090504451;0,795252226;1972,803226;0,033529412;0,237058824;0,173001311;0,075882353;7,42;4,707386364;0,145400593;0,775964392;0,06379822;0,008902077;0
050312;0,054216867;0,834337349;1976,924644;0,022332506;0,265508685;0,077586207;0,045905707;7,23;4,740816327;0,084337349;0,825301205;0,072289157;0,018072289;0
050314;0,046224961;0,838212635;1976,020735;0,028940887;0,271551724;0,147321429;0,070812808;3,7;4,781576448;0,163328197;0,688751926;0,109399076;0,026194145;0,001540832
050315;0,096514745;0,849462366;1975,439523;0,027282267;0,289611752;0,2225;0,043022036;9,38;4,659284497;0,115281501;0,798927614;0,067024129;0,00536193;0,00536193
050318;0,028673835;0,892473118;1952,272588;0,022116904;0,413902054;0,145945946;0,017377567;4,3;4,446153846;0,086021505;0,695340502;0,17562724;0,028673835;0
050322;0,005102041;0,913265306;1975,788776;0,023923445;0,437799043;0,113207547;0,026315789;1,53;4,262156448;0,071428571;0,780612245;0,112244898;0,020408163;0
050324;0,090194265;0,642923219;1970,070633;0,045697013;0,204480797;0,146749708;0,123755334;6,57;4,360819328;0,531452359;0,275670675;0,067992599;0,099444958;0,002312673
050325;0,038785835;0,765598651;1973,278129;0,028612303;0,266809728;0,080645161;0,032904149;5,56;4,344740177;0,50084317;0,340640809;0,096121417;0,040472175;0,001686341
050327;0,014336918;0,870967742;1968,256225;0,034638554;0,368975904;0,242857143;0,001506024;10,39;4,335664336;0,032258065;0,946236559;0,017921147;0,003584229;0
050332;0,08310992;0,908847185;1977,255319;0,026166098;0,365187713;0,104918033;0,04778157;2,945;4,794228356;0,037533512;0,790884718;0,160857909;0,00536193;0
050333;0,069028711;0,606597434;1971,744767;0,024660292;0,238047307;0,172678888;0,034725717;7,93;4,480995162;0,546731827;0,372632865;0,034208919;0,026267563;0,001221747
050334;0,063400576;0,947976879;1960,578863;0,010037641;0,427854454;0,148471616;0,042659975;4,615;4,588558856;0,09221902;0,720461095;0,167146974;0,014409222;0,002881844
050335;0,147441567;0,630280799;1964,312112;0,040216591;0,227946588;0,138163816;0,143465461;5,776;4,495943205;0,685786481;0,146683512;0,025773847;0,128111181;0,001389766
050336;0,099818512;0,809437387;1980,23913;0,040396882;0,233876683;0,110062893;0,068745571;6,32;4,685358255;0,123411978;0,740471869;0,105263158;0,014519056;0,003629764
050337;0,098724348;0,713492504;1970,014448;0,034743875;0,216258352;0,16180758;0,06325167;9,77;4,658739596;0,404880754;0,476982806;0,0427066;0,056572379;0,001663894
050338;0,058461538;0,839506173;1966,333333;0,040540541;0,272727273;0,139372822;0,036855037;9,595;4,531490015;0,095384615;0,833846154;0,046153846;0,015384615;0,003076923
050401;0,045977011;0,831417625;1971,022814;0,025974026;0,292207792;0,153846154;0,042207792;6,51;4,633663366;0,134099617;0,796934866;0,022988506;0,003831418;0
050402;0,104347826;0,780434783;1969,900593;0,036440678;0,245762712;0,120879121;0,066101695;6,96;4,876319759;0,310869565;0,57173913;0,091304348;0,017391304;0,002173913
050403;0,090047393;0,786729858;1964,841463;0,034205231;0,299798793;0,122641509;0,042253521;4,74;4,56056338;0,146919431;0,786729858;0,047393365;0,004739336;0,004739336
050406;0,155555556;0,762962963;1988,227152;0,029438822;0,299908004;0,126410835;0,053357866;9,63;4,923178808;0,271604938;0,64691358;0,022222222;0,024691358;0,002469136
050408;0,110132159;0,894273128;1974,634021;0,022177419;0,409274194;0,153846154;0,026209677;2,64;4,860824742;0,061674009;0,766519824;0,118942731;0,04845815;0
050410;0,013333333;0,932885906;1958,463483;0,025936599;0,409221902;0,067901235;0,014409222;2,67;4,658045977;0,02;0,9;0,06;0,006666667;0,006666667
050411;0,08372093;0,874418605;1973,903226;0,022267206;0,348178138;0,175531915;0,030364372;13,02;4,712727273;0,120930233;0,804651163;0,060465116;0,013953488;0
050412;0,053191489;0,911347518;1975,229211;0,022865854;0,332317073;0,12704918;0,021341463;4,61;4,824786325;0,109929078;0,762411348;0,070921986;0,031914894;0,007092199
050413;0,115384615;0,820512821;1982,825806;0,032019704;0,293103448;0,113924051;0,098522167;7,69;4,660215054;0,083333333;0,858974359;0,032051282;0,006410256;0
050416;0,177777778;0,758928571;1978,300412;0,037234043;0,225177305;0,201520913;0,039007092;10,67;4,241014799;0,08;0,844444444;0,053333333;0,008888889;0,008888889
050419;0,055045872;1;1975,860806;0,012711864;0,368644068;0,102564103;0,012711864;3,67;4,391143911;0,091743119;0,76146789;0,119266055;0,018348624;0
050420;0,205607477;0,90851735;1973,000623;0,010769231;0,48;0,186046512;0,029230769;7,17;4,486858573;0,080996885;0,872274143;0,00623053;0,009345794;0
050421;0,078947368;0,838815789;1978,308495;0,037087912;0,245879121;0,152317881;0,043956044;8,22;4,669150522;0,078947368;0,8125;0,072368421;0,019736842;0
050424;0,109414758;0,849872774;1975,580411;0,037190083;0,269628099;0,139534884;0,044421488;3,82;4,700606061;0,145038168;0,62086514;0,201017812;0,022900763;0
050425;0,179063361;0,870523416;1969,862069;0,026936027;0,38047138;0,096463023;0,039281706;4,96;4,725225225;0,217630854;0,719008264;0,024793388;0,022038567;0
050426;0,074585635;0,834254144;1977,55303;0,018587361;0,346964064;0,130136986;0,048327138;6,08;4,826446281;0,151933702;0,657458564;0,14640884;0,033149171;0
050427;0,076628352;0,799227799;1978,843202;0,035598706;0,283171521;0,182879377;0,040453074;6,13;4,463302752;0,072796935;0,812260536;0,088122605;0,01532567;0
050431;0,04245283;0,882075472;1974,662857;0,026923077;0,330769231;0,180851064;0,025;5,19;4,515759312;0,023584906;0,938679245;0,033018868;0;0
050432;0,079812207;0,894117647;1978,526053;0,025164114;0,419037199;0,214285714;0,025164114;5,125;4,922222222;0,023474178;0,887323944;0,082159624;0,007042254;0
050433;0,012448133;0,975103734;1965,827504;0,016;0,482;0,072580645;0,022;2,315;4,452229299;0,053941909;0,817427386;0,116182573;0,004149378;0
050434;0,206536453;0,738515216;1975,349366;0,042057466;0,193910972;0,132325725;0,110242668;7,02;4,656234837;0,413846451;0,415200155;0,055501837;0,091858441;0,002320634
050435;0,100185529;0,909090909;1970,25251;0,023569024;0,413299663;0,204301075;0,022727273;7,76;4,347870183;0,057513915;0,912801484;0,00742115;0,009276438;0
050436;0,080620155;0,838258165;1962,566897;0,017655367;0,453389831;0,188571429;0,025423729;6,905;4,506583507;0,085271318;0,858914729;0,027906977;0,010852713;0,001550388
050502;0,172661871;0,963768116;1968,949649;0,02739726;0,438356164;0,1875;0,003424658;4,32;4,661800487;0,035971223;0,928057554;0,021582734;0;0
050505;0,245454545;0,868613139;1975,647675;0,029457364;0,350387597;0,158227848;0,03875969;6,91;4,408918406;0,294545455;0,630909091;0,005454545;0,010909091;0,001818182
050506;0,18487395;0,798319328;1950,910188;0,011029412;0,529411765;0,186440678;0,033088235;10,92;4,841823056;0,201680672;0,764705882;0;0;0
050509;0,119318182;0,880681818;1964,257757;0,011267606;0,436619718;0,037735849;0,030985915;8,52;4,343065693;0,119318182;0,818181818;0,017045455;0,028409091;0
050510;0,245856354;0,944751381;1975,263456;0,018716578;0,526737968;0,086124402;0,012032086;3,87;4,688697318;0,113259669;0,848066298;0,019337017;0,013812155;0
050511;0,174757282;0,932038835;1956,858491;0,004464286;0,566964286;0,093023256;0,03125;5,83;4,723287671;0,233009709;0,699029126;0,019417476;0,009708738;0
050512;0,235074627;0,944029851;1968,435533;0,020484171;0,586592179;0,191489362;0,011173184;4,85;4,4;0,425373134;0,518656716;0;0;0
050514;0,289473684;0,887218045;1969,036269;0,028571429;0,475;0,122093023;0,053571429;3,76;4,639032815;0,263157895;0,714285714;0;0,007518797;0,003759398
050516;0,143939394;0,992424242;1962,262115;0;0,594936709;0;0,008438819;0;4,284064665;0,045454545;0,893939394;0,022727273;0,007575758;0
050518;0,240722166;0,880641926;1971,655214;0,040328896;0,305794832;0,076263108;0,074001566;5,525;4,560019598;0,31995988;0,614844534;0,011033099;0,014042126;0,001003009
050519;0,212885154;0,879551821;1971,543744;0,02407932;0,440509915;0,27826087;0,019830028;6,525;4,337512054;0,336134454;0,599439776;0,011204482;0,008403361;0
050520;0,085778781;0,984198646;1961,486266;0,006726457;0,603139013;0,075;0,014573991;6,515;4,607302534;0,013544018;0,966139955;0;0,004514673;0
050521;0,193621868;0,972157773;1966,26;0,031458532;0,397521449;0,118421053;0,006673022;10,95;4,476614699;0,325740319;0,62642369;0;0,01594533;0
050601;0,017094017;0,974358974;1970,038591;0,004219409;0,548523207;0,111111111;0,029535865;2,56;4,458646617;0,042735043;0,923076923;0;0;0
050603;0,063291139;1;1969,476872;0,003236246;0,511326861;0,028169014;0;1,27;4,960352423;0,03164557;0,930379747;0,03164557;0,006329114;0
050605;0;0,988764045;1968,762069;0,004784689;0,43062201;0;0,038277512;4,49;4,8;0;0,988764045;0;0;0,011235955
050606;0;0,949367089;1966,164948;0,01754386;0,32748538;0,06779661;0,046783626;5;4,601036269;0,0375;0,95;0,0125;0;0
050607;0,020547945;0,965753425;1982,988636;0,016286645;0,384364821;0,03030303;0,016286645;4,79;4,628664495;0,034246575;0,945205479;0;0;0,006849315
050609;0,047619048;0,941391941;1960,283784;0,025073746;0,483775811;0,077348066;0,03539823;3,3;4,572533849;0,065934066;0,864468864;0,036630037;0;0,003663004
050610;0,081081081;1;1964,648649;0;0,456221198;0;0,032258065;1,8;3,968871595;0,009009009;0,981981982;0,009009009;0;0
050611;0,01369863;1;1960,652344;0;0,3625;0,090909091;0,00625;8,22;4,78125;0;0,97260274;0;0,01369863;0
050613;0,024336283;0,944690265;1969,740826;0,015825915;0,474777448;0,026936027;0,036597428;2,585;4,364595545;0,024336283;0,907079646;0,059734513;0;0,002212389
050614;0,04;0,893333333;1971,656599;0,026837325;0,308009909;0,056544503;0,054087531;5,255;4,333111702;0,054358974;0,877948718;0,043076923;0,012307692;0,002051282
050704;0,054347826;0,983695652;1971,033333;0,028328612;0,447592068;0,153846154;0,02266289;7,61;4,34529148;0,065217391;0,929347826;0;0;0
050706;0,098181818;0,912727273;1970,69536;0,010434783;0,457391304;0,094527363;0,033043478;2,91;4,731051345;0,08;0,850909091;0,058181818;0,003636364;0
050707;0,014184397;0,936170213;1984,757525;0,014285714;0,514285714;0,166666667;0,010714286;7,09;4,66442953;0,056737589;0,865248227;0,056737589;0,007092199;0
050708;0,09039548;0,90960452;1981,227711;0,00536193;0,431635389;0,184466019;0,013404826;5,08;4,925301205;0,050847458;0,898305085;0,028248588;0,005649718;0
050710;0,165079365;0,846031746;1973,17217;0,025998732;0,354470514;0,089830508;0,054533925;3,65;4,721246006;0,26984127;0,638095238;0,03015873;0,038095238;0
050711;0,134199134;0,952380952;1948,248201;0,018907563;0,464285714;0,13592233;0,018907563;7,79;4,859205776;0,047619048;0,939393939;0,004329004;0;0
050712;0,089552239;0,940298507;1979,093151;0,003891051;0,595330739;0,219512195;0,027237354;3,73;4,863013699;0,029850746;0,932835821;0,037313433;0;0
050713;0,089285714;0,939285714;1971,701731;0,015371477;0,438087105;0,110119048;0,018787361;4,703333333;4,375586854;0,085714286;0,867857143;0,021428571;0,010714286;0
050714;0,176079734;0,950166113;1950,490647;0,016129032;0,498387097;0,06557377;0,012903226;9,9;4,408959538;0,066445183;0,890365449;0,023255814;0,006644518;0
050802;0,106145251;0,927374302;1970,487639;0,012032086;0,482620321;0,133971292;0,044117647;3,63;4,780821918;0,067039106;0,910614525;0,01396648;0,005586592;0
050805;0,069444444;0,986111111;1967,766975;0,018975332;0,388994307;0,030487805;0,024667932;5,56;4,456790123;0,050925926;0,944444444;0,00462963;0;0
050807;0,13340564;0,8898535;1972,078915;0,03018716;0,257194607;0,099363681;0,070034212;5,53;4,544298605;0,138828633;0,803687636;0,030911063;0,00867679;0,003253796
050808;0,064345992;0,963080169;1978,086511;0,01884058;0,443478261;0,095611285;0,034782609;3,3;4,622307324;0,052742616;0,928270042;0,009493671;0,002109705;0,002109705
050901;0,111979167;0,9296875;1970,780811;0,031347962;0,233019854;0,132315522;0,020898642;5,73;4,607142857;0,067708333;0,861979167;0,03125;0,026041667;0
050902;0,02955665;0,955665025;1962,21194;0,025806452;0,288172043;0,077319588;0,017204301;8,37;4,586826347;0,014778325;0,931034483;0,014778325;0;0,004926108
050903;0,038095238;0,935714286;1965,141026;0,023900574;0,281070746;0,137305699;0,024856597;5,24;4,262210797;0,05;0,880952381;0,052380952;0;0
050911;0,034482759;0,948275862;1960,478227;0,015936255;0,334661355;0,212355212;0,04249668;7,76;4,728125;0,07183908;0,882183908;0,020114943;0,011494253;0,005747126
050912;0,090524535;0,831779661;1978,922204;0,047934151;0,222401549;0,08077198;0,06278244;6,13;4,564760026;0,172165821;0,706852792;0,056260575;0,038071066;0,003384095
050913;0,013477089;0,978378378;1974,553756;0,020833333;0,365740741;0,031141869;0,011574074;4,04;4,194403535;0,010781671;0,964959569;0,021563342;0,002695418;0
050914;0,016806723;0,960784314;1966,672713;0,023170732;0,414634146;0,052863436;0,026829268;3,92;4,883280757;0,019607843;0,955182073;0,014005602;0,00280112;0,00280112
050915;0,04652731;0,887913572;1967,655813;0,030344828;0,26537931;0,12625538;0,033931034;4,326666667;4,301994302;0,10991234;0,799730276;0,035064059;0,025623736;0,002022927
050916;0,018867925;0,971698113;1963,450321;0,023255814;0,433652531;0,096491228;0,039671683;4,495;4,520868114;0,031446541;0,933962264;0,025157233;0,003144654;0
050917;0,020942408;1;1967,904313;0,007092199;0,437352246;0,060810811;0,009456265;3,67;4,357142857;0;0,994764398;0;0;0,005235602
051001;0,020979021;0,909090909;1978,339117;0,012539185;0,493730408;0,098360656;0,026645768;2,1;4,864353312;0,038461538;0,877622378;0,066433566;0,006993007;0,003496503
051002;0,015873016;0,904761905;1990,75;0,019607843;0,578431373;0,095238095;0,019607843;6,35;4,716981132;0,111111111;0,873015873;0;0,015873016;0
051003;0,061349693;0,904907975;1973,177134;0,029118774;0,360153257;0,084121977;0,031417625;4,91;4,660386713;0,091002045;0,836400818;0,033742331;0,021472393;0
051101;0,158450704;0,954225352;1963,260306;0,011513158;0,532894737;0,087591241;0,032894737;3,87;4,761846902;0,165492958;0,746478873;0,024647887;0,01056338;0
051102;0,22;0,955823293;1964,103376;0,011764706;0,498039216;0,15;0,029411765;4,8;4,339662447;0,292;0,616;0,024;0,024;0,004
051103;0,181102362;0,896825397;1969,423423;0,025117739;0,513343799;0,091463415;0,047095761;4,72;4,416513761;0,271653543;0,688976378;0,019685039;0,007874016;0,003937008
051104;0,306068602;0,856200528;1966,400269;0,031710079;0,356738392;0,065151515;0,045300113;2,64;4,716981132;0,381266491;0,551451187;0,014511873;0,005277045;0
060102;0,06167979;0,766139657;1970,260469;0,043728136;0,224887556;0,092450766;0,05922039;6,04;4,627683616;0,24671916;0,582020997;0,081364829;0,038713911;0,005905512
060104;0,009950249;0,939698492;1957,157742;0,017766497;0,492385787;0,072164948;0,027918782;4,98;4,338345865;0,15920398;0,691542289;0,07960199;0,044776119;0,004975124
060105;0;0,976470588;1952,966667;0,016483516;0,467032967;0,148148148;0,027472527;1,18;4,242214533;0,188235294;0,705882353;0,011764706;0,035294118;0
060109;0,026315789;0,907894737;1946,559957;0,008426966;0,443820225;0,055045872;0,019662921;3,29;4,51011236;0,144736842;0,690789474;0,105263158;0,026315789;0
060111;0,010869565;0,813186813;1969,439825;0,016853933;0,449438202;0,125;0,016853933;7,61;4,473933649;0;0,923913043;0,054347826;0;0
060112;0,013333333;0,892376682;1966,106658;0,037037037;0,421052632;0,139705882;0,009746589;7,56;4,706398996;0,062222222;0,844444444;0,048888889;0,022222222;0
060113;0,009546539;0,899038462;1955,360022;0,022772277;0,321782178;0,111731844;0,015841584;4,77;4,640320733;0,028639618;0,871121718;0,047732697;0,00477327;0
060114;0,04518664;0,911591356;1959,377031;0,031842305;0,257012889;0,084532374;0,028809704;5,3;4,507936508;0,078585462;0,7956778;0,05697446;0,011787819;0,001964637
060115;0,030769231;0,836575875;1966,542254;0,033576642;0,289051095;0,114186851;0,032116788;8,08;4,425661914;0,169230769;0,684615385;0,076923077;0,038461538;0
060116;0,012269939;0,930379747;1971,49639;0,023255814;0,237209302;0,109947644;0,027906977;7,98;3,601476015;0,098159509;0,742331288;0,079754601;0,006134969;0
060119;0,02962963;0,977777778;1959,8171;0,003703704;0,537037037;0,192982456;0,014814815;2,965;4,823788546;0,140740741;0,77037037;0,02962963;0;0
060120;0,021621622;0,93989071;1965,182363;0,018223235;0,412300683;0,145038168;0,022779043;2,87;4,478647687;0,264864865;0,659459459;0,043243243;0,016216216;0
060121;0,027576197;0,885341074;1959,280338;0,025175644;0,288641686;0,09490085;0,032786885;4,64;4,52;0,129172714;0,735849057;0,081277213;0,030478955;0,002902758
060122;0,034013605;0,862542955;1955,95678;0,027314112;0,327769347;0,090909091;0,030349014;8,54;4,440414508;0,074829932;0,816326531;0,06462585;0,020408163;0
060201;0,058394161;0,86743215;1983,623954;0,037714286;0,242666667;0,076521739;0,099809524;6,26;4,92916984;0,202294056;0,674661105;0,059436913;0,022940563;0,001042753
060203;0,037644788;0,92642788;1970,707343;0,034087074;0,21363483;0,090837901;0,044549443;7,34;4,622191011;0,074324324;0,847490347;0,041505792;0,005791506;0,000965251
060205;0,048101266;0,941772152;1970,991818;0,037717602;0,246615087;0,073593074;0,066731141;4,05;4,625912409;0,065822785;0,848101266;0,030379747;0,012658228;0,002531646
060207;0,026442308;0,90224359;1975,747267;0,038782816;0,255071599;0,08180536;0,061157518;5,37;4,545646438;0,086538462;0,798076923;0,080929487;0,012019231;0,000801282
060208;0,041218638;0,91218638;1972,281542;0,027952481;0,296296296;0,059485531;0,070580014;2,15;4,673372781;0,078853047;0,813620072;0,066308244;0,005376344;0,001792115
060209;0,01754386;0,921052632;1974,466521;0,032284768;0,27897351;0,063706564;0,050496689;4,61;4,615733737;0,074561404;0,855263158;0,041666667;0,006578947;0,004385965
060214;0,014131898;0,824123989;1973,469804;0,038577154;0,253006012;0,105785124;0,076152305;8,41;4,742411467;0,15948856;0,722745626;0,052489906;0,017496635;0,002018843
060215;0,016025641;0,919871795;1969,684486;0,038701623;0,29463171;0,11746988;0,079900125;7,05;4,505399568;0,041666667;0,903846154;0,038461538;0,003205128;0
060218;0,015060241;0,962292609;1969,959932;0,036296686;0,224092583;0,079118029;0,032614413;6,78;4,2887078;0,072289157;0,844879518;0,049698795;0,003012048;0,003012048
060220;0,044144144;0,751655629;1973,667501;0,052947166;0,190406155;0,098043728;0,134517479;6,275;4,689684329;0,282582583;0,534234234;0,04984985;0,074474474;0,001801802
060221;0,030276817;0,914359862;1974,286146;0,030547163;0,346089292;0,096685083;0,052702249;3,74;4,667040988;0,076989619;0,813148789;0,080449827;0,010380623;0,002595156
060222;0,039726027;0,930041152;1974,031024;0,034718826;0,287041565;0,083143508;0,096821516;5,2;4,618257261;0,104109589;0,809589041;0,067123288;0,006849315;0,004109589
060223;0,028610354;0,93715847;1975,940335;0,029106029;0,295218295;0,083544304;0,066008316;3,495;4,601787488;0,07493188;0,843324251;0,044959128;0,008174387;0,005449591
060224;0,035250464;0,933085502;1972,518638;0,037974684;0,275816123;0,091900312;0,065289807;5,39;4,902313625;0,085343228;0,829313544;0,044526902;0,00742115;0
060301;0,058570198;0,940568475;1975,41439;0,031179685;0,244294439;0,074179743;0,090324654;4,39;4,713136729;0,159345392;0,754521964;0,032730405;0,006890612;0,002583979
060309;0,098571429;0,904285714;1976,65404;0,040629761;0,172168614;0,086868687;0,105637379;5,29;4,857142857;0,302857143;0,551428571;0,055714286;0,024285714;0,001428571
060311;0,058823529;0,835180055;1965,838466;0,025668738;0,245609295;0,10652921;0,091867063;5,88;4,375847197;0,39100346;0,485813149;0,034602076;0,024913495;0,002768166
060312;0,061770762;0,84604811;1978,106735;0,039278656;0,201581028;0,095477387;0,135375494;6,11;4,666279745;0,329444063;0,478380233;0,066575154;0,056966369;0,004118051
060318;0,145996674;0,685935177;1973,6741;0,035673926;0,202897062;0,084038268;0,33038833;6,47;4,70013947;0,680684248;0,104775481;0,01300784;0,145996674;0,001960086
060320;0,040595399;0,872801083;1976,467203;0,041485769;0,189097926;0,073440644;0,049204052;5,82;4,616438356;0,171853857;0,748308525;0,01082544;0,00541272;0
060324;0,075700935;0,879326473;1977,966297;0,042600897;0,17264574;0,083549223;0,080717489;6,17;4,780373832;0,200934579;0,714953271;0,017757009;0,029906542;0
060329;0,07212056;0,851453175;1969,473455;0,032472939;0,253955037;0,090410959;0,085761865;7,1;4,226223453;0,3401507;0,542518837;0,029063509;0,016146394;0,001076426
060332;0,063324538;0,867077465;1980,185287;0,034647171;0,191671964;0,113531353;0,073744437;5,525;4,506349206;0,270008795;0,598944591;0,054529464;0,016710642;0,005277045
060333;0,1104;0,8592;1978,562037;0,043757073;0,161259902;0,103550296;0,16144851;5,12;4,6996997;0,343466667;0,477866667;0,083733333;0,050666667;0,005866667
060334;0,095600129;0,480492148;1952,232336;0,028416005;0,262400687;0,133375177;0,240927636;13,7575;4,379696014;0,74862504;0,065998059;0,004205759;0,076512456;0,00129408
060335;0,087065718;0,66568874;1974,344021;0,043133754;0,154344066;0,127106817;0,167512974;9,455;4,655162242;0,589507465;0,222687317;0,016743407;0,088042417;0,000697642
060336;0,101479915;0,690143824;1974,009458;0,04636958;0,195973847;0,100475221;0,228406745;5,83;4,374142997;0,539534884;0,225369979;0,026849894;0,145031712;0,001902748
060337;0,072243346;0,908658421;1978,897155;0,043520309;0,19858156;0,122708039;0,056415216;6,885;4,616356877;0,136882129;0,779467681;0,031368821;0,007604563;0,00095057
060338;0,106289615;0,70754717;1972,487763;0,040563275;0,191663032;0,100550964;0,15695682;6,64;4,575379821;0,482203803;0,320494068;0,027466277;0,090362425;0,002112791
060339;0,053453453;0,852923448;1976,822922;0,038034188;0,208974359;0,092373283;0,065384615;5,4;4,633531157;0,241441441;0,618618619;0,033033033;0,013813814;0,002402402
060340;0,087235407;0,790622993;1977,5375;0,031971995;0,215169195;0,089439111;0,098949825;5,713333333;4,520353982;0,295702373;0,59268762;0,028864657;0,017960231;0,001282874
060341;0,078180526;0,78535892;1975,081327;0,039200809;0,192463328;0,11499194;0,084977238;6,38;4,567674113;0,314143568;0,525230988;0,042643923;0,030561478;0,002132196
060401;0,080321285;0,915492958;1975,441915;0,037993921;0,210486322;0,076555024;0,065349544;6,02;4,665086888;0,156626506;0,775100402;0,024096386;0,006024096;0,002008032
060406;0,084842707;0,898854962;1974,719828;0,041975309;0,253262787;0,10438247;0,076895944;4,39;4,58675306;0,152526215;0,745471878;0,05815062;0,007626311;0,000953289
060407;0,036585366;0,963414634;1968,109848;0,038834951;0,315533981;0,133333333;0,04368932;1,22;4,78030303;0,146341463;0,853658537;0;0;0
060410;0,01910828;0,923566879;1948,702065;0,042288557;0,330845771;0,1375;0,104477612;4,46;4,564954683;0,203821656;0,675159236;0,038216561;0,006369427;0
060411;0,089747789;0,806885246;1974,77239;0,059711896;0,152300186;0,090576395;0,171584572;4,78;4,706817231;0,37340321;0,391745824;0,031116934;0,153946937;0,001310187
060412;0,093439364;0,901590457;1978,477837;0,059125964;0,168196842;0,060215054;0,139919207;4,275;4,762376238;0,229622266;0,584493042;0,05666004;0,103379722;0,004970179
060413;0,01897019;0,967391304;1963,800341;0,028340081;0,287449393;0,095011876;0,051619433;4,07;4,796133568;0,200542005;0,718157182;0,040650407;0,010840108;0,002710027
060502;0,020289855;0,944847605;1960,721294;0,032534247;0,302511416;0,091633466;0,046803653;4,2;4,823839662;0,085507246;0,798550725;0,066666667;0,013043478;0,002898551
060507;0,012012012;0,895874263;1967,021588;0,029226785;0,238253792;0,136752137;0,043655198;8,91;4,483586869;0,373373373;0,408408408;0,032032032;0,029029029;0,001001001
060508;0,013111888;0,841783217;1973,422478;0,036804026;0,222082416;0,096181047;0,043095313;5,51;4,634416033;0,158216783;0,658216783;0,043706294;0,039335664;0,003496503
060512;0,026344676;0,807364661;1983,335821;0,054019701;0,139709777;0,122030457;0,156445292;7,9;4,675689223;0,425905598;0,244237102;0,031009879;0,204445664;0,001646542
060513;0,021834061;0,853178156;1980,182061;0,030020704;0,2394755;0,179465776;0,057971014;7,25;4,555130168;0,452401747;0,304803493;0,03231441;0,037554585;0,002620087
060514;0,043898156;0,695690413;1973,865632;0,045017182;0,207216495;0,149162861;0,066323024;9,31;4,794731065;0,512730465;0,194029851;0,024582968;0,103599649;0
060515;0,01344086;0,893817204;1974,255882;0,034692921;0,270511017;0,095682614;0,042662916;9,41;4,574384236;0,162634409;0,704301075;0,068548387;0,010752688;0,001344086
060518;0,018058691;0,975113122;1978,517213;0,033201581;0,254545455;0,083984375;0,041897233;8,13;4,529510961;0,124153499;0,751693002;0,056433409;0,018058691;0
060519;0,018577495;0,859865471;1969,393604;0,037628758;0,220306916;0,156529939;0,050031532;9,48;4,630084746;0,333333333;0,430997877;0,055201699;0,031847134;0,002653928
060520;0,027560569;0,666751398;1972,066967;0,036360681;0,242549041;0,138814994;0,154275496;9,14;4,612718653;0,578259198;0,125112165;0,02845789;0,152031791;0,001153698
060521;0,020719738;0,908584169;1974,368335;0,037141704;0,248687929;0,102217936;0,052886556;8,305;4,364548495;0,20174482;0,66521265;0,058887677;0,009814613;0,002181025
060522;0,015785861;0,87826685;1973,394711;0,037259315;0,258564641;0,12070006;0,07551888;6,59;4,4;0,254632807;0,531914894;0,085792725;0,050789293;0,004118051
060523;0,027074236;0,900436681;1968,2862;0,031781701;0,290208668;0,083142639;0,071268058;4,505;4,665024631;0,151091703;0,671615721;0,11441048;0,03231441;0,001746725
060524;0,021621622;0,882099828;1975,337409;0,028599606;0,228796844;0,109618105;0,085470085;7,48;4,707805907;0,292792793;0,453153153;0,112612613;0,032432432;0,001801802
060601;0,031428571;0,911428571;1961,858604;0,027093596;0,469211823;0,114537445;0,00862069;5,14;4,489348371;0,108571429;0,822857143;0,02;0,02;0
060604;0,022274326;0,852112676;1955,020936;0,025794565;0,265315523;0,068432671;0,048364809;4,81;4,704055767;0,21101993;0,7010551;0,033997655;0,016412661;0,002344666
060605;0,043589744;0,902061856;1952,500636;0,036598493;0,334768568;0,146268657;0,026910657;5,64;4,471042471;0,143589744;0,779487179;0,035897436;0,007692308;0,002564103
060606;0,026455026;0,925925926;1957,804524;0,022988506;0,522988506;0,148148148;0,017241379;6,435;4,583011583;0,08994709;0,825396825;0,026455026;0,026455026;0
060704;0,038626609;0,868383405;1968,645813;0,054938957;0,188124306;0,079761905;0,057713651;6,29;4,584302326;0,148783977;0,792560801;0,022889843;0,004291845;0,005722461
060706;0,040322581;0,83805668;1968,514925;0,038990826;0,213302752;0,132173913;0,032874618;7,46;4,488571429;0,141129032;0,788306452;0,018145161;0,006048387;0
060707;0,055452865;0,866666667;1971,502897;0,029902643;0,215577191;0,134185304;0,060500695;5,305;4,74796748;0,208872458;0,654343808;0,060998152;0,018484288;0,001848429
060708;0,088797007;0,77462569;1967,098617;0,054074755;0,170726103;0,109883069;0,097579657;5,545;4,534551056;0,355188029;0,544004725;0,03248671;0,033864934;0,001181335
060801;0,019271949;0,886030725;1971,822659;0,036514185;0,269444822;0,111075646;0,094611104;5,35;4,72528616;0,12633833;0,776945039;0,057458958;0,01034975;0,002855103
060802;0,014861996;0,929936306;1970,792383;0,033225284;0,303889789;0,084645669;0,093192869;3,4;4,59378882;0,059447983;0,823779193;0,089171975;0,004246285;0,002123142
060803;0,047808765;0,924302789;1976,995227;0,059972106;0,205020921;0,074404762;0,083682008;8,76;4,859223301;0,119521912;0,741035857;0,079681275;0,003984064;0,003984064
060804;0,017301038;0,8065915;1985,120882;0,042897998;0,202414998;0,126680821;0,0797585;10,12;4,635091496;0,265570934;0,484429066;0,089100346;0,056228374;0,002595156
060901;0,040935673;0,938596491;1966,091006;0,023866348;0,237470167;0,098901099;0,033412888;3,51;4;0,099415205;0,856725146;0,01754386;0,014619883;0,002923977
060902;0,057450628;0,851239669;1968,843919;0,041896506;0,197530864;0,103545301;0,073286052;7,07;4,58073363;0,33967684;0,549012567;0,040933573;0,028007181;0,002154399
060905;0,023376623;0,968831169;1974,167093;0,020618557;0,284536082;0,1125;0,043298969;5,97;4,534574468;0,072727273;0,888311688;0,012987013;0,012987013;0,002597403
060906;0,04188097;0,932352941;1970,88008;0,034820457;0,228781284;0,089435774;0,054134929;3,545;4,525778458;0,139603233;0,779573843;0,0286554;0,015429831;0,002204262
061002;0,021058038;0,910493827;1971,423241;0,034858388;0,237472767;0,110384301;0,044843863;9,66;4,343889566;0,125834617;0,785824345;0,02978942;0,003595275;0,002568053
061003;0,028971963;0,858614232;1975,963197;0,030365769;0,236714976;0,093896714;0,054520359;7,48;4,57816006;0,231775701;0,68317757;0,006542056;0,022429907;0
061005;0,013953488;0,906759907;1970,19349;0,029505582;0,226475279;0,093693694;0,03030303;9,07;4,517431193;0,13255814;0,811627907;0,013953488;0,004651163;0
061006;0,036697248;0,868501529;1971,850522;0,057204533;0,208310847;0,131608549;0,06583918;11,31;4,580474934;0,152905199;0,744648318;0,006116208;0,064220183;0
061008;0,080847724;0,922230951;1970,626609;0,072588055;0,166003063;0,077097506;0,185298622;4,4;4,678633975;0,291208791;0,509419152;0,009419152;0,153846154;0,001569859
061009;0,107191316;0,869742198;1973,953665;0,065007618;0,186896902;0,082317073;0,112747588;6,51;4,452347084;0,462686567;0,411126187;0,027137042;0,046132972;0
061010;0,022;0,92;1974,385124;0,040717736;0,219461698;0,098765432;0,060041408;9;4,620232172;0,142;0,792;0,016;0,008;0,002
061011;0,040150565;0,863237139;1978,663645;0,030359645;0,243811303;0,097194389;0,060252219;9,16;4,416506718;0,130489335;0,823086575;0,021329987;0,00250941;0,00250941
061014;0,022556391;0,853383459;1980,971471;0,029275809;0,275808937;0,078291815;0,06009245;6,77;4,551829268;0,428571429;0,364661654;0,04887218;0,011278195;0
061015;0,02601626;0,920325203;1963,27112;0,02310231;0,308250825;0,125396825;0,057425743;4,3;4,400596421;0,328455285;0,543089431;0,02601626;0,022764228;0
061016;0,055555556;0,860740741;1972,799426;0,043324251;0,214168937;0,104772992;0,111171662;5,865;4,540666667;0,311111111;0,504444444;0,024444444;0,057777778;0,002962963
061101;0,014084507;0,82629108;1976,602993;0,018832392;0,387947269;0,12716763;0,041431262;10,8;4,638790036;0,089201878;0,877934272;0,014084507;0,004694836;0,004694836
061102;0,0390625;0,849206349;1990,59164;0,009375;0,41875;0,125;0,04375;4,69;4,475728155;0,046875;0,84375;0,0625;0,015625;0
061103;0,013574661;0,737556561;1977,028678;0,01512605;0,388235294;0,100961538;0,018487395;6,79;4,43;0,090497738;0,832579186;0,045248869;0,013574661;0,004524887
061104;0,076086957;0,75;1967,31456;0,039525692;0,192358366;0,110803324;0,065876153;7,97;4,6;0,086956522;0,760869565;0,065217391;0,043478261;0
061106;0,044573643;0,776699029;1962,860253;0,026466381;0,243919886;0,110929853;0,037911302;7,36;4,585755814;0,081395349;0,850775194;0,052325581;0,005813953;0
061109;0,034632035;0,865217391;1975,756809;0,036036036;0,272072072;0,192893401;0,01981982;9,96;4,279678068;0,043290043;0,913419913;0,012987013;0,004329004;0
061110;0,034042553;0,876595745;1981,228606;0,028828829;0,279279279;0,109756098;0,048648649;5,53;3,605194805;0,042553191;0,85106383;0,072340426;0,008510638;0,004255319
061111;0,062423501;0,848225214;1984,692242;0,036379385;0,216977046;0,093046033;0,044608055;6,12;4,694349315;0,100367197;0,795593635;0,072215422;0,017135863;0,00244798
061115;0,016666667;0,911111111;1960,181;0,023529412;0,397647059;0,1;0,025882353;8,89;4,392197125;0,055555556;0,872222222;0,044444444;0,005555556;0
061118;0,030744337;0,873786408;1965,014133;0,0375;0,259375;0,139573071;0,0175;6,8;4,288711289;0,063106796;0,836569579;0,040453074;0,012944984;0,003236246
061119;0,073170732;0,845528455;1956,960241;0,042438272;0,225308642;0,12283737;0,033950617;7,32;4,297820823;0,095528455;0,855691057;0,034552846;0,00203252;0,00203252
061122;0,051601423;0,870106762;1962,218336;0,026542324;0,358680057;0,118942731;0,032998565;6,135;4,696394687;0,12455516;0,788256228;0,035587189;0,008896797;0,001779359
061123;0,037698413;0,805168986;1960,885582;0,032958801;0,217228464;0,12231405;0,042696629;8,095;4,684069612;0,077380952;0,851190476;0,053571429;0,007936508;0
061124;0,095080416;0,728476821;1973,441439;0,050805886;0,165206727;0,108872393;0,097582341;5,945;4,542735043;0,343424787;0,513245033;0,052034059;0,053453169;0,004730369
061125;0,028824834;0,864444444;1964,517173;0,023152271;0,316117542;0,107913669;0,025823687;7,685;4,807743658;0,070953437;0,842572062;0,053215078;0,00443459;0,002217295
061126;0,040935673;0,81871345;1963,226316;0,021008403;0,25;0,124390244;0,048319328;7,615;4,759036145;0,096491228;0,769005848;0,096491228;0,011695906;0
061201;0,033613445;0,923728814;1959,753394;0,008658009;0,471861472;0,092592593;0,012987013;2,52;4,604215457;0,050420168;0,915966387;0,025210084;0;0
061202;0,069090909;0,981818182;1977,868889;0,014662757;0,356304985;0,079646018;0,011730205;4;4,58836689;0,043636364;0,883636364;0,061818182;0,007272727;0
061204;0,061349693;0,969325153;1975,505979;0,011958146;0,373692078;0,064864865;0,022421525;1,84;4,86858006;0,067484663;0,855828221;0,073619632;0;0
061206;0,028268551;0,816254417;1965,337376;0,032397408;0,392368611;0,06743738;0,030237581;4,24;4,541169076;0,137809187;0,777385159;0,049469965;0,021201413;0
061207;0;0,99122807;1990,283602;0,013157895;0,587719298;0,29787234;0,00877193;4,39;4,619834711;0,087719298;0,859649123;0,026315789;0,00877193;0
061209;0,018604651;0,925581395;1972,05144;0,013100437;0,373362445;0,138157895;0,013100437;2,79;4,844720497;0,041860465;0,911627907;0,041860465;0;0
061211;0,012195122;0,926829268;1968,345921;0,015772871;0,511041009;0,139534884;0,028391167;9,54;4,852359209;0,079268293;0,853658537;0,036585366;0,012195122;0
061212;0,012448133;0,966804979;1968,763708;0,015779093;0,550295858;0,128712871;0,007889546;2,75;4,484334204;0,029045643;0,921161826;0,01659751;0;0
061301;0,025477707;0,910828025;1959,463731;0,029550827;0,28250591;0,099667774;0,023640662;6,37;4,64028777;0,041401274;0,910828025;0,035031847;0;0
061302;0,027253669;0,935991605;1975,314863;0,036901717;0,210084034;0,093364198;0,040920716;3,98;4,438961039;0,082809224;0,836477987;0,047169811;0,009433962;0
061304;0,038934426;0,894808743;1973,242376;0,032324269;0,217804002;0,076133909;0,06080041;4,37;4,639379347;0,141393443;0,768442623;0,053278689;0,006147541;0,00136612
061307;0,031426269;0,887993554;1973,188896;0,031960664;0,251690227;0,086028906;0,052550707;4,92;4,709636248;0,182111201;0,697018533;0,066075745;0,014504432;0
061310;0,025362319;0,952727273;1977,169837;0,024032043;0,242990654;0,082568807;0,056074766;1,45;4,660167131;0,086956522;0,811594203;0,061594203;0;0
061312;0,02866242;0,932907348;1958,454925;0,044827586;0,273563218;0,071005917;0,040229885;3,535;4,753820034;0,124203822;0,73566879;0,060509554;0,00955414;0
061313;0,04400978;0,902200489;1971,567726;0,032437442;0,253938832;0,130136986;0,039851715;4,89;4,68296796;0,075794621;0,799511002;0,073349633;0,024449878;0,004889976
061314;0,027737226;0,908029197;1970,321996;0,035753575;0,308580858;0,092592593;0,03850385;2,56;4,676444444;0,112408759;0,750364964;0,072992701;0,011678832;0
061401;0,024038462;0,925480769;1964,282927;0,02891791;0,303171642;0,096997691;0,052238806;5,29;4,168224299;0,052884615;0,882211538;0,033653846;0,004807692;0
061402;0,031847134;0,869426752;1964,254476;0,042580645;0,308387097;0,126760563;0,050322581;3,5;4,448871182;0,184713376;0,707006369;0,060509554;0,015923567;0
061403;0,035353535;0,974747475;1958,327485;0,030927835;0,294845361;0,055;0,053608247;1,52;4,596491228;0,121212121;0,777777778;0,065656566;0,02020202;0,005050505
061407;0,050105857;0,910310734;1969,387035;0,038893454;0,286770748;0,102209945;0,062174747;5,63;4,404220779;0,186309104;0,716302047;0,037402964;0,021877205;0,003528582
061501;0,062836625;0,872531418;1971,938802;0,031271716;0,268936762;0,102941176;0,086865879;4,49;4,554232804;0,368043088;0,522441652;0,026929982;0,02513465;0,003590664
061504;0,076271186;0,901694915;1971,829019;0,03251493;0,276045123;0,099526066;0,063039151;4,92;4,645776567;0,2;0,701694915;0,028813559;0,008474576;0,001694915
061506;0,048913043;0,815217391;1974,156904;0,0471597;0,213826367;0,101675978;0,11039657;4,35;4,728467153;0,474184783;0,399456522;0,035326087;0,05298913;0,002717391
061508;0,032818533;0,924564797;1965,324969;0,019936204;0,297448166;0,116935484;0,046251994;4,63;4,660024907;0,127413127;0,801158301;0,044401544;0,011583012;0,001930502
061509;0,037791653;0,898388688;1970,308844;0,039156246;0,257925982;0,09948438;0,056081849;5,26;4,427751435;0,192573119;0,662504108;0,077555044;0,031547815;0,001643115
061510;0,028571429;0,935251799;1958,67757;0,026627219;0,331360947;0,096774194;0,029585799;6,43;4,368159204;0,092857143;0,842857143;0,042857143;0,007142857;0,007142857
061511;0,033783784;0,905405405;1971,014548;0,030548068;0,316262354;0,112709832;0,058400719;5,18;4,648233487;0,213963964;0,691441441;0,045045045;0,009009009;0
061512;0,031746032;0,938271605;1967,12056;0,024337867;0,309949893;0,078039927;0,041517538;4,23;4,67211329;0,082892416;0,747795414;0,130511464;0,001763668;0
061513;0,025974026;0,951762523;1964,386289;0,026190476;0,382539683;0,133971292;0,031746032;2,335;4,230098146;0,055658627;0,873840445;0,050092764;0,001855288;0
061514;0,054968288;0,915433404;1963,966006;0,030329289;0,337954939;0,095794393;0,040727903;6,65;4,781740371;0,143763214;0,731501057;0,065539112;0,006342495;0,00422833
061602;0,015209125;0,885496183;1971,622642;0,023222061;0,272859216;0,113636364;0,027576197;6,08;4,902612827;0,045627376;0,859315589;0,045627376;0,011406844;0,007604563
061603;0,095238095;0,931972789;1950,799618;0,047263682;0,276119403;0,062146893;0,034825871;6,12;4,474509804;0,102040816;0,836734694;0,020408163;0;0
061608;0,064179104;0,835820896;1961,362405;0,036521739;0,274202899;0,151724138;0,04;7,61;4,569717707;0,1;0,841791045;0,032835821;0,011940299;0,001492537
061609;0,03257329;0,915309446;1972,724777;0,027380952;0,25952381;0,097264438;0,042857143;7,17;4,770491803;0,074918567;0,804560261;0,068403909;0,006514658;0,003257329
061611;0,028571429;0,90952381;1944,73913;0,020618557;0,223367698;0,095435685;0,034364261;9,52;4,776349614;0,071428571;0,804761905;0,057142857;0,028571429;0
061612;0,010989011;0,840659341;1966,952308;0,055187638;0,315673289;0,15483871;0,017660044;5,49;4,672240803;0,027472527;0,906593407;0,043956044;0;0,005494505
061614;0,070477682;0,7807361;1969,500322;0,054488989;0,209768492;0,087141987;0,072840203;8,14;4,579231288;0,251370399;0,601409554;0,056382146;0,050900548;0,002349256
061616;0,028571429;0,911111111;1963,390244;0,020364416;0,277599143;0,126436782;0,026795284;11,965;4,512301013;0,082539683;0,831746032;0,028571429;0,006349206;0
061617;0,029795158;0,876172608;1964,046374;0,026850508;0,252539913;0,088846881;0,034833091;8,65;4,244073749;0,080074488;0,839851024;0,052141527;0,009310987;0,001862197
061618;0,034398034;0,86977887;1961,946185;0,023856859;0,28528827;0,118811881;0,026838966;7,595;4,181189488;0,132678133;0,73955774;0,041769042;0,017199017;0,004914005
061619;0,051401869;0,844339623;1965,611369;0,028790787;0,310940499;0,125;0,024952015;5,1;4,488372093;0,060747664;0,831775701;0,028037383;0,018691589;0,009345794
061701;0,021428571;0,925;1963,618998;0,036111111;0,244444444;0,064144737;0,036111111;3,57;4,496868476;0,1125;0,814285714;0,030357143;0,008928571;0,001785714
061702;0,033333333;0,966666667;1961,80102;0,019607843;0,328431373;0,179104478;0,024509804;1,11;4,096938776;0,1;0,855555556;0,033333333;0,011111111;0
061703;0,084283904;0,815521628;1979,356744;0,051323734;0,183929401;0,091469194;0,055503948;6,59;4,66700925;0,230671736;0,636882129;0,043092522;0,029150824;0,000633714
061704;0,044;0,877755511;1968,82625;0,032306536;0,205108941;0,107508532;0,038317055;6;4,658291457;0,13;0,794;0,032;0,008;0,002
070103;0,212984055;0,858769932;1966,042877;0,035827664;0,308390023;0,188053097;0,023129252;8,2;4,784828592;0,404328018;0,536446469;0,004555809;0,005694761;0
070104;0,180327869;0,848360656;1938,651713;0,018975332;0,425047438;0,138554217;0,026565465;5,33;4,732026144;0,344262295;0,635245902;0;0,004098361;0,004098361
070105;0,187116564;0,806748466;1967,89932;0,036505867;0,35071708;0,148148148;0,04041721;9,82;4,144906743;0,466257669;0,484662577;0,003067485;0,006134969;0,003067485
070107;0,265306122;0,744086022;1972,653894;0,042662116;0,257679181;0,13466788;0,052901024;11,54;4,825839139;0,689581096;0,277121375;0,001074114;0,005370569;0,001074114
070201;0,260738508;0,798941799;1966,037909;0,036916716;0,215593621;0,09212051;0,076786769;7,16;4,787735849;0,69706104;0,248681236;0,006028636;0,018085908;0,006782216
070202;0,32972973;0,842391304;1971,888112;0,074034335;0,19527897;0,100616016;0,077253219;7,57;4,681978799;0,594594595;0,354054054;0,010810811;0,010810811;0
070206;0,256528418;0,737327189;1969,84384;0,028319698;0,353681561;0,128617363;0,039647577;6,76;4,696940727;0,628264209;0,310291859;0,004608295;0,021505376;0
070208;0,193633952;0,856763926;1955,58042;0,029213483;0,31011236;0,085213033;0,019101124;6,73;4,938811189;0,480106101;0,427055703;0,013262599;0,050397878;0
070209;0,19140625;0,74609375;1943,721174;0,033568905;0,32155477;0,104;0,038869258;10,21;4,461706783;0,625;0,328125;0;0,01953125;0
070301;0,399721448;0,737613398;1971,661826;0,03889918;0,237893623;0,131764706;0,063773485;7,24;4,862648914;0,705431755;0,250696379;0,004178273;0,010445682;0
070302;0,16286645;0,67752443;1932,966931;0,039189189;0,291891892;0,095774648;0,027027027;13,68;4,667560322;0,67752443;0,283387622;0;0,003257329;0
070303;0,295739348;0,771929825;1965,813016;0,026264591;0,269941634;0,163916392;0,037937743;9,27;4,735130112;0,555137845;0,413533835;0,001253133;0,005012531;0
070304;0,250673854;0,641509434;1960,134146;0,039577836;0,370712401;0,166666667;0,048812665;8,89;4,728531856;0,795148248;0,161725067;0,005390836;0,010781671;0
070401;0,233739837;0,781186094;1977,812321;0,013888889;0,334201389;0,113545817;0,034722222;9,35;4,73245614;0,75;0,203252033;0,004065041;0,010162602;0
070402;0,176470588;0,759803922;1964,49875;0,026315789;0,306390977;0,090128755;0,043233083;10,29;4,706521739;0,524509804;0,460784314;0,004901961;0;0,004901961
070404;0,138075314;0,652719665;1920,510246;0,026362039;0,365553603;0,098712446;0,04745167;7,53;4,747767857;0,50209205;0,464435146;0;0,0041841;0,0041841
070411;0,246376812;0,789855072;1975,764822;0,011730205;0,316715543;0,089552239;0,038123167;11,59;4,760956175;0,768115942;0,195652174;0,007246377;0;0
070413;0,24822695;0,793838863;1951,239426;0,02027027;0,366795367;0,102870813;0,025096525;6,62;4,737160121;0,768321513;0,200945626;0,002364066;0,004728132;0
070414;0,313568985;0,70008643;1961,166618;0,042715308;0,250404064;0,117720884;0,087046871;8,495;4,656343957;0,801596351;0,132839225;0,003705815;0,006556442;0,000285063
070415;0,153333333;0,856666667;1956,127219;0,034928849;0,327296248;0,090614887;0,059508409;13,94;4,596638655;0,466666667;0,433333333;0,003333333;0,003333333;0,003333333
070416;0,295652174;0,756521739;1925,496324;0,008992806;0,35971223;0,069672131;0,059352518;3,455;4,806788512;0,72173913;0,265217391;0,004347826;0,008695652;0
070417;0,197952218;0,716723549;1948,328546;0,024390244;0,30989957;0,078767123;0,038737446;7,695;4,710982659;0,56996587;0,337883959;0,010238908;0,023890785;0,003412969
070502;0,241758242;0,71978022;1965,77226;0,057613169;0,228395062;0,090534979;0,094650206;9,89;4,52851711;0,527472527;0,346153846;0,016483516;0,06043956;0,010989011
070503;0,327146172;0,646511628;1955,876344;0,042742654;0,248441674;0,091439689;0,050756901;10,21;4,603475513;0,721577726;0,241299304;0,006960557;0,009280742;0
070506;0,222222222;0,654545455;1953,583451;0,039096438;0,308427454;0,093812375;0,066898349;7,07;4,783592645;0,707070707;0,250505051;0;0,008080808;0
070509;0,208201893;0,610759494;1948,743392;0,0302267;0,273299748;0,085959885;0,074307305;9,78;4,346241458;0,665615142;0,280757098;0,003154574;0,015772871;0
070513;0,174904943;0,798479087;1977,279012;0,039160839;0,296503497;0,105882353;0,023776224;6,84;4,681481481;0,539923954;0,414448669;0;0,015209125;0
070515;0,442070666;0,751848809;1976,06681;0,050261476;0,155723417;0,085253456;0,134224288;10,11;4,744978166;0,63927691;0,313064914;0,01232539;0,018077239;0,001643385
070522;0,409987584;0,692732799;1973,83843;0,043931333;0,19437284;0,101381462;0,149180058;8,185;4,821256039;0,775279349;0,17726583;0,004966202;0,015726307;0,001241551
070523;0,160066007;0,398843931;1939,995061;0,028493035;0,322710004;0,124877089;0,160616294;10,04333333;4,40314304;0,883663366;0,040841584;0,00330033;0,018564356;0,000825083
070524;0,409395185;0,689772861;1981,146115;0,049823495;0,153938961;0,112513237;0,158362751;9,515;4,841566461;0,754903112;0,174280681;0,003288315;0,027480916;0,000939518
070525;0,257641921;0,668122271;1961,454044;0,053866203;0,242397915;0,066308244;0,056472632;10,33;4,583333333;0,641921397;0,30349345;0,006550218;0,017467249;0
070526;0,296146045;0,807302231;1969,506289;0,036866359;0,258064516;0,138795987;0,040706605;6,655;4,750659631;0,679513185;0,275862069;0;0,010141988;0
070527;0,317191283;0,697336562;1968,681188;0,037892791;0,299445471;0,075975359;0,032347505;7,265;4,859126984;0,549636804;0,384987893;0,012106538;0,02905569;0
070601;0,160447761;0,705223881;1975,938961;0,013867488;0,414483821;0,063241107;0,043143297;8,96;4,703125;0,436567164;0,496268657;0,007462687;0,018656716;0,003731343
070605;0,14983165;0,572390572;1952,858768;0,019475655;0,367041199;0,052631579;0,03670412;8,59;4,845637584;0,638047138;0,296296296;0,005050505;0,013468013;0
070606;0,150406504;0,727642276;1965,706933;0,022222222;0,405555556;0,074766355;0,046296296;7,32;4,576419214;0,479674797;0,455284553;0,008130081;0,028455285;0
070607;0,249158249;0,811447811;1974,875878;0,025210084;0,37394958;0,067092652;0,035014006;6,4;4,848341232;0,558922559;0,38047138;0,003367003;0,026936027;0
070610;0,283950617;0,829207921;1976,220092;0,029906542;0,328037383;0,074074074;0,029906542;6,67;4,809230769;0,434567901;0,481481481;0,022222222;0,034567901;0
070611;0,173515982;0,606707317;1975,422745;0,02178091;0,356181935;0,0546875;0,053811659;6,3;4,402941176;0,421613394;0,488584475;0,01978691;0,02283105;0,00304414
070612;0,279366476;0,652682711;1963,718654;0,043222683;0,24645574;0,091905719;0,080826418;9,276666667;4,735022496;0,651781786;0,262648482;0,011658601;0,030356357;0,000879894
070701;0,221153846;0,879807692;1979,303618;0,015521064;0,461197339;0,035294118;0,028824834;2,4;4,632124352;0,519230769;0,423076923;0;0,043269231;0,004807692
070702;0,148491879;0,73549884;1973,431084;0,027027027;0,402609506;0,174479167;0,033550792;5,1;4,805421104;0,512761021;0,406032483;0,004640371;0,032482599;0
070703;0,2306143;0,73917422;1966,62441;0,030927835;0,291038858;0,140335393;0,060269627;6,75;4,659430122;0,491440081;0,442094663;0,011077543;0,032225579;0
070704;0,193317422;0,795673077;1960,725926;0,025751073;0,302575107;0,125307125;0,030042918;10,02;4,526259378;0,410501193;0,520286396;0,014319809;0,021479714;0,002386635
070801;0,255639098;0,885931559;1972,632923;0,019834711;0,327272727;0,23364486;0,029752066;6,77;4,646209386;0,458646617;0,5;0,011278195;0,003759398;0
070802;0,490740741;0,907407407;2000,273707;0,034482759;0,286206897;0,179310345;0,031034483;5,56;4,943722944;0,712962963;0,259259259;0;0,009259259;0
070803;0,413738019;0,789215686;1964,933488;0,052036199;0,227375566;0,236734694;0,033371041;10,06;4,727097396;0,551118211;0,392971246;0;0,012779553;0
070903;0,215859031;0,834801762;1970,472906;0,033870968;0,234677419;0,152512998;0,031451613;9,25;4,428571429;0,581497797;0,394273128;0,002202643;0,011013216;0
070905;0,173955296;0,79804878;1950,630449;0,048478016;0,262307403;0,120869565;0,056369786;10,4;4,695799458;0,518950437;0,433430515;0,006802721;0,016520894;0,000971817
070906;0,151515152;0,922077922;1936,796748;0,020295203;0,29704797;0,162790698;0,022140221;7,36;4,388586957;0,207792208;0,770562771;0;0,012987013;0
070908;0,106741573;0,91011236;1966,483871;0,034934498;0,240174672;0,276699029;0,021834061;15,17;4,658753709;0,151685393;0,814606742;0;0,005617978;0
070909;0,223642173;0,833333333;1957,124277;0,01447178;0,370477569;0,285714286;0,011577424;14,685;4,661835749;0,485623003;0,440894569;0;0,012779553;0
070910;0,170940171;0,866096866;1960,690015;0,032296651;0,307416268;0,076271186;0,014354067;8,585;4,486862442;0,492877493;0,452991453;0;0,017094017;0
071001;0,183333333;0,838589981;1943,889796;0,032357473;0,348998459;0,220930233;0,033127889;6,48;4,758549223;0,675925926;0,27962963;0,001851852;0,009259259;0
071002;0,234851835;0,646746348;1956,008787;0,03750218;0,236874237;0,109380793;0,052503053;8,89;4,647532377;0,65855816;0,292790801;0,001326847;0,007076515;0,001326847
071102;0,189565217;0,813913043;1960,08042;0,036717063;0,312455004;0,153005464;0,048956084;7,65;4,518630413;0,528695652;0,434782609;0,008695652;0,012173913;0
071103;0,260233918;0,862573099;1973,323714;0,030690537;0,294117647;0,175675676;0,04859335;6,73;4,522068096;0,529239766;0,418128655;0,002923977;0,00877193;0
071104;0,42519685;0,796540053;1965,148062;0,047514117;0,203002341;0,122119126;0,081118303;8,29;4,816364772;0,725534308;0,221222347;0,003374578;0,015373078;0,001124859
071106;0,273703041;0,91561939;1945,432712;0,025787966;0,340974212;0,160377358;0,013610315;8,585;4,842487047;0,683363148;0,257602862;0,003577818;0,019677996;0
071201;0,181032522;0,737910584;1971,282342;0,044232671;0,25200036;0,084302919;0,070124966;7,98;4,691588785;0,546963839;0,371389584;0,007050262;0,026154196;0,001819422
071202;0,263345196;0,882142857;1978,107246;0,034578147;0,236514523;0,094637224;0,024896266;11,74;4,008902077;0,526690391;0,366548043;0,007117438;0;0
071301;0,155421687;0,772014475;1978,887218;0,037423022;0,291804832;0,081677704;0,045949787;9,88;4,652892562;0,561445783;0,371084337;0,015662651;0,020481928;0
071302;0,172874881;0,801147228;1961,435897;0,040846098;0,257476295;0,110841424;0,050692925;7,93;4,699138502;0,656160458;0,263610315;0,005730659;0,021012416;0,00095511
071303;0,272151899;0,889240506;1976,124113;0,060674157;0,162921348;0,086864407;0,066292135;9,49;4,945368171;0,588607595;0,360759494;0,003164557;0,018987342;0
071401;0,24813154;0,724962631;1960,000526;0,043478261;0,231089934;0,10320781;0,028588446;11,51;4,864171123;0,766816143;0,201793722;0,001494768;0,001494768;0
071402;0,452702703;0,797297297;1966,869397;0,026143791;0,294117647;0,123913043;0,012138189;11,94;4,749606299;0,702702703;0,222972973;0;0,031531532;0
071404;0,305164319;0,812206573;1975,325352;0,034798535;0,236263736;0,086580087;0,027472527;13,62;4,74;0,680751174;0,300469484;0,004694836;0,004694836;0
071406;0,396889112;0,688788336;1964,028876;0,03543699;0,222775234;0,121587031;0,085805296;8,135;4,758346582;0,81384847;0,133968891;0,005519318;0,014550928;0
080102;0,221771859;0,670731707;1985,572207;0,048446069;0,171617916;0,139137857;0,078382084;15,81;4,757691088;0,483497394;0,233352635;0,008106543;0,016792125;0,00984366
080103;0,180315552;0,750943396;1969,099702;0,035411622;0,249394673;0,141900937;0,054782082;10,82;4,523029683;0,416979715;0,381667919;0,006761833;0,015026296;0,002253944
080104;0,249371333;0,733755274;1982,818391;0,058070559;0,124102404;0,161969904;0,089603497;15,88;4,869665513;0,474853311;0,294216262;0,003772003;0,018440905;0,005448449
080106;0,221425155;0,628714299;1986,955643;0,053436542;0,11730611;0,181812152;0,091541396;23,375;4,79569528;0,593495935;0,148350072;0,006121473;0,020086083;0,004495457
080202;0,100775194;0,968992248;1977,044554;0,01953125;0,5234375;0,149253731;0,0234375;7,75;4,538720539;0,294573643;0,550387597;0,007751938;0,03875969;0
080203;0,128820961;0,969432314;1958;0,027184466;0,402912621;0,056886228;0,026213592;5,02;4,753891051;0,211790393;0,720524017;0,004366812;0,004366812;0
080205;0,090163934;0,926229508;1962,499029;0,014084507;0,494969819;0,111842105;0,014084507;21,72;4,848543689;0,295081967;0,295081967;0;0,004098361;0
080206;0,207619048;0,91047619;1964,936104;0,018518519;0,429453263;0,093908629;0,051146384;7,25;4,718905473;0,337142857;0,493333333;0,005714286;0,011428571;0,003809524
080301;0,055070517;0,7899729;1981,854273;0,039821694;0,267459138;0,106780982;0,079346211;9,54;4,684722673;0,319677636;0,42175957;0,008730692;0,039623909;0,0241773
080302;0,009433962;0,849056604;1974,571168;0,034722222;0,351851852;0,089552239;0,060185185;8,96;4,525547445;0,216981132;0,330188679;0;0,018867925;0,023584906
080303;0,028776978;0,855769231;1981,388242;0,041623309;0,285119667;0,165024631;0,046826223;6,47;4,707403055;0,239808153;0,479616307;0,009592326;0,014388489;0,002398082
080304;0,007662835;0,756286267;1982,96875;0,027531083;0,332149201;0,124463519;0,057726465;9;4,741317365;0,235632184;0,333333333;0,001915709;0,007662835;0,007662835
080401;0,156862745;0,870588235;1986,59245;0,022988506;0,421455939;0,140243902;0,030651341;9,02;3,703278689;0,541176471;0,196078431;0;0;0,003921569
080402;0,27733119;0,771774194;1982,551562;0,04285277;0,223752678;0,173942243;0,050505051;12,14;4,819502868;0,690514469;0,140675241;0,003215434;0,002411576;0,002411576
080403;0,108753316;0,949602122;1965,401343;0,023591088;0,53604194;0,129411765;0,007863696;10,61;4,372616984;0,209549072;0,477453581;0;0,00795756;0
080404;0,349765258;0,785123967;1990,529541;0,037357631;0,201822323;0,177238806;0,079726651;14,91;4,848257609;0,622065728;0,153755869;0,001173709;0,014084507;0,004694836
080503;0,278343949;0,760282776;1970,769742;0,035714286;0,275510204;0,163529412;0,077988338;12,1;4,668943351;0,37388535;0,415286624;0,015923567;0,022929936;0,005732484
080506;0,356741573;0,710444028;1984,190755;0,063075224;0,128236593;0,106707992;0,215486563;9,55;4,742240727;0,665418227;0,13639201;0,005305868;0,02184769;0,005305868
080507;0,229206963;0,632251721;1973,021478;0,045376712;0,200464775;0,139735772;0,068126223;15,12;4,48069603;0,5;0,220502901;0,003546099;0,011927789;0,005157963
080508;0,244391589;0,626333944;1961,240875;0,046704653;0,177912872;0,134516662;0,157185159;12,69;4,511182903;0,672576896;0,035731661;0,001567652;0,012324991;0,001189253
080602;0,226900585;0,772833724;1978,680155;0,035985808;0,234668018;0,153104925;0,077546883;11,93;4,565340909;0,540350877;0,149707602;0,003508772;0,021052632;0,004678363
080604;0,182608696;0,654228856;1984,070592;0,041272999;0,191447041;0,211538462;0,075584286;16,89;4,794902193;0,527950311;0,204968944;0,007453416;0,011180124;0
080607;0,204320432;0,788647343;1982,051509;0,053864949;0,160817414;0,168599656;0,060528654;13,895;4,774860335;0,520252025;0,187218722;0,00450045;0,01920192;0,00270027
080608;0,228659318;0,738449692;1982,59821;0,048062481;0,179633524;0,16824547;0,079002704;12,63;4,692696913;0,521917457;0,214304025;0,003332479;0,026916175;0,002563445
080703;0,181634031;0,777100271;1986,797447;0,041466855;0,231593794;0,164340102;0,074753173;11,14;4,885466256;0,433490885;0,330182309;0,007427414;0,042538825;0,002700878
080704;0,095782074;0,700265252;1978,914398;0,0519437;0,222184987;0,159558824;0,046246649;15,11;4,559585492;0,427065026;0,237258348;0,008787346;0,018453427;0,005272408
080707;0,083743842;0,75678392;1979,301822;0,035876289;0,241237113;0,177165354;0,068041237;11,26;4,65620915;0,257142857;0,44729064;0,007881773;0,019704433;0,002955665
080708;0,121976267;0,719533127;1979,822698;0,05127857;0,174519122;0,154402459;0,099751075;14,175;4,771795656;0,568690096;0,133044272;0,007074395;0,029438613;0,004792332
080801;0,279562217;0,595919383;1982,174429;0,049733071;0,153694858;0,157082002;0,063407324;19,44;4,875267666;0,507732572;0,211753509;0,009992862;0,02474423;0,002617178
080802;0,144508671;0,85;1967,079172;0,032048072;0,385578368;0,167582418;0,033049574;10,06;4,58803535;0,243930636;0,591907514;0,031213873;0,013872832;0,001156069
080803;0,03196347;0,922374429;1963,927632;0,018223235;0,501138952;0,082706767;0,011389522;5,94;4,683516484;0,04109589;0,890410959;0;0;0
080804;0,215827338;0,741868869;1973,401306;0,043032375;0,243716067;0,14690027;0,076010456;12,69;4,594564818;0,43987667;0,352517986;0,005138746;0,022096608;0,004624872
080805;0,269110312;0,601256983;1988,833102;0,047894302;0,139599963;0,174584222;0,086108817;25,06;4,797133996;0,615241851;0,09082473;0,004059854;0,018095349;0,001623942
080807;0,150779896;0,860121633;1965,934109;0,028828829;0,344504505;0,111111111;0,046486486;9,27;4,693187728;0,172443674;0,744367418;0,008665511;0,012131716;0,001733102
080808;0,305379514;0,708087367;1973,920131;0,05334716;0,18141491;0,129664489;0,112916235;11,55;4,65337309;0,612085483;0,178039794;0,006337509;0,01385409;0,001915991
080809;0,249034071;0,731491321;1970,040601;0,043454863;0,211085699;0,127784291;0,081259249;12,26;4,645730825;0,479803302;0,30628732;0,005268704;0,019669828;0,002458728
080812;0,152603232;0,834084761;1965,074305;0,035016587;0,360486546;0,142583732;0,051971987;6,943333333;4,572337963;0,186714542;0,720825853;0,006283662;0,006283662;0
080901;0,040201005;0,763819095;1953,083924;0,022675737;0,383219955;0,236111111;0,031746032;7,54;4,164215686;0,165829146;0,738693467;0;0;0
080902;0,02739726;0,796703297;1955,959666;0,024142313;0,378653113;0,106557377;0,038119441;7,4;4,543539326;0,167123288;0,547945205;0;0,008219178;0,002739726
080903;0,044598612;0,698562221;1959,503106;0,034046087;0,300602034;0,145640526;0,05106913;9,71;4,482226693;0,28592666;0,592666006;0,00049554;0,017343905;0
081003;0,193421053;0,656992084;1954,465993;0,053305619;0,190358053;0,18220339;0,061284699;16,79;4,5421981;0,596381579;0,010361842;0,001644737;0,009046053;0,000164474
081004;0,351272727;0,743263473;1972,865004;0,064148848;0,159122466;0,145641581;0,119688975;15,27;4,623376623;0,560727273;0,156363636;0,004363636;0,017454545;0,001454545
081005;0,262650602;0,730862208;1977,512408;0,062623217;0,135161777;0,16923255;0,08865824;14,89;4,784766183;0,571726908;0,095261044;0,001285141;0,012048193;0,001767068
081006;0,228896533;0,735974475;1965,661793;0,040477426;0,236533472;0,175578035;0,070783601;15,36;4,564832628;0,518391109;0,172003175;0,004763165;0,021963482;0,001587722
081101;0,218353134;0,734593262;1980,572202;0,049723757;0,198732532;0,164264164;0,107409815;13,56;4,631027919;0,53011061;0,204834084;0,008193363;0,016386727;0,003277345
081102;0,165684348;0,763001975;1975,932055;0,0456689;0,251675354;0,148127446;0,060560933;11,66;4,773536896;0,351015062;0,342501637;0,007858546;0,029469548;0,002619515
081103;0,202618317;0,681910513;1975,189115;0,053333627;0,175364839;0,175212003;0,104444102;15,45;4,591201133;0,61086766;0,079645048;0,003122261;0,017145048;0,002081507
081201;0,259540175;0,768353528;1969,149355;0,04623898;0,223504033;0,121602857;0,092384168;9,05;4,792299899;0,405546338;0,424271154;0,007584736;0,019672908;0,003081299
081303;0,214067278;0,662410623;1985,539067;0,062872406;0,171152661;0,188816856;0,084240805;23,96;4,788473329;0,593272171;0,078491335;0,004587156;0,023445464;0,001529052
081305;0,166230747;0,803727432;1962,615003;0,033807829;0,279833926;0,13277673;0,04519573;9,97;4,636382979;0,418192386;0,347863993;0,004940424;0,012205754;0,003196745
081306;0,055555556;0,815286624;1940,23516;0,020710059;0,395710059;0,155963303;0,016272189;8,73;4,630597015;0,185714286;0,601587302;0,001587302;0,011111111;0,001587302
081307;0,206456108;0,776536313;1970,820185;0,044125658;0,220446704;0,151100987;0,076720537;9,82;4,785543218;0,4489085;0,227821644;0,001625639;0,011843939;0,001393405
081309;0,193581253;0,756632653;1978,068605;0,042035398;0,205551086;0,153253425;0,065969429;11,97;4,864847303;0,452368823;0,241467142;0,004584819;0,017320428;0,005603668
081310;0,216140631;0,730445247;1973,948483;0,053920813;0,179633338;0,167741935;0,061161608;15,445;4,725266904;0,460247703;0,295245705;0,003995206;0,02756692;0,002397123
081401;0,040345821;0,968299712;1959,980952;0,008379888;0,610335196;0,063953488;0,00698324;11,24;4,121863799;0,103746398;0,850144092;0;0,002881844;0
081404;0,14500684;0,867305062;1958,978152;0,032061913;0,341072416;0,10982659;0,046987286;10,26;4,650829563;0,332421341;0,44870041;0,006839945;0,01504788;0,002735978
081408;0,164259928;0,762250454;1965,781937;0,034364261;0,222680412;0,14351145;0,065292096;15,7;4,36872428;0,731046931;0,050541516;0,003610108;0,012635379;0
081410;0,234579439;0,769662921;1979,880388;0,034140532;0,247320365;0,179898649;0,07185391;14,055;4,793915248;0,587850467;0,174766355;0,001869159;0,014953271;0,002803738
081411;0,161220044;0,743575724;1969,716238;0,034840132;0,269900772;0,18877551;0,04983462;10,99;4,67749658;0,459694989;0,21459695;0,004357298;0,01416122;0,004901961
081412;0,294770473;0,70074099;1976,264892;0,050419613;0,198704817;0,142995169;0,103350294;10,96;4,583026477;0,607869514;0,11383891;0,002690432;0,021859761;0,001177064
081501;0,055;0,739795918;1988,594538;0,050997783;0,206208426;0,163841808;0,093126386;15;4,867647059;0,325;0,325;0,02;0,05;0,005
081502;0,074780059;0,783823529;1983,414066;0,032236842;0,261842105;0,166666667;0,060526316;11,58;4,910973997;0,353372434;0,332844575;0,001466276;0,04398827;0,005865103
081504;0,026992288;0,694193548;1982,806523;0,035096909;0,237297014;0,079059829;0,052907281;14,01;4,837817638;0,532133676;0,168380463;0,001285347;0,026992288;0
081506;0,008223684;0,750415973;1980,544742;0,027576197;0,261973875;0,076682316;0,052975327;8,205;4,598314607;0,416118421;0,212171053;0,001644737;0,016447368;0,008223684
081601;0,281559815;0,770502646;1980,886508;0,038698104;0,234495131;0,181921546;0,072783188;11,83;4,822269807;0,520819564;0,167878387;0,001321877;0,014540648;0,002643754
081602;0,247810858;0,703841932;1970,059743;0,05801105;0,187761594;0,186892775;0,071739494;13,92;4,554125662;0,68410683;0,038309982;0,001094571;0,019045534;0,003064799
081603;0,168865435;0,822907489;1979,64433;0,048669891;0,185308343;0,261154856;0,029625151;16,62;4,576615385;0,678979771;0,034300792;0,000879507;0,009674582;0,00351803
090102;0,00617284;0,913580247;1976,750784;0,038461538;0,255656109;0,122302158;0,024886878;6,79;4,526984127;0,00617284;0,888888889;0,086419753;0,00617284;0,00617284
090103;0,034246575;0,95890411;1969,430258;0,017595308;0,328445748;0,033707865;0,029325513;2,74;4,412026726;0,020547945;0,952054795;0,020547945;0;0
090105;0,040816327;0,983673469;1968,939024;0,01884058;0,333333333;0,050847458;0,011594203;3,27;4,625874126;0,012244898;0,942857143;0,040816327;0,004081633;0
090106;0;0,97752809;1961,244949;0,02173913;0,269565217;0,136363636;0,030434783;3,37;4,593908629;0,123595506;0,831460674;0,033707865;0;0
090107;0;1;1974,782609;0,018018018;0,423423423;0,137254902;0,013513514;4,08;4,756521739;0,020408163;0,908163265;0,071428571;0;0
090109;0,013071895;0,947194719;1972,964223;0,027060271;0,333333333;0,096428571;0,020910209;5,88;4,75177305;0,019607843;0,91503268;0,058823529;0;0
090110;0,02970297;0,920792079;1972,029644;0,030172414;0,362068966;0,152941176;0,021551724;3,96;4,538461538;0,00990099;0,891089109;0,079207921;0;0,00990099
090114;0,049488055;0,803754266;1980,600789;0,040465972;0,247700797;0,095096582;0,059472716;4,64;4,666369313;0,083617747;0,71331058;0,134812287;0,040955631;0,003412969
090115;0,04494382;0,90960452;1976,781457;0,028503563;0,280285036;0,079096045;0,028503563;3,3;4,975124378;0,039325843;0,814606742;0,129213483;0,005617978;0,005617978
090116;0,015306122;0,948979592;1970,943662;0,026607539;0,33481153;0,051282051;0,035476718;1,825;4,480083857;0,025510204;0,852040816;0,112244898;0;0
090203;0,029880478;0,810379242;1987,228275;0,020547945;0,285388128;0,070205479;0,082191781;5,38;4,69816273;0,221115538;0,553784861;0,173306773;0,039840637;0,001992032
090207;0,0375;0,85;1954,272727;0,018518519;0,527777778;0,083333333;0,050925926;1,25;4,819095477;0,075;0,675;0,2375;0,0125;0
090209;0,027027027;0,945945946;1990,163043;0,004201681;0,5;0,125;0,029411765;4,5;4,698689956;0,027027027;0,873873874;0,072072072;0,027027027;0
090210;0,043478261;0,942028986;1984,744898;0,038461538;0,296703297;0,121212121;0,016483516;11,59;3,863945578;0,028985507;0,855072464;0,028985507;0,057971014;0
090213;0,046153846;0,992307692;1966,145307;0,008982036;0,488023952;0,073684211;0,038922156;2,31;4,575045208;0,038461538;0,838461538;0,1;0;0
090219;0,03164557;0,974683544;1950,657227;0,008379888;0,586592179;0,098360656;0,011173184;1,9;4,835294118;0,018987342;0,841772152;0,126582278;0;0
090224;0,022988506;0,954022989;1968,664894;0,011049724;0,453038674;0,108108108;0,016574586;9,2;4,38547486;0,022988506;0,862068966;0,114942529;0;0
090227;0;0,894117647;1943,599448;0,010989011;0,362637363;0,180555556;0,032967033;3,53;4,866666667;0,023529412;0,8;0,164705882;0,011764706;0
090229;0,030821918;0,75456621;1976,702156;0,02748986;0,250563317;0,104040404;0,080666967;3,54;4,809394761;0,196347032;0,5456621;0,194063927;0,051369863;0,003424658
090230;0,01242236;0,97515528;1971,392938;0,010443864;0,399477807;0,097345133;0,023498695;4,916666667;4,697247706;0,068322981;0,826086957;0,093167702;0;0
090231;0;0,958333333;1970,480969;0,003067485;0,542944785;0,156626506;0,018404908;9,493333333;4,364912281;0,025;0,883333333;0,083333333;0;0
090232;0,00729927;0,941605839;1952,678815;0,007518797;0,469924812;0,15;0,030075188;4,99;4,482598608;0,01459854;0,934306569;0,051094891;0;0
090233;0,034090909;0,897727273;1973,822581;0,010416667;0,390625;0,109375;0;7,575;4,751351351;0,034090909;0,897727273;0,045454545;0,022727273;0
090234;0,016;0,96;1971,429766;0,009049774;0,665158371;0,052631579;0,022624434;4,475;4,587248322;0,024;0,928;0,04;0,008;0
090235;0,052083333;0,916666667;1958,938914;0,023255814;0,404651163;0,096774194;0,018604651;3,205;4,542986425;0,072916667;0,71875;0,197916667;0;0
090236;0,015228426;0,959390863;1973,192969;0,014457831;0,409638554;0,138888889;0,012048193;4,14;4,829888712;0,065989848;0,802030457;0,106598985;0,005076142;0
090302;0,052631579;0,808510638;1977,949275;0,039647577;0,295154185;0,375;0,013215859;12,63;4,774509804;0,063157895;0,768421053;0,168421053;0;0
090304;0,01980198;0,88;1974,762557;0,032407407;0,365740741;0,101265823;0,046296296;6,93;4,68202765;0,069306931;0,772277228;0,128712871;0;0
090306;0,018050542;0,844765343;1972,514286;0,027210884;0,255782313;0,086567164;0,054421769;7,22;4,651020408;0,072202166;0,805054152;0,093862816;0,018050542;0,003610108
090307;0,068965517;0,800766284;1980,991784;0,032951289;0,246418338;0,132075472;0,054441261;3,83;4,842352941;0,172413793;0,670498084;0,134099617;0;0,003831418
090308;0,016949153;0,906779661;1975,396226;0,030888031;0,370656371;0,129032258;0,027027027;7,63;4,51910828;0,042372881;0,805084746;0,110169492;0,033898305;0
090309;0,032258065;0,935483871;1968,036184;0,05625;0,29375;0,076923077;0,0125;19,35;4,523489933;0,016129032;0,870967742;0,096774194;0;0
090310;0,058252427;0,922330097;1966,512411;0,016806723;0,357142857;0,102272727;0,029411765;4,85;4,510791367;0,048543689;0,834951456;0,116504854;0;0
090311;0,028985507;0,811594203;1975,468153;0,017142857;0,32;0,123076923;0,034285714;7,25;4,573248408;0,043478261;0,753623188;0,188405797;0,014492754;0
090312;0;0,888888889;1981,4875;0,033333333;0,472222222;0,16;0,033333333;1,39;4,691666667;0;0,916666667;0,069444444;0;0
090314;0,053097345;0,831858407;1973,405963;0,052805281;0,346534653;0,168;0,02640264;8,85;4,822115385;0,026548673;0,796460177;0,168141593;0;0
090318;0,035502959;0,934911243;1969,454294;0,0275;0,37;0,106666667;0,0375;3,55;4,370786517;0,076923077;0,75147929;0,147928994;0,01183432;0
090322;0,022727273;0,886363636;1977,897321;0,03006012;0,194388778;0,048034934;0,082164329;4,55;4,700636943;0,051136364;0,596590909;0,3125;0,034090909;0
090323;0,016853933;0,971910112;1982,06546;0,027896996;0,285407725;0,149425287;0,021459227;18,135;4,86908078;0,033707865;0,904494382;0,061797753;0;0
090324;0,051668461;0,760043431;1970,584037;0,038155136;0,257023061;0,101278269;0,075052411;6,986666667;4,429477021;0,28525296;0,471474704;0,174381055;0,051668461;0,002152853
090325;0;0,87804878;1959,459759;0,031111111;0,386666667;0,078947368;0,031111111;8,32;4,628282828;0,029268293;0,87804878;0,082926829;0,004878049;0
090326;0,007692308;0,930769231;1975,496721;0,036423841;0,407284768;0,078431373;0,016556291;3,08;4,155477032;0,023076923;0,846153846;0,107692308;0,007692308;0,015384615
090403;0,059210526;0,914473684;1990,022088;0,030947776;0,367504836;0,08994709;0,077369439;3,95;4,802419355;0,138157895;0,592105263;0,243421053;0,019736842;0,006578947
090406;0,029315961;0,905537459;1961,030172;0,019480519;0,37012987;0,121568627;0,02987013;5,54;4,755043228;0,094462541;0,859934853;0,039087948;0,006514658;0
090408;0,060570071;0,779761905;1974,984642;0,042514699;0,189959294;0,156159069;0,085029398;6,65;4,803082192;0,201900238;0,631828979;0,100950119;0,047505938;0,003562945
090410;0,020689655;0,931034483;1975,071429;0,018276762;0,480417755;0,056074766;0,007832898;3,45;4,668367347;0,027586207;0,937931034;0,027586207;0,006896552;0
090415;0,012121212;0,89375;1956,059701;0,050761421;0,340101523;0,17037037;0,002538071;14,55;4,422839506;0,036363636;0,890909091;0,054545455;0,012121212;0
090418;0,034334764;0,922746781;1965,48817;0,014953271;0,457943925;0,086666667;0,046728972;3,946666667;4,430379747;0,030042918;0,935622318;0,017167382;0,012875536;0,004291845
090419;0,042253521;0,908450704;1963,412073;0,028571429;0,517857143;0,084745763;0,025;6,36;4,427440633;0,042253521;0,887323944;0,049295775;0,014084507;0
090420;0,030674847;0,901840491;1970,568182;0,0302267;0,319899244;0,132867133;0,025188917;6,88;4,749279539;0,042944785;0,920245399;0,024539877;0,006134969;0
090421;0,012658228;0,928270042;1964,986535;0,023166023;0,445945946;0,114942529;0,028957529;4,413333333;4,211786372;0,063291139;0,894514768;0,025316456;0,008438819;0,004219409
090422;0;0,894736842;1966,965608;0,035294118;0,321568627;0,195652174;0,058823529;14,665;4,515873016;0,104347826;0,8;0,052173913;0;0
090501;0,027210884;0,93877551;1964,800654;0,022922636;0,329512894;0,183333333;0,017191977;4,76;4,852941176;0,013605442;0,979591837;0,006802721;0;0
090502;0,034482759;0,885057471;1952,171717;0,013215859;0,400881057;0,164383562;0,039647577;9,2;4,61025641;0;0,862068966;0,114942529;0;0
090504;0,03030303;0,860606061;1952,607872;0,038647343;0,314009662;0,11627907;0,041062802;3,03;4,687116564;0,090909091;0,818181818;0,084848485;0,006060606;0
090505;0,057189542;0,674836601;1970,989768;0,038106945;0,256914567;0,131614654;0,071911494;4,74;4,596662031;0,25;0,570261438;0,10130719;0,068627451;0,003267974
090507;0,036144578;0,903614458;1988,747024;0,033057851;0,148760331;0,142857143;0,045454545;7,23;4,726190476;0,036144578;0,855421687;0,096385542;0,012048193;0
090509;0,04;0,97;1991,127376;0,013100437;0,375545852;0,146666667;0,061135371;4;4,821292776;0,09;0,79;0,09;0;0
090510;0,026785714;0,954954955;1970,24186;0,024691358;0,46090535;0,12195122;0,049382716;11,61;4,685446009;0,026785714;0,848214286;0,107142857;0,008928571;0
090511;0,058139535;0,918604651;1971,570539;0,029045643;0,319502075;0,146666667;0,012448133;15,12;4,716666667;0,058139535;0,813953488;0,104651163;0,023255814;0
090512;0,009345794;0,934579439;1969,515464;0,026923077;0,376923077;0,095890411;0,011538462;7,48;4,711956522;0,009345794;0,953271028;0,028037383;0;0
090517;0;0,842696629;1958,426396;0,022123894;0,318584071;0,213333333;0,026548673;8,93;4,316326531;0;0,944444444;0,033333333;0;0
090518;0,041509434;0,928030303;1958,765854;0,020602219;0,370839937;0,151658768;0,045958796;3,603333333;4,606643357;0,037735849;0,754716981;0,162264151;0,018867925;0
090519;0,030534351;0,900763359;1960,407643;0,026666667;0,41;0,142857143;0,016666667;5,88;4,600638978;0,030534351;0,816793893;0,13740458;0,007633588;0
090602;0,026666667;0,923333333;1973,203937;0,012552301;0,380753138;0,172284644;0,066945607;6;4,679054054;0,076666667;0,81;0,096666667;0,006666667;0
090603;0,056426332;0,92476489;1969,1623;0,022099448;0,447513812;0,104477612;0,064917127;1,57;4,656432749;0,084639498;0,749216301;0,137931034;0,006269592;0,003134796
090605;0,019417476;0,90776699;1969,304545;0,014028056;0,420841683;0,111111111;0,034068136;9,22;4,496363636;0,04368932;0,849514563;0,101941748;0;0
090612;0,023569024;0,797979798;1980,497217;0,03298153;0,274406332;0,136666667;0,069920844;7,07;4,615819209;0,097643098;0,750841751;0,127946128;0,016835017;0
090613;0,044176707;0,815261044;1955,542506;0,029950083;0,27953411;0,196;0,06156406;6,83;4,548974943;0,164658635;0,742971888;0,072289157;0,012048193;0
090614;0,081967213;0,885245902;1971,550813;0,044164038;0,470031546;0,180722892;0,034700315;4,92;4,560165975;0,081967213;0,704918033;0,18852459;0;0
090617;0,032258065;0,806451613;1971,21089;0,035024155;0,34057971;0,292307692;0,032608696;5,28;4,670846395;0,117302053;0,662756598;0,167155425;0,035190616;0
090619;0,05982906;0,820512821;1967,071984;0,029962547;0,393258427;0,25;0,026217228;5,13;4,414342629;0,05982906;0,743589744;0,162393162;0,025641026;0
090620;0,038095238;0,913461538;1973,876963;0,030534351;0,320610687;0,106382979;0,057251908;1,9;4,67539267;0,114285714;0,733333333;0,142857143;0;0
090621;0,07239819;0,822021116;1972,5625;0,034543326;0,270491803;0,101694915;0,053278689;4,37;4,782278481;0,123680241;0,701357466;0,126696833;0,025641026;0
090623;0,014492754;0,922330097;1968,617716;0,030487805;0,355691057;0,053333333;0,073170732;5,33;4,806220096;0,096618357;0,676328502;0,207729469;0,004830918;0
090624;0,033783784;0,932432432;1966,720273;0,024861878;0,403314917;0,147826087;0,03038674;6,14;4,592515593;0,054054054;0,783783784;0,148648649;0;0
090625;0,045714286;0,649035025;1971,364641;0,032258065;0,284274194;0,14416315;0,103398618;5,29;4,499647142;0,509285714;0,275714286;0,115714286;0,073571429;0,002142857
090626;0,041208791;0,873626374;1965,190132;0,024363234;0,339977852;0,162721893;0,03654485;5,785;4,758533502;0,104395604;0,700549451;0,164835165;0,016483516;0,002747253
090627;0,053648069;0,834763948;1976,754453;0,042276423;0,305691057;0,124069479;0,059349593;3,42;4,428571429;0,186695279;0,688841202;0,100858369;0,008583691;0,002145923
090628;0,036414566;0,87394958;1961,926845;0,025386313;0,312362031;0,122762148;0,057395143;4,76;4,852417303;0,095238095;0,761904762;0,106442577;0,025210084;0,00280112
090703;0,024390244;0,938271605;1983,09292;0,031818182;0,190909091;0,079646018;0,140909091;6,1;4,2;0,036585366;0,780487805;0,170731707;0;0
090704;0,04379562;0,934306569;1967,32494;0,020527859;0,37829912;0,1015625;0,041055718;8,03;4,603864734;0,051094891;0,700729927;0,182481752;0,00729927;0
090705;0;0,916666667;1963,418182;0,019047619;0,295238095;0,135802469;0,033333333;10,71;3,621118012;0,071428571;0,642857143;0,142857143;0;0
090706;0,013574661;0,914027149;1981,311258;0,037821483;0,19515885;0,112318841;0,099848714;7,69;4,619205298;0,063348416;0,705882353;0,180995475;0,004524887;0
090708;0,0125;0,9;1968,219512;0,051020408;0,321428571;0,194444444;0,030612245;6,25;4,518292683;0;0,8875;0,1;0;0
090709;0,03030303;0,871212121;1976,838583;0,023569024;0,367003367;0,130841121;0,016835017;10,61;4,764940239;0,007575758;0,931818182;0,03030303;0,015151515;0
090711;0,018779343;0,938967136;1956,618207;0,024955437;0,256684492;0,134693878;0,058823529;6,57;3,721763085;0,037558685;0,901408451;0,056338028;0;0
090712;0,011560694;0,936416185;1974,912234;0,017391304;0,426086957;0,065420561;0,026086957;6,94;4,906914894;0,011560694;0,710982659;0,25433526;0;0,011560694
090713;0,03539823;0,946902655;1961,1875;0,024691358;0,231481481;0,204918033;0,033950617;5,31;4,316455696;0,079646018;0,796460177;0,079646018;0;0
090714;0;0,962025316;1978,693939;0,03902439;0,243902439;0,157894737;0,034146341;12,66;4,660606061;0,037974684;0,797468354;0,139240506;0;0
090716;0,018691589;0,906542056;1965,243865;0,008810573;0,440528634;0,082191781;0,052863436;5,61;4,636363636;0,018691589;0,869158879;0,102803738;0,009345794;0
090717;0,010989011;0,816849817;1958,100897;0,037398374;0,36097561;0,154929577;0,02601626;8,42;4,339325843;0,032967033;0,901098901;0,043956044;0,014652015;0
090718;0,00952381;0,857142857;1959,656134;0,022304833;0,360594796;0,25;0,026022305;6,67;4,415730337;0,057142857;0,857142857;0,057142857;0,00952381;0
090721;0;0,895833333;1991,656028;0,044052863;0,242290749;0,116071429;0,083700441;4,17;4,773049645;0,09375;0,791666667;0,114583333;0;0
090722;0;0,985507246;1954,966887;0,03125;0,36875;0,109090909;0,03125;10,14;4,556291391;0,014492754;0,811594203;0,086956522;0;0
090723;0,029925187;0,880299252;1977,867384;0,02960222;0,204440333;0,150763359;0,121184089;8,48;4,617594255;0,104738155;0,715710723;0,154613466;0,002493766;0
090724;0;0,95480226;1965,097;0,016620499;0,440443213;0,132743363;0,03601108;11,86;4,606;0,084745763;0,847457627;0,056497175;0,005649718;0
090725;0,012658228;0,886075949;1944,848837;0,030456853;0,253807107;0,192771084;0,020304569;13,92;4,612403101;0,101265823;0,848101266;0,025316456;0,012658228;0
090728;0,00862069;0,86637931;1969,570938;0,034539474;0,276315789;0,14229249;0,072368421;11,64;4,609336609;0,099137931;0,801724138;0,081896552;0,004310345;0,004310345
090729;0,012987013;0,974025974;1954,166667;0,031055901;0,49689441;0,192307692;0,02484472;2,6;4,311239193;0,012987013;0,792207792;0,168831169;0;0
090730;0,006578947;0,914473684;1971,372583;0,038507822;0,250300842;0,149584488;0,054151625;8,88;4,653097345;0,036184211;0,8125;0,088815789;0,003289474;0,006578947
090732;0,077586207;0,660869565;1973,526627;0,031168831;0,353246753;0,186206897;0,023376623;10,34;4,270967742;0,155172414;0,732758621;0,068965517;0,043103448;0
090734;0,01010101;0,949494949;1961,38835;0,036697248;0,408256881;0,153846154;0,02293578;9,09;3,691860465;0,050505051;0,888888889;0,050505051;0;0,01010101
090738;0,012195122;0,865853659;1969,629717;0,030501089;0,263616558;0,140703518;0,021786492;6,71;4,650943396;0,030487805;0,847560976;0,085365854;0;0
090744;0,045045045;0,954954955;1968,766038;0,037190083;0,314049587;0,11627907;0,053719008;5,41;4,624521073;0,072072072;0,792792793;0,135135135;0;0
090746;0,020547945;0,883561644;1980,317734;0,020304569;0,225888325;0,164835165;0,073604061;12,33;4,600985222;0,068493151;0,849315068;0,075342466;0;0
090747;0,035502959;0,781065089;1981,710674;0,022727273;0,262626263;0,125;0,035353535;10,06;4,694050992;0,071005917;0,804733728;0,094674556;0,017751479;0
090748;0,029411765;0,941176471;1965,002392;0,014285714;0,504081633;0,174242424;0,030612245;9,41;4,245657568;0,070588235;0,858823529;0,058823529;0,005882353;0
090749;0;0,909090909;1982,394286;0,029288703;0,345188285;0,171122995;0,029288703;7,39;4,551020408;0,005681818;0,920454545;0,028409091;0;0
090750;0,049019608;0,843137255;1971,509615;0,046979866;0,261744966;0,124087591;0,036912752;12,75;4,756410256;0,078431373;0,852941176;0,058823529;0;0
090751;0,010204082;0,905759162;1967,008102;0,034623218;0,301425662;0,138121547;0,040733198;7,65;4,690697674;0,030612245;0,852040816;0,081632653;0;0
090752;0,015625;0,953125;1970,038835;0,019607843;0,359477124;0,134328358;0,006535948;7,81;4,86407767;0,015625;0,921875;0,046875;0;0,015625
090753;0,05785124;0,909090909;1970,035417;0,021875;0,234375;0,136986301;0,078125;9,92;4,468619247;0,05785124;0,727272727;0,099173554;0;0
090757;0,030888031;0,733590734;1973,923602;0,019708655;0,362467866;0,168161435;0,032562125;5,315;4,740372671;0,113899614;0,766409266;0,057915058;0,034749035;0
090758;0,03785649;0,75586473;1980,598771;0,046452099;0,140485601;0,123051386;0,177827969;5,743333333;4,66299885;0,372475388;0,338069623;0,078859231;0,194763016;0,001623871
090759;0,008474576;0,991525424;1980,279693;0,016949153;0,33220339;0,127272727;0,050847458;10,775;4,46875;0;0,86440678;0,13559322;0;0
090760;0,006711409;0,89261745;1955,734604;0,01607717;0,501607717;0,119565217;0,048231511;2,54;4,456456456;0,053691275;0,859060403;0,053691275;0,013422819;0
090761;0,015873016;0,968253968;1973,400662;0,044303797;0,32278481;0,1;0,056962025;9,475;4,80794702;0;0,952380952;0,015873016;0,031746032;0
090762;0,009345794;0,799065421;1976,257238;0,028625954;0,288167939;0,220183486;0,04389313;6,875;4,748329621;0,046728972;0,808411215;0,135514019;0;0
090763;0,017241379;0,922413793;1963,611635;0,008130081;0,422764228;0,115384615;0,048780488;5,933333333;4,397394137;0,00862069;0,931034483;0,051724138;0;0
090764;0;0,944444444;1979,785347;0,007407407;0,42962963;0,223404255;0,02962963;7,3;4,545691906;0,032258065;0,919354839;0,048387097;0;0
090765;0,031496063;0,896825397;1967,059078;0,013333333;0,543333333;0,12987013;0,033333333;4,74;4,479768786;0,031496063;0,700787402;0,204724409;0,023622047;0
090766;0,015873016;0,952380952;1974,015027;0,021126761;0,447183099;0,117647059;0,052816901;3;4,727272727;0,047619048;0,825396825;0,119047619;0;0
090801;0;0,920529801;1969,515901;0,023323615;0,317784257;0,19047619;0,017492711;5,3;4,22614841;0,039735099;0,880794702;0,046357616;0,013245033;0
090802;0,019097222;0,746527778;1978,957503;0,029619182;0,226375176;0,1488;0,072637518;4,86;4,276964048;0,322916667;0,399305556;0,184027778;0,079861111;0
090803;0,023090586;0,827708703;1970,148678;0,020055325;0,311894882;0,133470226;0,046334716;4,62;4,674008811;0,314387211;0,447602131;0,150976909;0,056838366;0,001776199
090804;0,010526316;0,936842105;1967,503425;0,013452915;0,479820628;0,175438596;0,00896861;7,37;4,296992481;0,094736842;0,821052632;0,073684211;0;0
090901;0;0,823529412;1961,884375;0,06763285;0,212560386;0,078947368;0,028985507;5,88;4,880503145;0;0,917647059;0,035294118;0;0,011764706
090902;0,02247191;0,93258427;1974,076923;0,016949153;0,615819209;0,071428571;0,056497175;1,12;4,704453441;0;0,921348315;0,06741573;0;0
090905;0,030927835;0,93814433;1973,25265;0,033653846;0,5;0,05;0,024038462;4,12;4,663082437;0,06185567;0,886597938;0,030927835;0;0
090907;0,04379562;0,883211679;1971,430464;0,020979021;0,51048951;0,126760563;0,038461538;4,38;4,721854305;0,02189781;0,890510949;0,058394161;0,01459854;0
090908;0,024;0,976;1966,573529;0;0,509803922;0,056179775;0,02745098;3,2;4,785185185;0,144;0,76;0,08;0;0
090912;0,014851485;0,97029703;1960,232446;0,013544018;0,365688488;0,088235294;0,027088036;4,95;4,513647643;0,024752475;0,891089109;0,069306931;0,00990099;0
090914;0,016260163;0,910569106;1968,492565;0,014388489;0,366906475;0,058823529;0,014388489;8,94;4,537593985;0,008130081;0,918699187;0,032520325;0;0
090915;0,00877193;0,964912281;1962,031437;0,023809524;0,380952381;0,051282051;0,01984127;12,28;4,552870091;0,01754386;0,894736842;0,070175439;0;0
090917;0,029473684;0,808016878;1974,721124;0,03125;0,246347403;0,101711027;0,077922078;5,026666667;4,711538462;0,128421053;0,694736842;0,132631579;0,034736842;0,002105263
090918;0,006944444;0,916666667;1966,49635;0,022875817;0,434640523;0,15;0,026143791;6,355;4,520884521;0,027777778;0,798611111;0,152777778;0;0,006944444
090919;0,037735849;0,924050633;1965,175971;0,012269939;0,475460123;0,117647059;0,018404908;6,003333333;4,5;0,025157233;0,805031447;0,150943396;0,006289308;0
091009;0;0,964285714;1984,396;0;0,457894737;0,038461538;0;9,52;4,616;0,011904762;0,976190476;0,011904762;0;0
091010;0,010958904;0,895890411;1975,233773;0,022099448;0,380110497;0,048148148;0,035359116;6,3;4,548387097;0,02739726;0,898630137;0,057534247;0,002739726;0
091012;0,008474576;0,940677966;1990,75;0,007905138;0,42687747;0,102803738;0,063241107;8,47;4,797619048;0,016949153;0,915254237;0,042372881;0,008474576;0
091013;0,008196721;0,959016393;1983,185417;0;0,327586207;0,02247191;0,048275862;4,1;4,533333333;0,032786885;0,909836066;0,057377049;0;0
091014;0;0,93902439;1972,060241;0,010752688;0,435483871;0,025641026;0,02688172;4,88;4,416149068;0,036585366;0,841463415;0,097560976;0;0
091015;0,004524887;0,932126697;1979,076291;0,014732965;0,372007366;0,191919192;0,044198895;6,79;4,338028169;0,004524887;0,968325792;0,027149321;0;0
091017;0,046801872;0,795472287;1979,376404;0,040932348;0,202671973;0,145238095;0,078453667;4,6;4,752075919;0,164586583;0,631825273;0,167706708;0,01950078;0,001560062
091018;0,005235602;0,937172775;1960,384946;0,006622517;0,474613687;0,025862069;0,01986755;5,76;4,411894273;0,047120419;0,848167539;0,09947644;0;0
091024;0,017857143;0,919642857;1976,482495;0,027210884;0,219387755;0,155555556;0,037414966;7,59;4,722100656;0,035714286;0,848214286;0,116071429;0;0
091027;0,012820513;0,91025641;1970,134078;0,021505376;0,376344086;0,057692308;0,037634409;6,41;4,51396648;0;0,871794872;0,128205128;0;0
091028;0;0,953367876;1963,060049;0,023041475;0,324884793;0,217391304;0,025345622;17,895;4,301980198;0;0,901554404;0,082901554;0,005181347;0
091029;0,008032129;0,870967742;1980,501859;0,02292769;0,396825397;0,081871345;0,026455026;15,405;4,879182156;0,016064257;0,855421687;0,120481928;0,004016064;0
091030;0,056451613;0,911290323;1970,778777;0,018248175;0,386861314;0,141414141;0,03649635;12,73;4,131578947;0;0,89516129;0,10483871;0;0
091031;0,036036036;0,990990991;1958,286611;0,019920319;0,442231076;0,151515152;0,03187251;4,805;4,656903766;0,009009009;0,864864865;0,117117117;0;0
091032;0,054054054;0,972972973;1969,925606;0,016528926;0,433884298;0,12987013;0,020661157;4,555;4,200704225;0,009009009;0,864864865;0,117117117;0,009009009;0
091033;0;0,983739837;1952,005917;0,008510638;0,638297872;0,075;0,004255319;10,385;4,464285714;0;0,967741935;0,008064516;0;0
091034;0,013986014;0,944055944;1969,381402;0,009836066;0,462295082;0,211111111;0,019672131;7,626666667;4,514824798;0,006993007;0,937062937;0,027972028;0,013986014;0
091035;0,039215686;0,980392157;1974,537338;0,004830918;0,560386473;0,12;0,019323671;2;4,300653595;0,009803922;0,862745098;0,12745098;0;0
091101;0,012987013;0,896103896;1970,660777;0,04;0,365714286;0,152542373;0,034285714;12,99;4,844522968;0,038961039;0,883116883;0,077922078;0;0
091102;0,009009009;0,945945946;1973,3;0,006993007;0,604895105;0,063492063;0,052447552;5,41;4,517241379;0,126126126;0,720720721;0,153153153;0;0
091103;0,015873016;0,936507937;1957,888224;0,012618297;0,586750789;0,028985507;0,025236593;3,97;4,706586826;0,047619048;0,674603175;0,277777778;0;0
091106;0,020725389;0,96373057;1972,726257;0,013921114;0,538283063;0,035087719;0,027842227;1,55;4,905027933;0,051813472;0,74611399;0,191709845;0,005181347;0
091107;0,030075188;0,977443609;1976,319014;0,021148036;0,47734139;0,024691358;0,018126888;6,77;4,621621622;0,052631579;0,796992481;0,105263158;0,015037594;0
091109;0,048192771;0,962962963;1984,081673;0,021052632;0,347368421;0,029411765;0,021052632;7,23;4,812749004;0,072289157;0,807228916;0,108433735;0,012048193;0
091110;0,045081967;0,905737705;1971,013245;0,017241379;0,386206897;0,131979695;0,024137931;6,15;4,82781457;0,036885246;0,913934426;0,040983607;0;0
091111;0,01369863;0,95890411;1976,076555;0,015544041;0,471502591;0,189655172;0,010362694;12,33;4,732057416;0,02739726;0,821917808;0,150684932;0;0
091112;0,039772727;1;1970,448665;0,008219178;0,583561644;0,051282051;0,021917808;1,14;4,449691992;0,017045455;0,931818182;0,045454545;0;0
091113;0,011111111;0,888888889;1968,984513;0,008733624;0,336244541;0,054347826;0,052401747;4,44;4,471153846;0,033333333;0,766666667;0,177777778;0;0
091114;0,025477707;0,987261146;1978,399381;0,005524862;0,566298343;0,03030303;0,019337017;0;4,876160991;0,01910828;0,815286624;0,165605096;0;0
091118;0,006802721;0,952054795;1967,070393;0,027108434;0,524096386;0,109756098;0,036144578;4,08;4,6873706;0,054421769;0,62585034;0,31292517;0;0
091120;0,027027027;0,963963964;1976,11399;0,008695652;0,5;0,095238095;0,047826087;4,5;4,919689119;0,081081081;0,648648649;0,27027027;0;0
091123;0,009345794;0,957943925;1970,055333;0,030634573;0,547045952;0,142857143;0,021881838;2,8;4,769333333;0,060747664;0,518691589;0,392523364;0,014018692;0,014018692
091124;0,013333333;0,906666667;1974,201493;0,033333333;0,227777778;0,164383562;0,027777778;4;4,902621723;0,013333333;0,933333333;0,04;0;0
091125;0,012987013;0,935064935;1977,225296;0,025641026;0,369230769;0,132352941;0,041025641;6,49;4,605577689;0,051948052;0,844155844;0,090909091;0,012987013;0
091126;0,020618557;0,845360825;1977,973896;0,022522523;0,441441441;0,144927536;0,013513514;3,09;4,485943775;0,082474227;0,762886598;0,12371134;0;0,010309278
091127;0,08;0,912;1970,905844;0,007194245;0,363309353;0,07;0,035971223;5,6;4,794372294;0,024;0,896;0,08;0;0
091133;0,020100503;0,944723618;1962,75;0,015765766;0,40990991;0,075;0,036036036;6,03;4,488160291;0,035175879;0,884422111;0,075376884;0;0
091134;0,015086207;0,838362069;1978,658023;0,020424837;0,321895425;0,10373444;0,035130719;3,88;4,826810176;0,077586207;0,737068966;0,161637931;0,00862069;0,006465517
091136;0,016666667;0,977777778;1980,608514;0,005089059;0,567430025;0,0875;0,010178117;2,78;4,904841402;0,055555556;0,738888889;0,188888889;0,005555556;0
091138;0,019417476;0,893203883;1980,617264;0,020576132;0,320987654;0,08411215;0,008230453;5,83;4,853420195;0,038834951;0,834951456;0,087378641;0;0
091139;0,013333333;0,986666667;1968,685185;0,005464481;0,606557377;0,052631579;0;2,67;3,792592593;0,04;0,773333333;0,186666667;0;0
091141;0;0,956756757;1970,793893;0,023054755;0,492795389;0,114942529;0,014409222;6,533333333;4,766412214;0,07027027;0,810810811;0,102702703;0;0,005405405
091142;0;0,93129771;1981,593407;0,010380623;0,62283737;0,12;0,020761246;5,785;4,610294118;0,015267176;0,610687023;0,374045802;0;0
091143;0,028571429;0,976190476;1974,62747;0,004210526;0,526315789;0,11965812;0,052631579;3,473333333;4,92687747;0,033333333;0,876190476;0,080952381;0;0
091144;0,02173913;0,988888889;1971,867508;0,022624434;0,411764706;0,116666667;0,027149321;9,906666667;4,682539683;0,032608696;0,793478261;0,163043478;0;0
091145;0,054337464;0,813397129;1974,486587;0,037212696;0,227654141;0,090054816;0,093761401;5,94;4,55333998;0,165872259;0,597712107;0,202097235;0,022878932;0,000953289
091146;0,06122449;0,959183673;1978,583612;0,016949153;0,525423729;0,144144144;0,012106538;5,21;4,662184874;0,071428571;0,795918367;0,117346939;0,005102041;0,005102041
091147;0,009009009;0,963963964;1963,892857;0,009174312;0,426605505;0,122807018;0,018348624;8,365;4,119241192;0,126126126;0,747747748;0,117117117;0;0
091201;0,034482759;0,9408867;1953,475881;0,008583691;0,343347639;0,248275862;0,042918455;6,9;4,788104089;0,108374384;0,798029557;0,064039409;0,009852217;0
091205;0,013071895;0,954248366;1959,667095;0,012618297;0,447949527;0,063492063;0,012618297;3,27;4,475065617;0,006535948;0,901960784;0,078431373;0;0
091207;0,05800464;0,686774942;1968,741002;0,013295347;0,30294397;0,174876847;0,037037037;9,05;4,574367089;0,524361949;0,213457077;0,141531323;0,067285383;0
091208;0,073298429;0,893542757;1952,422914;0,0332668;0,319361277;0,075356415;0,04324684;6,63;4,584474886;0,129144852;0,717277487;0,10122164;0,010471204;0
091209;0,117857143;0,795698925;1973,61987;0,040502793;0,234636872;0,133333333;0,062849162;4,29;4,623873874;0,210714286;0,617857143;0,1;0,032142857;0
091210;0,050847458;0,915254237;1953,293388;0,031380753;0,219665272;0,147321429;0,023012552;9,6;4,82320442;0,06779661;0,847457627;0,056497175;0,011299435;0,005649718
091212;0,034120735;0,854881266;1969,795815;0,019629226;0,318429662;0,130952381;0,039258451;4,46;4,681096681;0,034120735;0,905511811;0,023622047;0,007874016;0
091213;0,093645485;0,897610922;1968,811441;0,034772182;0,254196643;0,122807018;0,073141487;5,69;4,553191489;0,140468227;0,688963211;0,120401338;0,006688963;0,006688963
091216;0,125;0,897727273;1965,128834;0,03153527;0,218257261;0,101265823;0,094605809;3,64;4,775729647;0,161363636;0,593181818;0,15;0,065909091;0,011363636
091219;0,028037383;0,981308411;1953,644518;0,010600707;0,462897527;0,112903226;0,007067138;4,67;4,693877551;0,056074766;0,635514019;0,252336449;0,018691589;0
091221;0,011494253;0,954022989;1962,522026;0,010695187;0,475935829;0,111111111;0,037433155;8,05;4,77092511;0,011494253;0,873563218;0,091954023;0;0,011494253
091224;0,021164021;0,931216931;1950,145;0,036016949;0,283898305;0,125603865;0,029661017;4,76;4,197368421;0,105820106;0,830687831;0,052910053;0,010582011;0
091225;0,014814815;0,903703704;1967,502008;0,016129032;0,335483871;0,254716981;0,04516129;2,96;4,538135593;0,111111111;0,762962963;0,074074074;0,037037037;0
091228;0,068965517;0,793103448;1969,679443;0,037128713;0,245049505;0,214765101;0,017326733;4,6;4,595070423;0,068965517;0,816091954;0,103448276;0,011494253;0
091230;0,064377682;0,939914163;1972,551813;0,050874404;0,233704293;0,114173228;0,050874404;4,795;4,749347258;0,25751073;0,630901288;0,051502146;0,008583691;0,004291845
091231;0,055555556;0,853174603;1974,449353;0,028213166;0,249216301;0,117647059;0,051724138;6,515;4,508658009;0,154761905;0,734126984;0,071428571;0,007936508;0
091232;0,050406504;0,885993485;1969,39907;0,025168815;0,281767956;0,187888199;0,046040516;6,275;4,565703635;0,095934959;0,778861789;0,084552846;0,019512195;0,001626016
091233;0,109234234;0,743307974;1973,907037;0,041049152;0,202900096;0,125924214;0,098198102;5,603333333;4,684271958;0,400619369;0,398085586;0,07545045;0,093186937;0,001407658
091234;0,081433225;0,833876221;1967,679487;0,022277228;0,34529703;0,130434783;0,044554455;2,225;4,525046382;0,19218241;0,723127036;0,055374593;0,006514658;0
091235;0,046686747;0,909502262;1967,665952;0,033274956;0,290134267;0,123809524;0,049620549;3,14;4,591854419;0,135542169;0,590361446;0,144578313;0,030120482;0,006024096
091236;0,033802817;0,93220339;1959,137247;0,013140604;0,44152431;0,111702128;0,024967148;24,91;4,288888889;0,078873239;0,828169014;0,067605634;0,011267606;0
091301;0,045801527;0,961832061;1946,839506;0,009036145;0,397590361;0,074380165;0,021084337;9,16;4,530351438;0,038167939;0,885496183;0,045801527;0,022900763;0
091303;0,01369863;1;1967,866667;0,036082474;0,237113402;0,064935065;0,025773196;6,85;3,64;0;0,98630137;0,01369863;0;0
091304;0,051948052;0,922077922;1953,35049;0,020512821;0,451282051;0,116666667;0,035897436;9,09;4,931372549;0,012987013;0,87012987;0,103896104;0;0
091305;0,011111111;0,977777778;1953,954976;0,045454545;0,413636364;0,087719298;0,045454545;7,78;4,453658537;0,011111111;0,788888889;0,166666667;0,011111111;0
091307;0,00877193;0,98245614;1960,485232;0,018315018;0,274725275;0,129032258;0,04029304;1,75;4,783898305;0,01754386;0,763157895;0,175438596;0,00877193;0
091309;0,015384615;0,923076923;1974,816176;0,026490066;0,331125828;0,086206897;0,006622517;3,08;4,477386935;0,015384615;0,969230769;0,015384615;0;0
091310;0,012987013;0,948051948;1979,121891;0,038043478;0,298913043;0,042253521;0,032608696;7,79;4,686567164;0;0,909090909;0,077922078;0;0
091311;0;0,959183673;1974,625;0,030567686;0,340611354;0,181818182;0,048034934;11,22;3,754098361;0,010204082;0,897959184;0,06122449;0;0
091312;0,004329004;0,991341991;1970,683476;0,013779528;0,397637795;0,076271186;0,011811024;6,49;4,293721973;0,004329004;0,831168831;0,142857143;0,004329004;0
091313;0;0,973333333;1971,44702;0,071428571;0,193877551;0,070422535;0,035714286;1,33;4,761589404;0,013333333;0,84;0,106666667;0;0,013333333
091314;0,009090909;0,836363636;1959,533755;0,018115942;0,293478261;0,117647059;0,057971014;8,18;4,852760736;0,036363636;0,909090909;0,036363636;0,009090909;0
091315;0;0,886363636;1979,393333;0,00617284;0,441358025;0,00990099;0,021604938;4,55;4,533333333;0,022727273;0,738636364;0,204545455;0;0
091316;0,007575758;0,962121212;1978,294931;0,034055728;0,321981424;0,038461538;0,030959752;6,06;3,770334928;0;0,901515152;0,068181818;0,015151515;0
091321;0,018691589;0,953271028;1967,789377;0,012;0,352;0,079545455;0,036;9,35;4,805860806;0,009345794;0,887850467;0,065420561;0,037383178;0
091325;0,010869565;0,956521739;1972,080808;0,027027027;0,464864865;0,088235294;0,016216216;4,35;4,222222222;0,02173913;0,934782609;0,043478261;0;0
091330;0,015748031;0,909448819;1959,865188;0,030354132;0,333895447;0,074074074;0,02529511;4,465;4,175;0,019685039;0,877952756;0,086614173;0;0
091331;0,011363636;0,994318182;1964,18648;0,017456359;0,366583541;0,056074766;0,014962594;4,066666667;4,483568075;0,028409091;0,875;0,085227273;0;0,005681818
091332;0,028731045;0,818834796;1972,642607;0,042397661;0,216666667;0,070680628;0,098830409;5,74;4,686205154;0,112529928;0,610534717;0,215482841;0,043894653;0,004788508
091333;0;0,991452991;1968,414013;0,008163265;0,485714286;0,094736842;0,036734694;1,665;4,780254777;0,017094017;0,94017094;0,042735043;0;0
091334;0,026252983;0,785202864;1972,665995;0,036893204;0,257281553;0,141935484;0,05631068;13,085;4,628005658;0,057279236;0,813842482;0,088305489;0,016706444;0
091335;0;0,966887417;1968,894813;0,031518625;0,406876791;0,17;0,031518625;5,765;4,190201729;0,111842105;0,861842105;0,026315789;0;0
091401;0,042944785;0,858895706;1985,544931;0,023316062;0,375647668;0,053435115;0,010362694;3,68;4,668202765;0,128834356;0,785276074;0,030674847;0,018404908;0
091402;0,009009009;0,972972973;1943,618243;0,004385965;0,425438596;0,025974026;0,004385965;0,9;4,73559322;0,018018018;0,891891892;0,072072072;0;0
091403;0,043478261;0,753623188;1966,498571;0,029585799;0,340236686;0,074380165;0,029585799;10,87;4,649425287;0,065217391;0,739130435;0,130434783;0,028985507;0
091404;0,072727273;0,9;1985,087156;0,010791367;0,5;0,02739726;0,025179856;2,73;4,779816514;0,090909091;0,872727273;0,036363636;0;0
091405;0,028846154;0,942307692;1977,491111;0,00990099;0,524752475;0,019607843;0,054455446;4,81;4,96;0,038461538;0,692307692;0,259615385;0;0
091407;0,065934066;0,813186813;1973,335556;0,012396694;0,309917355;0,076086957;0,049586777;7,69;4,726457399;0,065934066;0,769230769;0,142857143;0;0,021978022
091410;0,037037037;0,933333333;1965,954545;0,022653722;0,346278317;0,011764706;0,022653722;6,67;4,561983471;0,02962963;0,703703704;0,222222222;0,037037037;0
091411;0,057142857;0,895238095;1972,025424;0,0375;0,341666667;0,060240964;0,016666667;6,67;3,338983051;0,019047619;0,857142857;0,123809524;0;0
091412;0,020618557;0,875;1972,563898;0,019230769;0,480769231;0,093023256;0,014423077;16,49;4,776357827;0,010309278;0,81443299;0,144329897;0;0
091414;0,025862069;0,887931034;1974,338583;0,030188679;0,316981132;0,116883117;0,018867925;7,76;4,47826087;0,034482759;0,887931034;0,068965517;0;0
091415;0,073529412;0,933823529;1967,32459;0,005970149;0,337313433;0,050505051;0,032835821;5,15;4,2;0,058823529;0,830882353;0,110294118;0;0
091416;0,021052632;0,884210526;1963,594118;0,012765957;0,361702128;0,0375;0,042553191;10,53;4,473372781;0,063157895;0,842105263;0,063157895;0,031578947;0
091418;0,046692607;0,856031128;1975,220789;0,034482759;0,354679803;0,101522843;0,049261084;10,07;4,326251897;0,116731518;0,673151751;0,159533074;0,031128405;0
091419;0,175953079;0,694790902;1973,470574;0,037532732;0,236252546;0,106703146;0,085830666;3,49;4,564005668;0,393695015;0,352639296;0,127565982;0,091642229;0,002199413
100102;0,025249169;0,808510638;1974,067282;0,047223664;0,252205501;0,100252207;0,051115724;6,78;4,819900946;0,351495017;0,418604651;0,066445183;0,046511628;0,001993355
100104;0,033670034;0,848484848;1969,763995;0,028233749;0,235062377;0,107142857;0,057124097;5,56;4,863928113;0,351851852;0,473063973;0,069023569;0,026936027;0,003367003
100105;0,039646134;0,859251969;1974,561335;0,045280834;0,162362478;0,104976142;0,085929357;10,35;4,574049366;0,229685452;0,624508519;0,03931848;0,034731324;0,002621232
100106;0,039548023;0,920096852;1970,519322;0,036764706;0,225490196;0,088011088;0,032781863;7,99;4,713333333;0,206618241;0,653753027;0,041162228;0,015334948;0,000807103
100108;0,030612245;0,897959184;1973,495346;0,035451505;0,20735786;0,099855282;0,04793757;7,98;4,471044232;0,228091236;0,636854742;0,047418968;0,031212485;0,0030012
100109;0,019851117;0,793532338;1968,242498;0,04195122;0,238536585;0,103218646;0,073658537;6,45;4,769230769;0,32133995;0,501240695;0,049627792;0,062034739;0
100112;0,046434494;0,639534884;1978,400494;0,035216179;0,230822873;0,162601626;0,087517434;10,45;4,796475031;0,435323383;0,271973466;0,032338308;0,109452736;0,000829187
100114;0,019006744;0,878918254;1970,948232;0,051523789;0,172330629;0,098148148;0,04056128;8,71;4,513302034;0,177805028;0,694052728;0,049049663;0,028816677;0,003065604
100116;0,032122905;0,924475524;1969,052083;0,027720739;0,238706366;0,082080925;0,036960986;7,96;4,696340257;0,150837989;0,691340782;0,048882682;0,015363128;0,005586592
100120;0,029597474;0,856120827;1973,477948;0,043229402;0,188130743;0,106581059;0,059195662;8,395;4,836033701;0,228492502;0,607340174;0,048145225;0,045382794;0,001183899
100121;0,036649215;0,688198324;1970,672156;0,043800828;0,210158368;0,112542165;0,127978314;6,175;4,596587447;0,547993019;0,218150087;0,028621291;0,107155323;0,00034904
100122;0,017940718;0,860501567;1970,931491;0,039865072;0,250229991;0,119747899;0,04875805;8,256666667;4,669600939;0,185647426;0,705928237;0,033541342;0,034321373;0,001560062
100123;0,055895865;0,855111453;1976,320666;0,037020179;0,207404036;0,133092343;0,065847368;7,33;4,750209556;0,168070444;0,723200613;0,042496172;0,023353752;0
100201;0,025806452;0,929032258;1972,043783;0,019287834;0,393175074;0,103092784;0,043026706;2,9;4,676007005;0,051612903;0,877419355;0,048387097;0,003225806;0,006451613
100204;0,030831099;0,896782842;1969,049852;0,025613079;0,336239782;0,1216;0,026702997;5,9;4,712997746;0,053619303;0,887399464;0,034852547;0,009383378;0,001340483
100205;0,020958084;0,954819277;1961,749705;0,028532609;0,402173913;0,105263158;0,024456522;5,99;4,69451074;0,032934132;0,904191617;0,041916168;0,002994012;0
100208;0,056720099;0,841191067;1973,173896;0,034163006;0,311859444;0,097839898;0,069302099;5,845;4,625899281;0,135635018;0,760789149;0,05918619;0,018495684;0,001233046
100209;0,042236025;0,949068323;1968,927025;0,037631711;0,288008028;0,101715686;0,04164576;4,975;4,298455056;0,055900621;0,885714286;0,033540373;0,009937888;0
100301;0,030501089;0,97167756;1971,250685;0,019559902;0,331703341;0,096244131;0,02607987;3,49;4,423398329;0,054466231;0,864923747;0,065359477;0,006535948;0
100303;0,040914561;0,7973462;1974,048731;0,052097741;0,238819733;0,135323383;0,065006916;6,26;4,604188482;0,220216606;0,660649819;0,049338147;0,046931408;0,001203369
100304;0,06640625;0,903520209;1977,201304;0,031124498;0,300200803;0,116104869;0,045682731;4,43;4,617427386;0,091145833;0,83203125;0,045572917;0,014322917;0
100306;0,027363184;0,965087282;1955,399878;0,018947368;0,345263158;0,128654971;0,044210526;5,22;4,469151671;0,049751244;0,885572139;0,042288557;0,002487562;0,002487562
100307;0,018942384;0,971314741;1963,96992;0,027965284;0,283831565;0,081280788;0,031822565;5,05;4,408592322;0,027624309;0,849250197;0,09234412;0,001578532;0,001578532
100309;0,060188542;0,903413217;1972,667542;0,049684326;0,215207247;0,092906466;0,07136975;4,136666667;4,69633193;0,179840464;0,705583756;0,060913706;0,035532995;0,002900653
100401;0,089291289;0,861648969;1979,783722;0,055217595;0,161909219;0,080637708;0,085400094;6,31;4,677391304;0,17733375;0,608804246;0,091476741;0,081486107;0,001873244
100402;0,106382979;0,90738423;1975,214343;0,035500231;0,24296911;0,081818182;0,070539419;4,63;4,674380165;0,146433041;0,694618273;0,128911139;0,01126408;0,001251564
100403;0,035532995;0,911337209;1976,014684;0,049157303;0,213483146;0,078454333;0,052808989;5,44;4,618447581;0,050761421;0,793328499;0,129079043;0,013052937;0,002175489
100404;0,072183099;0,936619718;1973,644866;0,031413613;0,189790576;0,063858696;0,055628272;7,57;4,717391304;0,096830986;0,720070423;0,137323944;0,01056338;0,003521127
100502;0,034285714;0,877142857;1968,128657;0,037965072;0,266514806;0,138586957;0,042520881;8,1;4,595835885;0,343809524;0,426666667;0,04;0,034285714;0,004761905
100503;0,019178082;0,81043956;1968,48326;0,037749288;0,243945869;0,114049587;0,039529915;8,22;4,555987055;0,426484018;0,347945205;0,03196347;0,03196347;0,002739726
100505;0,018181818;0,819018405;1976,313265;0,034408602;0,167741935;0,064579256;0,043010753;13,33;4,723360656;0,448484848;0,366666667;0,072727273;0,027272727;0
100506;0,043429427;0,749344324;1970,369026;0,04178273;0,220788741;0,120127796;0,082832429;7,735;4,607020221;0,534256833;0,218270311;0,052040434;0,08348933;0,003369525
100601;0,01650165;0,902317881;1966,094848;0,042915932;0,275720165;0,103597122;0,031746032;11,06;4,396470588;0,234323432;0,561056106;0,069306931;0,021452145;0,00660066
100602;0,013661202;0,921675774;1971,316687;0,033478406;0,253096753;0,123515439;0,035487111;8,93;4,744014733;0,210382514;0,632969035;0,052823315;0,013661202;0,000910747
100604;0,021141649;0,94279661;1970,629403;0,035183737;0,227521501;0,077989601;0,026583268;8,67;4,53271028;0,190274841;0,691331924;0,035940803;0,016913319;0
100606;0,032534247;0,581475129;1976,312568;0,040328603;0,241971621;0,155143339;0,106796117;11,99;4,870718232;0,539383562;0,193493151;0,068493151;0,087328767;0
100607;0,023560209;0,90052356;1969,904275;0,039961941;0,245480495;0,100409836;0,029495718;8,9;4,038387716;0,193717277;0,69895288;0,018324607;0,02617801;0,002617801
100608;0,048920863;0,81962482;1983,0993;0,049369748;0,182773109;0,132803632;0,120273109;4,75;4,813226095;0,342446043;0,358273381;0,11942446;0,056115108;0,005755396
100609;0,024058577;0,908995816;1973,865465;0,04258614;0,228029423;0,119831224;0,054200542;8,26;4,492816092;0,194560669;0,585774059;0,10251046;0,034518828;0,006276151
100611;0,021596244;0,919172932;1974,037846;0,036315616;0,213601849;0,101719198;0,038296467;9,86;4,873177843;0,170892019;0,724882629;0,038497653;0,01971831;0,003755869
100615;0,024017467;0,840262582;1972,20521;0,033766234;0,275324675;0,107660455;0,041558442;6,55;4,636835279;0,242358079;0,556768559;0,032751092;0,030567686;0
100617;0,029153355;0,678209909;1974,552738;0,043601021;0,208448716;0,136528029;0,140250855;7,33;4,605332746;0,545926518;0,156815761;0,027822151;0,160942492;0,001730564
100618;0,015188834;0,679078379;1978,253562;0,050310247;0,164095254;0,164686737;0,094080161;7,195;4,576056895;0,55500821;0,173440066;0,018678161;0,107142857;0,001231527
100619;0,016716418;0,846383742;1978,743545;0,039238183;0,23497017;0,140295359;0,073428178;7,175;4,688322041;0,355820896;0,370746269;0,100298507;0,053134328;0,00238806
100703;0,056661562;0,808429119;1968,200119;0,029771232;0,313381385;0,143835616;0,039172673;4,7;4,672837022;0,160796325;0,755742726;0,04058193;0,012251149;0,001531394
100801;0,027896996;0,911827957;1963,58159;0,027124774;0,294755877;0,176339286;0,04159132;8,15;4,59787234;0,040772532;0,907725322;0,02360515;0,012875536;0
100802;0,033613445;0,949579832;1968,146361;0,033333333;0,316091954;0,158249158;0,016091954;4,48;4,738019169;0,019607843;0,941176471;0,033613445;0,00280112;0
100803;0,007633588;0,984615385;1965,764151;0,014388489;0,435251799;0,085714286;0,035971223;12,21;4,54887218;0,045801527;0,854961832;0,030534351;0,007633588;0
100806;0,070404984;0,826791277;1975,759527;0,031673052;0,281736909;0,145090682;0,059770115;4,595;4,555900621;0,168224299;0,748286604;0,029906542;0,02741433;0,002492212
100901;0,057210965;0,918160096;1976,485645;0,041499895;0,187065515;0,083928571;0,050558247;6,26;4,662027833;0,099523242;0,734803337;0,13170441;0,010131108;0,000595948
100902;0,084287201;0,935416667;1972,434612;0,034649776;0,215350224;0,066871637;0,080849478;7,08;4,527533919;0,09157128;0,694068678;0,163371488;0,02289282;0,008324662
100907;0,069452619;0,928108427;1974,625205;0,035600085;0,200170539;0,062222222;0,045619271;4,77;4,819536424;0,0541495;0,73631548;0,184814597;0,012360212;0,001177163
100909;0,01951952;0,876876877;1978,636103;0,029971182;0,25648415;0,096479791;0,044380403;7,21;4,653818182;0,106606607;0,714714715;0,102102102;0,024024024;0
100913;0,053252814;0,896618092;1974,331149;0,036359964;0,205534794;0,081867535;0,063023937;5,87;4,754957507;0,130387044;0,763656327;0,068350261;0,01427395;0,002195992
100915;0,033243486;0,909665763;1977,712362;0,039726473;0,172582221;0,080687831;0,063497232;8,72;4,774394464;0,076370171;0,703504043;0,171608266;0,017070979;0,004492363
100921;0,049618321;0,90653009;1975,451996;0,039621792;0,184601531;0,083409716;0,054930212;7,38;3,81920904;0,1043257;0,718829517;0,129770992;0,013994911;0,003816794
100925;0,031976744;0,956395349;1978,33913;0,041916168;0,184630739;0,077405858;0,031936128;8,14;4,62129528;0,040697674;0,85755814;0,085755814;0;0,007267442
100926;0,043263288;0,941759603;1977,758829;0,046666667;0,216444444;0,071080818;0,036888889;5,44;4,50095057;0,051915946;0,752781211;0,17552534;0,002472188;0
100932;0,043450479;0,902111324;1970,247061;0,033537332;0,273929009;0,067617866;0,041615667;4,485;4,513513514;0,063897764;0,741853035;0,168051118;0,010223642;0,003833866
100933;0,066437661;0,728580363;1977,080276;0,05104642;0,158363493;0,094454021;0,192604249;6,2475;4,680911681;0,374268093;0,30626903;0,056600828;0,208369115;0,002888594
100934;0,058535058;0,749660574;1979,20263;0,053678496;0,134297521;0,1097709;0,13077297;6,865;4,709647836;0,330133556;0,418614357;0,03672788;0,153484975;0,001669449
100935;0,041102289;0,853271028;1976,667923;0,044301598;0,204656011;0,102178813;0,066018068;6,955;4,574895715;0,147127511;0,613731901;0,138720224;0,067725362;0,005604858
100936;0,027663934;0,895897436;1975,045489;0,041337168;0,178289001;0,095274683;0,035406183;6,83;4,641634241;0,073770492;0,78125;0,106557377;0,015881148;0,007172131
100937;0,082160517;0,870955463;1980,429648;0,053458213;0,146829971;0,079741379;0,159510086;5,725;4,808555697;0,205401293;0,48687714;0,106884747;0,170787372;0,002662609
100938;0,06346382;0,927553444;1974,80548;0,042094456;0,177412731;0,061122661;0,047843943;4,525;4,748175182;0,06168446;0,760379597;0,15480427;0,007710558;0,004744958
100939;0,07826087;0,890823845;1977,07175;0,039292731;0,189587426;0,068363273;0,076620825;6,125;4,782762097;0,110367893;0,628093645;0,21270903;0,016053512;0,002675585
100940;0,038104543;0,937377691;1975,988484;0,046280425;0,18186493;0,080662983;0,046623243;7,085;4,606563561;0,070835369;0,780654617;0,11431363;0,010747435;0,004885198
101001;0,040984261;0,783818356;1977,302307;0,04771903;0,178564612;0,11042744;0,088821022;6,48;4,665162625;0,304465926;0,495006791;0,047135895;0,10313973;0,002157066
101002;0,027355623;0,790960452;1975,527934;0,040718563;0,222583405;0,112580128;0,060393499;6,99;4,684854186;0,230134607;0,524967434;0,140251845;0,063829787;0,000868432
101003;0,047904192;0,924;1974,633508;0,042253521;0,175352113;0,121165644;0,053521127;8,38;4,585840708;0,083832335;0,840319361;0,02994012;0,031936128;0
101101;0,011695906;0,801470588;1978,36655;0,043103448;0,231034483;0,094666667;0,06954023;8,19;4,537243948;0,280701754;0,44005848;0,105263158;0,043859649;0,002923977
101102;0,022211374;0,670746634;1974,535932;0,043942186;0,199922398;0,160300429;0,083422252;11,55;4,66706779;0,478154747;0,1557237;0,026116671;0,081034904;0,001220405
101103;0,021150592;0,734295416;1972,641117;0,03956256;0,189771631;0,113573407;0,047603731;11,25;4,770742358;0,265651438;0,410321489;0,028764805;0,049915398;0
101201;0,023255814;0,880143113;1970,008782;0,035594359;0,243116185;0,106446777;0,045668234;10,73;4,717978848;0,268336315;0,456171735;0,051878354;0,032200358;0,003577818
101202;0,011961722;0,712230216;1990,757241;0,03033367;0,267947422;0,13022113;0,061678463;8,61;4,599540582;0,413875598;0,279904306;0,057416268;0,074162679;0,002392344
101203;0,001960784;0,860510806;1974,498295;0,03752932;0,233776388;0,123636364;0,047693511;6,47;4,600229095;0,392156863;0,276470588;0,123529412;0,045098039;0
101207;0,013586957;0,868852459;1989,514169;0,032563025;0,24789916;0,118811881;0,046218487;7,07;4,903080391;0,29076087;0,355978261;0,073369565;0,054347826;0,005434783
101208;0,024165708;0,820276498;1980,311988;0,055341055;0,164736165;0,103964758;0,0999571;6,33;4,892450879;0,383199079;0,347525892;0,089758343;0,108170311;0,002301496
101209;0,008287293;0,828729282;1973,868836;0,038824764;0,22980063;0,058394161;0,041972718;8,29;4,610337972;0,317679558;0,364640884;0,077348066;0,03038674;0
101210;0,028751753;0,808988764;1976,315397;0,042868484;0,220428685;0,110144928;0,077533739;8,696666667;4,735753482;0,37657784;0,353436185;0,058204769;0,056100982;0,002805049
101301;0,073654391;0,948863636;1960,180769;0,017811705;0,416030534;0,169724771;0,029262087;4,25;4,564202335;0,084985836;0,864022663;0,036827195;0,011331445;0
101302;0,084057971;0,876579203;1975,099952;0,030196078;0,303921569;0,141141141;0,042745098;7,73;4,47538538;0,14589372;0,774879227;0,026086957;0,016425121;0,002898551
101303;0,088122605;0,931034483;1965,672881;0,022452504;0,360967185;0,164948454;0,03626943;6,51;4,249541284;0,045977011;0,892720307;0,019157088;0;0,003831418
101402;0,020870602;0,853301464;1981,430594;0,049475095;0,202255975;0,116404715;0,067790931;8,91;4,764578834;0,482409064;0,211091234;0,04084675;0,051282051;0,002385212
101405;0,014159292;0,830088496;1976,341137;0,052819415;0,229835832;0,124423963;0,052105639;6,73;4,517474634;0,488495575;0,279646018;0,067256637;0,044247788;0,001769912
101406;0,014381592;0,827884615;1985,300758;0,047565119;0,198187995;0,135135135;0,076255191;9,4;4,878481894;0,420901246;0,190795781;0,068072867;0,039309684;0,000958773
101407;0,00791379;0,630567834;1970,980494;0,043528375;0,206386874;0,165945166;0,065428165;12,88666667;4,614840183;0,591513723;0,06920357;0,006566762;0,026940562;0,001010271
101501;0,020087336;0,950692042;1967,625232;0,030018083;0,36238698;0,098342541;0,038336347;4,89;4,384724187;0,034061135;0,868995633;0,071615721;0,005240175;0
101503;0,021240442;0,970263381;1973,428381;0,036085826;0,270806242;0,069331158;0,029583875;2,72;4,62366167;0,044180119;0,754460493;0,183517417;0,002548853;0,004248088
101504;0,029411765;0,946428571;1979,909894;0,03739931;0,235327963;0,091040462;0,027617952;5,54;4,345518868;0,027681661;0,783737024;0,176470588;0,008650519;0
101505;0,014253563;0,927921093;1976,369811;0,041712707;0,201657459;0,070701019;0,026519337;5,25;4,649286498;0,057014254;0,84696174;0,063765941;0,012753188;0,001500375
101506;0,022171688;0,930138568;1975,104716;0,035737352;0,223250807;0,091743119;0,048223897;4,78;4,579218549;0,064809551;0,794769756;0,092097783;0,025582717;0,000568505
101508;0,044417767;0,94451146;1969,7744;0,042543458;0,25526075;0,096737908;0,042086002;4,56;4,641384996;0,076830732;0,74909964;0,151260504;0,007202881;0
101509;0,051906293;0,789296636;1977,831848;0,049288824;0,184150943;0,100209282;0,093933237;6,2;4,625549326;0,240238861;0,485989894;0,109937222;0,126014393;0,003062318
101510;0,038186158;0,927120669;1971,215959;0,026924894;0,274444969;0,093078759;0,039678791;5,49;4,454545455;0,089498807;0,766109785;0,106205251;0,00477327;0,003579952
101513;0,029029029;0,934826884;1973,528841;0,04356133;0,252961406;0,099047619;0,044325564;6,21;4,478567234;0,077077077;0,698698699;0,196196196;0,013013013;0,003003003
101514;0,021276596;0,970125786;1964,674451;0,034847542;0,3434972;0,092057762;0,041692595;5,78;4,599439776;0,060790274;0,779635258;0,136778116;0,009118541;0,001519757
101515;0,081570997;0,816358025;1977,836175;0,052812859;0,19804822;0,070489845;0,071756602;8,31;4,336196319;0,113293051;0,693353474;0,135951662;0,034743202;0
101518;0,024040489;0,909128978;1978,338795;0,040838342;0,222068115;0,08427762;0,046232085;5,186666667;4,717432347;0,066216786;0,805567271;0,097849009;0,01560523;0,002108815
101519;0,023974182;0,927131072;1969,542565;0,035806571;0,342192691;0,096824571;0,043189369;4,186666667;4,604581212;0,062240664;0,715998156;0,196864915;0,011065007;0,001844168
101602;0,027027027;0,930930931;1972,858031;0,031908832;0,246723647;0,08427673;0,084330484;4,05;4,538541667;0,088588589;0,720720721;0,175675676;0,006006006;0,001501502
101605;0,065803668;0,885529158;1978,6759;0,054021121;0,172217709;0,093954248;0,060926076;6,04;4,750695088;0,148867314;0,694714132;0,084142395;0,040992449;0,002157497
101606;0,061499579;0,890480202;1973,673968;0,04252111;0,192098914;0,090346535;0,053679131;7,5;4,830877643;0,112889638;0,796967144;0,036225779;0,0210615;0,00084246
101608;0,05483871;0,69483871;1971,485024;0,037350993;0,22384106;0,11011236;0,058013245;7,29;4,353351955;0,378709677;0,496129032;0,043225806;0,024516129;0,001290323
101609;0,033472803;0,861344538;1974,3248;0,039926063;0,208133087;0,090563166;0,063585952;9,31;4,443993506;0,146443515;0,713389121;0,081589958;0,028242678;0,006276151
101610;0,023880597;0,940298507;1966,92115;0,043113772;0,277844311;0,054755043;0,016766467;5,07;4,703358209;0,074626866;0,880597015;0,029850746;0,002985075;0
101613;0,046195652;0,948369565;1963,831712;0,038986355;0,218323587;0,068085106;0,038986355;6,25;4,390688259;0,095108696;0,823369565;0,0625;0,005434783;0
101614;0,068797159;0,828229028;1978,342623;0,047318612;0,184127511;0,105922166;0,09164868;7,835;4,62955298;0,246338216;0,562805149;0,060363959;0,083888149;0,002663116
101615;0,031847134;0,939490446;1966,255198;0,028340081;0,300944669;0,086092715;0,053981107;5,225;4,360153257;0,092356688;0,805732484;0,079617834;0,012738854;0
101616;0,041322314;0,93553719;1968,660631;0,044014085;0,21713615;0,065333333;0,024647887;6,41;4,42599278;0,067768595;0,880991736;0,031404959;0,003305785;0
110106;0,075;0,880877743;1969,503257;0,045292014;0,231227652;0,079889807;0,045887962;8,75;4,574031891;0,45625;0,3296875;0,0265625;0,034375;0,0015625
110107;0,089644513;0,85007728;1972,116356;0,043048284;0,211169284;0,108303249;0,036067481;11,28;4,7265625;0,488408037;0,301391036;0,020092736;0,026275116;0,00309119
110108;0,091937765;0,896746818;1974,627179;0,039328789;0,254850551;0,105140187;0,044572627;10,89;4,758799172;0,499292786;0,333804809;0,022630835;0,033946252;0,001414427
110109;0,110169492;0,754237288;1975,748092;0,050426687;0,178432894;0,105740181;0,072924748;13,56;4,248496994;0,531779661;0,294491525;0,021186441;0,069915254;0
110113;0,049768519;0,841251448;1967,082624;0,043718362;0,272894616;0,112765957;0,03359411;8,22;4,674662669;0,46875;0,30787037;0,020833333;0,06712963;0
110114;0,040816327;0,907029478;1963,739914;0,034423408;0,264199656;0,098159509;0,029259897;12,93;4,666666667;0,469387755;0,292517007;0,024943311;0,013605442;0,002267574
110117;0,10564663;0,840826245;1974,080956;0,036435368;0,216755628;0,101375446;0,044789974;11,34;4,801548492;0,472374013;0,349119611;0,014571949;0,056466302;0
110118;0,049323787;0,786911413;1959,673977;0,04191245;0,247438684;0,09553696;0,050915865;9,655;4,602169982;0,503579952;0,278440732;0,022275259;0,054097056;0,00159109
110119;0,198653199;0,766361886;1975,156322;0,056279457;0,162554293;0,101585014;0,104149339;9,1;4,705503513;0,56950457;0,246272246;0,021885522;0,06974507;0,000962001
110120;0,151108399;0,737270876;1978,973636;0,066884904;0,101852541;0,127194746;0,07402723;11,76;4,657992565;0,621720561;0,130974171;0,009151922;0,101688021;0,000813504
110121;0,063209076;0,899513776;1970,216827;0,042663219;0,226890756;0,062780269;0,031027796;11,32;4,607784431;0,505672609;0,338735818;0,027552674;0,037277147;0,001620746
110201;0,138547486;0,72651357;1974,372978;0,048202292;0,206637693;0,080564784;0,060450415;10,17;4,814065511;0,703910615;0,119553073;0,027932961;0,023463687;0,002234637
110202;0,154814349;0,780610639;1972,170124;0,064001848;0,15353512;0,075703439;0,12176525;10,2;4,701304165;0,630585274;0,193832599;0,022970422;0,053178099;0,003461296
110203;0,156050955;0,802547771;1957,002247;0,033492823;0,205741627;0,097686375;0,107655502;7,32;4,36492891;0,640127389;0,200636943;0,041401274;0,012738854;0,006369427
110204;0,100519931;0,85380117;1972,100134;0,058479532;0,208333333;0,069952305;0,066520468;11,27;4,835180055;0,582322357;0,175043328;0,029462738;0,036395147;0,003466205
110301;0,102306921;0,804216867;1975,356238;0,025522042;0,189095128;0,101971448;0,032192575;8,63;4,506085842;0,343029087;0,524573721;0,017051153;0,028084253;0,001003009
110302;0,136801541;0,835907336;1969,182663;0,033409263;0,221716021;0,122102009;0,059225513;8,29;4,527386541;0,40655106;0,429672447;0,01734104;0,050096339;0
110303;0,116955792;0,798879552;1975,71905;0,05249895;0,202435951;0,132589286;0,045569089;14,49;4,527687296;0,391158366;0,472299944;0,020705092;0,032456631;0,001119194
110304;0,180124224;0,763648251;1977,022662;0,059218559;0,158363858;0,113166747;0,089499389;12,26;4,630021142;0,580908794;0,218372017;0,009153318;0,08368748;0,002942138
110306;0,136612022;0,868852459;1970,244353;0,032954545;0,285227273;0,105943152;0,054545455;11,2;4,971252567;0,50273224;0,341530055;0,010928962;0,024590164;0,00273224
110307;0,182795699;0,668463612;1977,634761;0,052915767;0,178185745;0,079229122;0,066954644;11,02;4,760204082;0,677419355;0,161290323;0;0,029569892;0,002688172
110310;0,066600398;0,880715706;1967,732143;0,031427324;0,337843736;0,129341317;0,062854649;7,436666667;4,823427582;0,303180915;0,567594433;0,040755467;0,031809145;0,002982107
110401;0,020958084;0,903903904;1973,620219;0,034482759;0,295715778;0,07591623;0,03030303;8,38;4,795918367;0,191616766;0,685628743;0,032934132;0,047904192;0
110407;0,013586957;0,85326087;1970,286741;0,040883978;0,253038674;0,095;0,043093923;5,16;4,768370607;0,239130435;0,60326087;0,043478261;0,032608696;0
110409;0,033797217;0,815109344;1972;0,048136646;0,264751553;0,103074141;0,036490683;6,96;4,645600991;0,35387674;0,409542744;0,051689861;0,053677932;0
110410;0,087557604;0,881538462;1973,249282;0,035035629;0,299881235;0,093930636;0,046912114;6,14;4,835748792;0,402457757;0,359447005;0,070660522;0,066052227;0,001536098
110411;0,053924915;0,772664835;1974,058973;0,059968017;0,190831557;0,114382786;0,077025586;8,285;4,835405999;0,536518771;0,250511945;0,04778157;0,083959044;0,000682594
110412;0,042906574;0,865464632;1974,27222;0,039647577;0,288821586;0,114519427;0,037995595;6,7;4,813315927;0,303114187;0,525259516;0,04083045;0,042906574;0,001384083
110413;0,021963824;0,880519481;1975,350667;0,039800995;0,258208955;0,097701149;0,029850746;7,42;4,675022381;0,298449612;0,506459948;0,047803618;0,03875969;0,00129199
110501;0,08816841;0,643551438;1980,992168;0,051989944;0,157558939;0,126880904;0,122171624;15,41;4,633286052;0,557143785;0,174452602;0,012149958;0,112793191;0,003053733
110506;0,089470284;0,742696006;1983,104614;0,059528364;0,14147334;0,123821851;0,140655977;12,62;4,783391356;0,564830196;0,174095607;0,008305648;0,121400886;0,001799557
110507;0,126291377;0,719022227;1974,301081;0,048214722;0,200790988;0,106131539;0,246983803;9,13;4,724391709;0,649957833;0,093558929;0,008011807;0,154279992;0,001897533
110508;0,120223086;0,643025633;1976,772123;0,045673699;0,208694667;0,123373942;0,214179394;11,78;4,677857043;0,632221829;0,104984093;0,012960999;0,135108597;0,003299163
110601;0,066483198;0,462528935;1941,186288;0,040148556;0,295191138;0,155409535;0,117820324;16,67;4,368248175;0,729142526;0,020567787;0,004779838;0,043742758;0,000434531
110602;0,087802636;0,424293612;1937,837553;0,043104067;0,286882307;0,113928062;0,19027469;14,42;4,468229488;0,728777199;0,011798958;0,002758198;0,078608642;0,0004597
110607;0,06797692;0,421720733;1944,62691;0,042631703;0,263405826;0,165681502;0,121378661;18,37;4,09586682;0,745402092;0,009015507;0,003245582;0,032455824;0,001803101
110608;0,125703906;0,586837184;1966,003913;0,036474246;0,289928349;0,133571169;0,198296607;11,8;4,315469811;0,783832879;0,015379958;0,003693612;0,052679382;0,000726612
110610;0,121207524;0,46102416;1949,691748;0,038227684;0,240815006;0,125575555;0,175614489;15,56;4,143461701;0,710709951;0,014411408;0,001668689;0,088440534;0,000758495
110611;0,201537433;0,593716861;1962,867794;0,061869081;0,168539911;0,123872707;0,251535019;13,28;4,064820271;0,692624777;0,027963458;0,002896613;0,142045455;0,001002674
110618;0,213982301;0,722234273;1980,167324;0,047977195;0,153886635;0,080073401;0,361802434;8,55;4,733219568;0,746843658;0,029970501;0,002831858;0,111091445;0,000884956
110621;0,049112553;0,439576277;1966,888281;0,044240997;0,186304342;0,167241477;0,067525732;16,86;4,339933993;0,689500321;0,004490698;0,002637394;0,046689001;0,000498966
110633;0,163099172;0,747589895;1967,412373;0,070380017;0,297502072;0,128419609;0,138125962;10,56;4,753937593;0,721543839;0,016424843;0,003064694;0,103864387;0,019202222
110639;0,219302878;0,659475494;1964,639475;0,040583482;0,247586478;0,087830554;0,310595285;8,91;4,519930676;0,761222604;0,018418273;0,003168735;0,122194349;0,000594138
110702;0,081081081;0,592671269;1961,211585;0,039030667;0,226678104;0,087483176;0,066480806;11,55;4,589054726;0,631160572;0,144674086;0,022257552;0,057233704;0,00317965
110705;0,081726354;0,582255083;1968,732087;0,051053195;0,193859336;0,100780696;0,068189932;12,95;4,841282252;0,578512397;0,137741047;0,022956841;0,029384757;0,001836547
110707;0,158579432;0,705551242;1973,190036;0,049011917;0,160745639;0,101357595;0,120064253;11,89;4,51502319;0,646852151;0,117272814;0,014053746;0,062956984;0,003323521
110708;0,08135861;0,599209486;1961,499676;0,041337962;0,217103187;0,092020592;0,063742506;10,74;4,274289491;0,604265403;0,182464455;0,017377567;0,034755134;0,002369668
110726;0,250635593;0,630848491;1978,374659;0,020465031;0,278013796;0,110196708;0,201589694;6,04;5,007246377;0,850847458;0,018220339;0,002330508;0,050847458;0,000635593
110727;0,11464038;0,605230643;1974,54466;0,01760535;0,168197567;0,150522928;0,128837322;20,81;3,978494624;0,592917123;0,055129609;0,004381161;0,11573567;0
110728;0,115017285;0,667527134;1979,918248;0,047979969;0,176332589;0,11848447;0,08792944;12,08666667;4,706697166;0,656530146;0,112146247;0,01259741;0,069842386;0,002050741
110729;0,117411608;0,584810974;1971,412525;0,043089532;0,206382715;0,133667282;0,062833727;15,795;4,636116768;0,615076718;0,155436958;0,012341561;0,055036691;0,004002668
110730;0,113216485;0,786718602;1980,352994;0,05835591;0,11970626;0,136007958;0,120989591;14,92;4,567150635;0,707721459;0,022643297;0,004831833;0,094078636;0,000473709
110731;0,061757166;0,421801689;1974,113078;0,056291675;0,151246315;0,180722892;0,033855136;23,82;4,415580129;0,630078459;0,069913773;0,004117144;0,051347782;0,001475957
110803;0,020710059;0,786885246;1967,99113;0,038062284;0,268742791;0,119382022;0,053633218;10,5;4,607414449;0,423076923;0,297337278;0,071005917;0,056213018;0
110805;0,014754098;0,817133443;1979,970965;0,040590406;0,242312423;0,076347305;0,038745387;10;4,621975806;0,426229508;0,267213115;0,044262295;0,036065574;0,003278689
110806;0,042397661;0,879765396;1983,86588;0,065362841;0,155429748;0,099678457;0,065877509;7,89;4,764642082;0,437134503;0,279239766;0,062865497;0,039473684;0,004385965
110808;0,027972028;0,833916084;1979,429801;0,044897959;0,206802721;0,121297602;0,057142857;9,97;4,838410596;0,513986014;0,237762238;0,036713287;0,071678322;0
110810;0,021197007;0,787765293;1980,92235;0,054647361;0,139654367;0,096;0,042970574;13,47;4,636072572;0,422693267;0,139650873;0,051122195;0,044887781;0
110812;0,033942559;0,757641921;1980,415704;0,049340706;0,186643981;0,11375;0,084219481;9,735;4,71302468;0,514360313;0,210400348;0,037423847;0,059834639;0,003481288
110813;0,054436987;0,828230022;1974,017241;0,042701647;0,213508233;0,104938272;0,046050795;11,325;4,583023873;0,477255779;0,288590604;0,037285608;0,036539896;0,002982849
110814;0,025773196;0,860344828;1979,477799;0,041807148;0,220498989;0,12006079;0,039784221;10;4,653581943;0,445017182;0,281786942;0,032646048;0,020618557;0,003436426
110902;0,056603774;0,772136954;1985,349856;0,068677494;0,144315545;0,115349682;0,141531323;9,43;4,69092219;0,472877358;0,285377358;0,035377358;0,068396226;0,008254717
110904;0,030915577;0,826190476;1975,482398;0,052730304;0,192788662;0,101731602;0,057315548;11,06;4,755651756;0,507728894;0,206302021;0,023186683;0,041022592;0,005350773
110906;0,040985668;0,69579451;1983,274752;0,068518519;0,145808967;0,110289937;0,1417154;11,32;4,658156028;0,511189339;0,203168217;0,022127232;0,106110133;0,001760121
110909;0,075816024;0,76094376;1981,406067;0,065773379;0,126932058;0,086316008;0,14539086;9,01;4,699781876;0,526409496;0,209347181;0,030860534;0,118694362;0,003264095
110911;0,116740981;0,797483766;1978,616071;0,068204471;0,121885234;0,070904645;0,097821444;10,17;4,722123894;0,525334414;0,216051885;0,043372517;0,078638022;0,004458857
110913;0,036440084;0,813333333;1981,540297;0,051651809;0,165705296;0,099890231;0,10356581;9,53;4,693665158;0,475823406;0,264891381;0,033637001;0,05746321;0,006306938
110918;0,052401747;0,793621013;1967,302962;0,048424467;0,214087118;0,072957198;0,067191844;8,965;4,564639755;0,528384279;0,228945727;0,037429819;0,035558328;0,003742982
110919;0,070714286;0,747676912;1967,953089;0,051863435;0,189992181;0,08384231;0,069846234;11,91333333;4,809210526;0,494285714;0,215714286;0,037857143;0,04;0,004285714
110920;0,055062167;0,757701422;1971,83477;0,052235401;0,173813869;0,097703737;0,097855839;8,365;4,689772176;0,58259325;0,150384843;0,055654233;0,057430432;0,004144464
110921;0,077091821;0,706712673;1974,610512;0,074845586;0,131888095;0,089849877;0,127649267;8,345;4,446094609;0,52491382;0,198370417;0,021309934;0,15606393;0,001880288
110922;0,108744395;0,769079686;1976,862382;0,069609335;0,135667174;0,090098818;0,132521563;11,35;4,698811545;0,52382287;0,193665919;0,034753363;0,144618834;0,001961883
111002;0,107646622;0,792077367;1979,186811;0,060313109;0,143351851;0,092051906;0,17906356;10,26;4,743965517;0,622494432;0,12268003;0,012620638;0,121380846;0,001855976
111009;0,08014862;0,633740485;1979,960898;0,053110774;0,152800686;0,141331575;0,136504585;16,03;4,783114993;0,589171975;0,108103326;0,006900212;0,123496108;0,001061571
111012;0,137386309;0,697769054;1968,28034;0,048166033;0,224987157;0,098511124;0,245905682;10,27666667;4,709903593;0,719195787;0,03480134;0,004834849;0,110244136;0,001196745
111013;0,119084727;0,725533272;1980,291394;0,062417328;0,154569004;0,110334152;0,219356261;10,58;4,723703067;0,660527061;0,068149617;0,007863417;0,13119864;0,002691981
111014;0,096048144;0,700180687;1975,655715;0,046088497;0,208223701;0,108146853;0,23666787;12,21666667;4,807434092;0,700140421;0,051715145;0,008024072;0,107041123;0,001685055
111102;0,034741557;0,753088912;1976,914929;0,060211321;0,122837736;0,140064593;0,094233962;15,53;4,690188434;0,591857322;0,152846709;0,008715652;0,102893112;0,001089456
111105;0,028352235;0,585676037;1970,219457;0,047850026;0,203723125;0,111081081;0,127294179;12,58;4,753882915;0,4503002;0,300867245;0,036691127;0,104736491;0,005003336
111108;0,038077188;0,778889848;1980,094069;0,059499905;0,112172645;0,143228449;0,092705713;16,37;4,506115317;0,578336779;0,18515966;0,008499885;0,087066391;0,001493223
111115;0,079973268;0,557666518;1981,22391;0,066136525;0,104873632;0,150190672;0,057948193;20,94;4,546264226;0,583871686;0,171084874;0,008687904;0,066384495;0,000891067
111122;0,020991401;0,782864742;1972,61349;0,045786298;0,158232775;0,153801593;0,069141689;14,25;4,442516269;0,639542236;0,09610521;0,004994942;0,068538189;0,001011634
111123;0,053929122;0,583153348;1968,593962;0,045568263;0,201691685;0,122919956;0,061174649;12,01666667;4,736093508;0,581818182;0,183204931;0,024807396;0,055161787;0,002157165
111124;0,020975211;0,769372316;1977,316887;0,066225679;0,089868479;0,132209738;0,078085838;20,44;4,664712154;0,588463634;0,191296649;0,004017979;0,053187142;0,000612912
111125;0,035982328;0,80216268;1982,804108;0,051000593;0,117556877;0,131291611;0,136669324;15,64;4,609815951;0,63916538;0,166178741;0,005163145;0,055197743;0,001011338
111126;0,040516296;0,717321892;1970,714415;0,054915449;0,156568262;0,143230746;0,10044903;16,36;4,528822567;0,631665504;0,120153493;0,006478621;0,079587362;0,001046546
111127;0,036716042;0,597533987;1975,884809;0,048167222;0,185458952;0,109046154;0,086822175;11,88;4,810642547;0,519697447;0,231957138;0,033879609;0,066813741;0,004412228
111128;0,069189288;0,692265446;1972,078626;0,047615829;0,16734818;0,102881507;0,157142374;9,733333333;4,730585051;0,50945983;0,229320903;0,023855223;0,145690522;0,003930171
111201;0,062764457;0,769393512;1971,969277;0,050458716;0,176470588;0,104493774;0,066378845;10,37;4,624382208;0,530324401;0,246826516;0,036671368;0,052186178;0,002820874
111202;0,05866426;0,761517615;1973,833333;0,063403417;0,169185283;0,076152305;0,068002628;10,38;4,591210614;0,576714801;0,17599278;0,053249097;0,041516245;0,003610108
111203;0,05904908;0,729646697;1969,864522;0,048443922;0,192014093;0,081791045;0,086024662;9,59;4,436075322;0,637269939;0,151840491;0,028374233;0,076687117;0,004601227
111306;0,030751708;0,846950518;1972,654639;0,048760666;0,201950427;0,10400682;0,039821211;12,76;4,610480349;0,490888383;0,189066059;0,033029613;0,048974943;0,003416856
111310;0,047191011;0,834831461;1975,430769;0,051145663;0,178396072;0,093519278;0,077741408;10,45;4,705170517;0,512359551;0,259550562;0,024719101;0,065168539;0,002247191
111311;0,052009456;0,809786898;1974,478882;0,047235023;0,199596774;0,101992966;0,062211982;9,77;4,705689993;0,413711584;0,319936958;0,050433412;0,071710008;0,00394011
111314;0,018254421;0,882218411;1977,780436;0,048453811;0,174315541;0,103796446;0,045499311;13,35;4,616717194;0,48659441;0,223046207;0,019395322;0,047347404;0,001711352
111316;0,027241052;0,806277743;1981,991564;0,049355217;0,17010551;0,114159498;0,083001172;11,69;4,835909894;0,473867596;0,269559709;0,031992398;0,080772886;0,003484321
111317;0,048192771;0,796787149;1976,15729;0,041292639;0,198683423;0,078298397;0,090065829;8,11;4,812138728;0,522088353;0,207228916;0,032931727;0,068273092;0,002409639
111318;0,01997897;0,881052632;1977,719606;0,039992418;0,194465504;0,079532164;0,044351782;10,36;4,671975893;0,475814932;0,236067298;0,033648791;0,033648791;0,002103049
111321;0,037250787;0,81698659;1981,849924;0,044750265;0,177076316;0,102578907;0,072659032;12,405;4,742740207;0,486621196;0,235834208;0,043809024;0,052990556;0,002360965
111322;0,070744289;0,797636632;1974,978328;0,051268067;0,192800654;0,072727273;0,043632397;10,76;4,457088366;0,507000737;0,254974208;0,036109064;0,061164333;0,002947679
111323;0,047923323;0,832800852;1956,862338;0,036454018;0,273405137;0,09223301;0,058409279;8,79;4,446985447;0,551650692;0,228966986;0,031948882;0,053248136;0,002129925
111324;0,051709758;0,766081871;1963,629808;0,039961637;0,287084399;0,101331361;0,05370844;14,235;4,431404959;0,575479566;0,18765638;0,025020851;0,053377815;0,004170142
111325;0,047691143;0,836997726;1970,499722;0,038353074;0,25606317;0,108490566;0,03355894;12,56;4,76411403;0,467827403;0,285389856;0,039364118;0,040878123;0,000757002
111326;0,050600258;0,715945195;1973,45039;0,047594976;0,189485554;0,105169202;0,130458452;10,57333333;4,607485922;0,615636472;0,124714753;0,015576942;0,12402024;0,002678837
111408;0,150411734;0,753107198;1973,672158;0,076070936;0,099890648;0,116824034;0,073836352;13,39;4,583895131;0,629181678;0,117601647;0,003731343;0,103319609;0,000772002
111409;0,091952489;0,63716933;1967,730835;0,050008243;0,203275265;0,125624792;0,113864923;11,88;4,579494285;0,698251702;0,067262779;0,009075137;0,07540371;0,000800747
111412;0,129076352;0,680226873;1973,04192;0,048111301;0,206513291;0,12209209;0,081221825;9,15;4,631921824;0,638937707;0,117555165;0,009958992;0,065807459;0,001366921
111413;0,17116737;0,757893995;1974,706483;0,055398671;0,148283499;0,114760829;0,113732004;12,295;4,636559655;0,662025316;0,096272855;0,002953586;0,087060478;0,000914205
111414;0,09800822;0,728167672;1966,366124;0,051294459;0,15037503;0,132909904;0,068836196;12,66;4,459969789;0,642428075;0,158710085;0,004426178;0,058172621;0,000632311
111415;0,120666843;0,807254435;1981,751084;0,061206811;0,085065835;0,098843955;0,116968617;14,205;4,690798081;0,625893093;0,11722678;0,003969304;0,112992855;0,001124636
111512;0,111021234;0,722275183;1978,624938;0,078561371;0,123386529;0,12379088;0,213975593;12,7;4,749130651;0,696865521;0,041557128;0,003437816;0,086248736;0,001112235
111513;0,074264659;0,673314222;1971,522217;0,040453161;0,210548816;0,156253474;0,098380805;20,855;4,547674965;0,726828029;0,016390318;0,004383457;0,054253224;0,00038117
111514;0,068459658;0,491301196;1974,721085;0,049467464;0,153886982;0,16322807;0,098014932;18,245;4,357782755;0,695282079;0,041202572;0,003531649;0,048990311;0,000452776
111515;0,054273944;0,616834811;1967,354064;0,044940913;0,235573191;0,159827834;0,085698266;17,235;4,287155963;0,73800206;0,02523172;0,003089598;0,052626159;0,000411946
111516;0,104295553;0,7107336;1977,458783;0,060486717;0,142463633;0,146303967;0,098868577;18,015;4,462141632;0,676491187;0,062215478;0,00385199;0,074530174;0,000641998
111517;0,07140255;0,63295326;1967,106335;0,029495493;0,264510517;0,139754964;0,117309821;14,07;4,614741641;0,744383728;0,025015179;0,002307225;0,067152398;0,000485732
111603;0,185794842;0,724423197;1974,714286;0,056578108;0,161690122;0,114256127;0,151832197;13,06;4,561852704;0,702918982;0,030019073;0,002404843;0,081930508;0,000953645
111608;0,088626066;0,575248517;1982,526538;0,048970506;0,167706411;0,140191249;0,079284187;15,89;4,599034621;0,627140773;0,105829045;0,018815759;0,053375317;0,002303971
111609;0,090065359;0,633346452;1973,030087;0,043185672;0,19685248;0,143706219;0,083298008;17,39;4,204055767;0,716862745;0,026797386;0,005490196;0,056078431;0,000653595
111610;0,192696582;0,72945628;1980,979276;0,054571683;0,139590559;0,103567974;0,132377766;12,1;4,665102639;0,626389237;0,143645024;0,013286538;0,08698922;0,00267402
120101;0,264864865;0,749726776;1965,107794;0,034134008;0,289085546;0,135864136;0,068268015;7,14;4,721227621;0,704864865;0,211891892;0,010810811;0,017297297;0
120102;0,232323232;0,696969697;1947,341071;0,024553571;0,419642857;0,103225806;0,040178571;1,52;4,652777778;0,525252525;0,434343434;0,015151515;0,025252525;0
120103;0,148148148;0,777777778;1973,997449;0,025568182;0,446022727;0,086956522;0,022727273;8,02;4,814713896;0,475308642;0,444444444;0,012345679;0,018518519;0
120104;0,162650602;0,680722892;1974,123907;0,030848329;0,406169666;0,201438849;0,002570694;4,82;4,801749271;0,307228916;0,614457831;0,006024096;0,036144578;0
120201;0,197628458;0,676781003;1958,523892;0,030964467;0,315736041;0,128760529;0,059898477;7,64;4,575971731;0,735177866;0,216073781;0,010540184;0,011857708;0,005270092
120202;0,133956386;0,669781931;1968,203085;0,02300406;0,384303112;0,214814815;0,031123139;9,66;4,810077519;0,501557632;0,45482866;0,018691589;0,009345794;0
120203;0,109090909;0,739393939;1971,928571;0,026315789;0,35745614;0,109947644;0,041666667;13,33;4,797101449;0,460606061;0,515151515;0,006060606;0,006060606;0
120302;0,265151515;0,810606061;1945,419753;0,017857143;0,407142857;0,102803738;0,05;10,61;4,533950617;0,303030303;0,553030303;0,007575758;0,098484848;0
120303;0,263085399;0,724964739;1969,836556;0,033152174;0,261413043;0,138888889;0,06576087;9,5;4,458372311;0,55785124;0,340220386;0,00137741;0,05922865;0
120305;0,189300412;0,818181818;1962,525641;0,030357143;0,332142857;0,137777778;0,035714286;12,35;4,783653846;0,390946502;0,522633745;0,008230453;0,041152263;0
120306;0,130769231;0,830769231;1943,887153;0,035598706;0,349514563;0,243902439;0,019417476;14,62;4,888888889;0,338461538;0,592307692;0;0,046153846;0
120309;0,176470588;0,713513514;1959,66565;0,030172414;0,252155172;0,222222222;0,028017241;16,245;4,723502304;0,411764706;0,497326203;0,005347594;0,042780749;0,005347594
120310;0,208144796;0,815850816;1971,551762;0,02862254;0,357781753;0,171745152;0,03667263;11,355;4,704805492;0,377828054;0,479638009;0,024886878;0,081447964;0
120401;0,44254446;0,76254417;1968,291312;0,054856568;0,218168093;0,130434783;0,074735783;9,3;4,8810749;0,820793434;0,127906977;0,004787962;0,019151847;0
120402;0,413043478;0,891304348;1969,153012;0,04088586;0,236797274;0,157692308;0,025553663;9,13;4,818401937;0,77826087;0,195652174;0,004347826;0;0
120403;0,439322034;0,759158752;1963,557297;0,045442875;0,212066752;0,169097785;0,059050064;10,71;4,492521919;0,849491525;0,101016949;0,006101695;0,013559322;0
120501;0,158536585;0,853061224;1964,414373;0,021452145;0,46369637;0,145;0,04620462;4,47;4,814984709;0,430894309;0,5;0,016260163;0,020325203;0
120502;0,180995475;0,722054381;1954,43755;0,025348542;0,271863118;0,081377152;0,079214195;6,18;4,823577906;0,642533937;0,288084465;0,025641026;0,013574661;0,003016591
120503;0,075;0,748427673;1968,709302;0,022346369;0,343575419;0,113333333;0,047486034;6,25;4,940199336;0,575;0,35;0,0375;0,00625;0
120504;0,174556213;0,724852071;1961,385556;0,019653179;0,342196532;0,102040816;0,067052023;5,33;4,529411765;0,677514793;0,272189349;0,00591716;0,00591716;0
120601;0,270967742;0,909090909;1965,674058;0,013368984;0,534759358;0,06;0,024064171;2,58;4,56501182;0,419354839;0,509677419;0;0,012903226;0
120604;0,259358289;0,941176471;1964,138607;0,00817757;0,337616822;0,163934426;0,018691589;3,21;4,842335766;0,427807487;0,529411765;0,010695187;0,00802139;0
120605;0,143884892;0,899280576;1979,875427;0,021428571;0,432142857;0,154761905;0,021428571;2,88;4,951219512;0,287769784;0,661870504;0,007194245;0,014388489;0
120607;0,339041096;0,832949309;1965,159556;0,035486806;0,315286624;0,1073903;0,060509554;6,686666667;4,597425395;0,506849315;0,428082192;0,00913242;0,021689498;0,002283105
120706;0,243460765;0,782258065;1961,211285;0,042570952;0,287145242;0,151785714;0,024207012;9,26;4,558363418;0,822937626;0,138832998;0;0,014084507;0
120707;0,421705426;0,718944099;1967,903185;0,038004751;0,213776722;0,133858268;0,081353919;13,02;4,799217731;0,76124031;0,198449612;0,00620155;0,012403101;0
120708;0,208191126;0,746575342;1973,289474;0,043695381;0,269662921;0,164670659;0,024968789;18,77;4,689655172;0,737201365;0,228668942;0;0,013651877;0
120712;0,51977093;0,68987169;1962,349531;0,051300578;0,188790256;0,16548985;0,106936416;13,59;4,488974113;0,869102809;0,083446959;0,002454322;0,014453232;0,000545405
120713;0,381938691;0,568627451;1960,647191;0,057732289;0,208699824;0,258088509;0,035023189;14,435;4,436631579;0,826843413;0,09942005;0,001657001;0,015327258;0,00041425
120714;0,268542199;0,79028133;1959,386047;0,032686415;0,40040858;0,124242424;0,033707865;7,07;4,71097561;0,57544757;0,383631714;0,002557545;0,010230179;0
120715;0,247156153;0,768672199;1971,866142;0,039191919;0,265454545;0,153917051;0,045656566;13,525;4,679081316;0,649431231;0,264736298;0,004136505;0,03516029;0,002068252
120801;0,244019139;0,770334928;1954,574055;0,051740357;0,280338664;0,19058296;0,036688617;9,57;4,863974495;0,602870813;0,301435407;0,004784689;0,040669856;0
120802;0,346437346;0,808353808;1968,736048;0,030932818;0,271145481;0,133841132;0,069115515;5,04;4,737490377;0,64987715;0,287469287;0,006142506;0,008599509;0,003685504
120803;0,444444444;0,957264957;1967,71729;0,028776978;0,363309353;0,1328125;0,064748201;5,13;4,290640394;0,401709402;0,572649573;0;0,025641026;0
120902;0,095522388;0,940298507;1961,714866;0,020467836;0,587719298;0,106557377;0,020467836;2,39;4,276110444;0,268656716;0,686567164;0,002985075;0,005970149;0
120903;0,149051491;0,91576087;1962,30496;0,023595506;0,442696629;0,172297297;0,015730337;4,61;4,569127517;0,25203252;0,688346883;0;0,029810298;0,002710027
120905;0,070422535;0,926760563;1964,83415;0,01972873;0,414303329;0,250965251;0,020961776;6,76;4,78852459;0,104225352;0,853521127;0,002816901;0,014084507;0
120906;0,194977843;0,833827893;1965,339109;0,029765312;0,316542645;0,176300578;0,038923869;8,535;4,503338898;0,364844904;0,564254062;0,00295421;0,028064993;0,001477105
121001;0,145454545;0,759090909;1955,573887;0,026104418;0,351405622;0,104166667;0,040160643;5;4,540425532;0,545454545;0,404545455;0;0,022727273;0,004545455
121002;0,045454545;0,613636364;1938,998984;0,00617284;0,438271605;0,133757962;0,069958848;5,68;4,119638826;0,386363636;0,534090909;0,017045455;0,011363636;0,011363636
121003;0,253164557;0,708245243;1959,633021;0,016333938;0,305807623;0,096551724;0,04446461;4,64;4,663945578;0,580168776;0,373417722;0,018987342;0,012658228;0,004219409
121004;0,074626866;0,714759536;1961,323944;0,032959327;0,305049088;0,092819615;0,06171108;5,8;4,611810261;0,374792703;0,543946932;0,026533997;0,016583748;0
121101;0,203045685;0,753926702;1965,090047;0,032258065;0,273425499;0,11;0,02764977;7,61;4,78708134;0,624365482;0,319796954;0,005076142;0,010152284;0
121102;0,243460765;0,775051125;1953,507547;0,056358382;0,237716763;0,175523349;0,067196532;12,88;4,634980989;0,663983903;0,269617706;0,010060362;0,014084507;0
121103;0,121771218;0,741697417;1965,362689;0,032915361;0,34169279;0,109022556;0,018808777;8,12;4,777131783;0,819188192;0,15498155;0;0;0
121104;0,153543307;0,812244898;1953,813692;0,056402439;0,350609756;0,171171171;0,033536585;11,02;4,600700525;0,405511811;0,452755906;0,003937008;0,039370079;0
121201;0,177358491;0,850661626;1964,158869;0,025040388;0,33279483;0,172557173;0,048465267;5,28;4,79245283;0,430188679;0,483018868;0,022641509;0,033962264;0,003773585
121205;0,125541126;0,961038961;1953,187713;0,011312217;0,622171946;0,177083333;0,011312217;0;4,748283753;0,575757576;0,385281385;0;0;0
121207;0,134715026;0,953367876;1951,137387;0,007425743;0,608910891;0,055555556;0,024752475;2,07;4,292237443;0,518134715;0,409326425;0;0,010362694;0
121208;0,102739726;0,945205479;1976,973783;0,010380623;0,60899654;0,089285714;0,003460208;1,37;4,47338403;0,280821918;0,712328767;0;0,006849315;0
121210;0,201995012;0,905236908;1972,52381;0,029673591;0,37487636;0,127027027;0,028684471;8,48;4,833560709;0,187032419;0,738154613;0,039900249;0,012468828;0
121211;0,11440678;0,906779661;1965,686017;0,018108652;0,484909457;0,182481752;0,040241449;5,055;4,576184379;0,262711864;0,665254237;0,008474576;0,038135593;0
121212;0,276797829;0,875763747;1954,599381;0,028579434;0,307369011;0,102672293;0,076211824;2,986666667;4,650918635;0,559023066;0,386702849;0,021031208;0,017639077;0,001356852
121301;0,171497585;0,756038647;1966,672131;0,032987747;0,358152686;0,181176471;0,020735156;7,25;4,407756813;0,282608696;0,618357488;0;0,072463768;0,002415459
121302;0,147058824;0,765756303;1970,931289;0,026770294;0,340673575;0,159737418;0,035837651;6,83;4,79976985;0,353991597;0,570378151;0,005252101;0,039915966;0
121304;0,105651106;0,773067332;1969,041396;0,025027203;0,344940152;0,18028169;0,021762786;7,13;4,816949153;0,181818182;0,7002457;0,027027027;0,01965602;0
121305;0,100393701;0,864173228;1966,331928;0,0252443;0,304560261;0,312992126;0,021986971;8,46;4,537220844;0,06496063;0,87992126;0,001968504;0,005905512;0
121308;0,253946147;0,768170133;1975,656655;0,039471334;0,213073763;0,212022278;0,069923201;10,19;4,741557128;0,396007428;0,523212628;0,006267409;0,035051068;0,001392758
121401;0,160583942;0,828467153;1965,419771;0,023916293;0,292974589;0,161512027;0,041853513;6,2;4,684813754;0,510948905;0,448905109;0;0,010948905;0
121402;0,151685393;0,744382022;1957,360582;0,026345934;0,319587629;0,148555708;0,034364261;10,67;4,785356068;0,540730337;0,417134831;0,004213483;0,018258427;0,004213483
121404;0,285145889;0,828912467;1975,939275;0,042616452;0,221506442;0,106269926;0,133300297;6,63;4,700492611;0,580901857;0,356763926;0,025198939;0,015915119;0,00132626
121410;0,221204188;0,770642202;1959,801242;0,032574974;0,278697001;0,141414141;0,045501551;8,51;4,533393502;0,566753927;0,376963351;0,010471204;0,013089005;0
121411;0,344520762;0,660836977;1962,438451;0,042769467;0,206239611;0,136271461;0,149661169;6,845;4,629185952;0,79144552;0,138932251;0,00640025;0,029971901;0,001248829
121412;0,079625293;0,678403756;1938,429143;0,031893004;0,350823045;0,131147541;0,056584362;7,885;4,428399519;0,37236534;0,601873536;0,009367681;0,011709602;0
121413;0,187419769;0,668380463;1978,652752;0,037455105;0,259620318;0,088811995;0,13699333;5,67;4,614953271;0,567394095;0,367137356;0,028241335;0,015404365;0,001283697
121501;0,238095238;0,804029304;1945,158989;0,028436019;0,349921011;0,140316206;0,04107425;8,42;4,5915986;0,628205128;0,315018315;0,001831502;0,021978022;0
121502;0,19238477;0,803212851;1959,442014;0,034902597;0,318993506;0,1484375;0,038961039;4,81;4,744086022;0,404809619;0,559118236;0,01002004;0,01002004;0
121503;0,376470588;0,894117647;1954,895939;0,041925466;0,315217391;0,138888889;0,052795031;7,45;4,228571429;0,556862745;0,403921569;0;0,011764706;0
121504;0,335947712;0,769331586;1959,530998;0,044513458;0,281055901;0,102402023;0,063664596;7,06;4,723221937;0,671895425;0,269281046;0,003921569;0,019607843;0,00130719
130103;0,0125;0,916666667;1969,561571;0,024077047;0,269662921;0,07;0,02247191;13,75;4,667420814;0,05;0,7375;0,120833333;0,033333333;0
130107;0,035087719;0,887719298;1979,581006;0,031128405;0,24383917;0,221014493;0,018158236;12,63;4,440900563;0,073684211;0,754385965;0,070175439;0,010526316;0
130112;0,080831409;0,736111111;1981,265464;0,056417489;0,161142454;0,113344051;0,052891396;11,09;4,754677755;0,19630485;0,383371824;0,083140878;0,080831409;0
130115;0,128919861;0,822299652;1978,397208;0,045191194;0,149478563;0,136246787;0,032444959;15,68;4,845744681;0,090592334;0,756097561;0,041811847;0,076655052;0
130117;0,073664825;0,749539595;1975,376404;0,046856465;0,166073547;0,122691293;0,054567023;16,39;4,453608247;0,145488029;0,563535912;0,187845304;0,060773481;0
130118;0,054726368;0,746268657;1978,606498;0,025830258;0,223247232;0,105726872;0,05904059;7,46;4,602996255;0,288557214;0,517412935;0,094527363;0,064676617;0
130119;0,079545455;0,78030303;1979,014706;0,04665826;0,176544767;0,063380282;0,079445145;9,85;4,770491803;0,215909091;0,503787879;0,121212121;0,049242424;0
130120;0,07239819;0,742081448;1982,09058;0,051724138;0,145768025;0,139072848;0,036050157;12,22;4,733576642;0,221719457;0,574660633;0,081447964;0,031674208;0
130121;0,060855263;0,792763158;1982,891497;0,040517727;0,170512099;0,106516291;0,072031514;7,89;4,72519084;0,235197368;0,491776316;0,118421053;0,070723684;0,004934211
130123;0,057843137;0,709803922;1978,259905;0,04271034;0,140333976;0,12837345;0,036608863;10,69;4,560421736;0,210784314;0,570588235;0,044117647;0,081372549;0
130126;0,064308682;0,610932476;1972,343085;0,033936652;0,214932127;0,157068063;0,050904977;10,61;4,542780749;0,324758842;0,363344051;0,109324759;0,135048232;0,003215434
130128;0,008547009;0,811965812;1961,428571;0,049315068;0,205479452;0,159722222;0,016438356;26,5;4,08839779;0,05982906;0,863247863;0,034188034;0,008547009;0
130129;0,060941828;0,675900277;1976,247925;0,040337711;0,186679174;0,122844828;0,056285178;9,14;4,706131078;0,188365651;0,601108033;0,110803324;0,052631579;0
130134;0,021367521;0,773504274;1973,744526;0,031595577;0,194312796;0,194690265;0,028436019;20,09;4,556650246;0,08974359;0,799145299;0,042735043;0,025641026;0,004273504
130135;0,076659822;0,700684932;1978,594362;0,041173687;0,15404638;0,165226233;0,046616186;9,51;4,529020556;0,260780287;0,457905544;0,060232717;0,080766598;0
130136;0,060402685;0,648322148;1970,811942;0,042581212;0,137401229;0,155688623;0,031606673;14,77;4,58608894;0,275167785;0,48590604;0,036241611;0,057718121;0
130138;0,056074766;0,770508827;1978,863835;0,043291474;0,131857237;0,148230088;0,02709848;11,11;4,539696699;0,150571132;0,725856698;0,024922118;0,037383178;0
130139;0,035830619;0,798045603;1967,749053;0,044680851;0,191489362;0,155555556;0,037234043;11,4;4,429487179;0,140065147;0,605863192;0,133550489;0,026058632;0
130141;0,028070175;0,835087719;1980,114114;0,03761194;0,200597015;0,202229299;0,035223881;12,99;4,440713536;0,078947368;0,657894737;0,121052632;0,015789474;0
130142;0,090438059;0,67515323;1980,706131;0,047212838;0,154898649;0,129448709;0,120016892;8,6725;4,728818898;0,395902025;0,263777673;0,075836081;0,189119171;0,002355158
130143;0,010695187;0,895721925;1969,527743;0,036310108;0,223748773;0,19201995;0,016683023;19,51666667;4,547244094;0,07486631;0,743315508;0,032085561;0,034759358;0,002673797
130144;0,062253743;0,658786446;1971,814732;0,043625914;0,15308255;0,15708358;0,040491118;9,025;4,569110967;0,269503546;0,476753349;0,055949567;0,107959023;0
130145;0,095477387;0,681475272;1976,048132;0,046390338;0,135602525;0,126491647;0,06011529;10,345;4,321243523;0,252931323;0,511725293;0,081239531;0,074539363;0,003350084
130146;0,027472527;0,868131868;1984,719794;0,024390244;0,243902439;0,175879397;0,038617886;14,94;4,493573265;0,148351648;0,802197802;0,027472527;0,005494505;0
130147;0,055267703;0,649971215;1973,501908;0,039952058;0,151618058;0,14010989;0,050739113;10,16;4,714523282;0,323546344;0,392630973;0,06044905;0,106505469;0,002302821
130148;0,051724138;0,782758621;1984,719653;0,041764706;0,157647059;0,141347424;0,063529412;8,14;4,692771084;0,148275862;0,65;0,127586207;0,034482759;0
130204;0,020661157;0,710743802;1977,796089;0,030487805;0,173780488;0,26056338;0,053353659;9,5;4,859943978;0,194214876;0,388429752;0,020661157;0,02892562;0
130205;0,030567686;0,816593886;1973,52474;0,029295329;0,22327791;0,201629328;0,021377672;12,88;4,583006536;0,122270742;0,76419214;0,03930131;0,037117904;0
130206;0,041116006;0,786666667;1976,606406;0,044072948;0,147922999;0,21299639;0,023809524;13,51;4,552516411;0,183553598;0,703377386;0,020558003;0,04845815;0
130207;0,019607843;0,705882353;1981,95354;0,037288136;0,150847458;0,235772358;0,013559322;19,61;4,508849558;0,196078431;0,705882353;0,009803922;0,024509804;0
130208;0,032258065;0,766129032;1962,679426;0,058981233;0,195710456;0,011764706;0,002680965;25;4,294416244;0,024193548;0,75;0,048387097;0,016129032;0
130215;0,039714868;0,681307457;1978,650974;0,046611689;0,179992829;0,192676548;0,027608462;11,41;4,682304527;0,213849287;0,571283096;0,037678208;0,036659878;0
130219;0,04;0,803448276;1978;0,043838863;0,17535545;0,264264264;0,013033175;14;4,703056769;0,17;0,736666667;0,016666667;0,026666667;0
130220;0,021052632;0,868421053;1966,17053;0,032692308;0,207692308;0,268817204;0,007692308;14,21;4,763333333;0,094736842;0,794736842;0,021052632;0,031578947;0
130221;0,067201605;0,75225677;1969,056446;0,041255289;0,176657264;0,152557319;0,031382228;11,58;4,604702425;0,221664995;0,5777332;0,020060181;0,065195587;0
130222;0,036789298;0,705685619;1974,203422;0,030409357;0,185964912;0,221884498;0,021052632;15,93;4,583157895;0,234113712;0,622073579;0;0,043478261;0
130223;0,052437223;0,807237814;1972,073449;0,04773997;0,180294566;0,175287356;0,054596242;11,97;4,373279817;0,215657312;0,637370753;0,03028065;0,079763663;0,000738552
130224;0,030508475;0,769491525;1966,107914;0,042203986;0,220398593;0,157509158;0,022274326;13,695;4,5;0,186440678;0,705084746;0,030508475;0,020338983;0
130225;0,029112082;0,797450425;1975,091433;0,035491607;0,207194245;0,217964072;0,015827338;14,675;4,396838602;0,241630277;0,6069869;0,013100437;0,036390102;0
130226;0,05730659;0,899713467;1981,233906;0,042283298;0,249471459;0,144628099;0,020084567;15,89;4,398243045;0,097421203;0,790830946;0,025787966;0,022922636;0
130301;0,083969466;0,698473282;1974,429231;0,060747664;0,125;0,134246575;0,015186916;15,65;4,834375;0,267175573;0,515267176;0,015267176;0,045801527;0
130302;0,086034913;0,711970075;1979,08427;0,048672566;0,142799678;0,137254902;0,024939662;11,97;4,788461538;0,336658354;0,420199501;0,028678304;0,102244389;0,002493766
130305;0,15248227;0,686170213;1984,649329;0,047334059;0,091947769;0,113567839;0,033732318;14,89;4,566787004;0,352836879;0,425531915;0,040780142;0,065602837;0,00177305
130306;0,082697201;0,704834606;1977,449239;0,049679487;0,099759615;0,062593145;0,02724359;14,63;4,513404826;0,311704835;0,444020356;0,027989822;0,048346056;0,001272265
130307;0,088729017;0,596153846;1966,808333;0,038372985;0,153491942;0,083464567;0,014581734;16,79;4,542735043;0,285371703;0,489208633;0,06235012;0,028776978;0
130313;0,117318436;0,636871508;1973,663435;0,038938053;0,130973451;0,066450567;0,010619469;17,6;4,026239067;0,296089385;0,51396648;0,025139665;0,061452514;0
130314;0,093655589;0,725075529;1988,445107;0,058541267;0,131477927;0,096579477;0,027831094;14,5;4,856801909;0,187311178;0,586102719;0,033232628;0,057401813;0
130315;0,124076809;0,672082718;1978,253106;0,050045086;0,123985573;0,096989967;0,031109107;13,74;4,664536741;0,310192024;0,465288035;0,041358936;0,070901034;0,00295421
130317;0,108064516;0,711290323;1976,758436;0,041806824;0,11484863;0,115052733;0,019702066;12,74;4,521060842;0,340322581;0,393548387;0,037096774;0,075806452;0,001612903
130318;0,151869159;0,549065421;1983,325485;0,050623053;0,125389408;0,099270073;0,011682243;13,55;4,166666667;0,439252336;0,278037383;0,025700935;0,058411215;0
130319;0,111553785;0,780876494;1989,245798;0,048088779;0,09001233;0,080508475;0,033292232;12,75;4,542222222;0,3187251;0,501992032;0,015936255;0,035856574;0
130324;0,141453831;0,689587426;1976,285714;0,051628765;0,10633067;0,086614173;0,02335587;14,54;4,662313433;0,308447937;0,438113949;0,047151277;0,041257367;0,003929273
130334;0,09643436;0,717990276;1982,164603;0,042726081;0,136304063;0,114875596;0,046133683;11,045;4,605612999;0,308752026;0,5089141;0,047811994;0,04376013;0,000810373
130335;0,143381127;0,661330665;1977,937271;0,045025014;0,124068927;0,10721891;0,053418566;12,22;4,55701559;0,453651217;0,275591864;0,030676892;0,102867623;0,003167723
130336;0,077817531;0,726296959;1972,903531;0,044164038;0,115572125;0,074875208;0,024089475;10,94333333;4,285714286;0,317531306;0,395348837;0,027728086;0,066189624;0,003577818
130337;0,091734787;0,551316985;1976,546811;0,045310245;0,116594517;0,09375;0,017027417;15,565;4,716259299;0,399636694;0,309718438;0,016348774;0,077202543;0,003633061
130338;0,050847458;0,723163842;1980,694318;0,036300778;0,158167675;0,104982206;0,024200519;12,725;4,479115479;0,234463277;0,550847458;0,02259887;0,02259887;0,005649718
130339;0,101529903;0,641001855;1973,494433;0,047649814;0,151348732;0,121485944;0,081731546;11,12;4,628556648;0,369494669;0,385720909;0,03987019;0,108947612;0,001390821
130340;0,125984252;0,68503937;1975,751765;0,055694098;0,130507066;0,077429984;0,006650042;15,695;4,428223844;0,233595801;0,454068241;0,081364829;0,057742782;0,002624672
130341;0,126195029;0,706896552;1968,695084;0,040378549;0,14511041;0,14002642;0,044164038;10,525;4,805946792;0,31166348;0,422562141;0,059273423;0,070745698;0
130405;0,072727273;0,795959596;1969,170959;0,025249169;0,209302326;0,195979899;0,025913621;12,12;4,847826087;0,131313131;0,781818182;0,014141414;0,018181818;0
130408;0,054894316;0,675577219;1966,013684;0,046654704;0,158519512;0,167247927;0,099934928;13,3;4,584733504;0,612969423;0,101939257;0,006669403;0,157603119;0,001077365
130412;0,066223872;0,727290486;1977,184875;0,042263509;0,138136435;0,162813102;0,095589278;13,11;4,612074502;0,544051573;0,163313147;0,016995507;0,138112913;0,001172104
130413;0,046504972;0,657140811;1973,089854;0,049158794;0,135073006;0,193275154;0,047238923;17,71;4,519228421;0,567789941;0,163482865;0,009801817;0,0772698;0,000643915
130414;0,064592359;0,723513194;1972,854089;0,034800675;0,171536164;0,129609544;0,060771328;13,81;4,554242296;0,432059866;0,278849941;0,028357621;0,053958251;0,001969279
130415;0,055520969;0,665119438;1974,069892;0,045823045;0,151255144;0,159019279;0,10026749;13,91;4,649738611;0,5519837;0,160959873;0,015337597;0,116531779;0,001867678
130416;0,067139738;0,751091703;1973,4171;0,034536082;0,145876289;0,160119716;0,048969072;13,825;4,570822281;0,362445415;0,425764192;0,012008734;0,043122271;0
130502;0,13354531;0,653418124;1984,216019;0,061746261;0,079112397;0,132880698;0,018330921;15,9;4,710049423;0,306836248;0,429252782;0,017488076;0,058823529;0,00317965
130504;0,054827175;0,746411483;1968,335339;0,048240411;0,139976275;0,146425495;0,036378015;9,18;4,499429875;0,297973778;0,390941597;0,036948749;0,073897497;0,001191895
130510;0,122807018;0,810207337;1980,040362;0,063436563;0,11038961;0,113772455;0,041958042;14,04;4,779242175;0,409888357;0,266347687;0,01754386;0,049441786;0,006379585
130512;0,109839817;0,700228833;1979,348269;0,046130952;0,127232143;0,136434109;0,017857143;16,02;4,703319502;0,448512586;0,368421053;0,032036613;0,041189931;0
130513;0,096376253;0,786430224;1980,301587;0,042694965;0,142398815;0,134685387;0,042448174;11,64;4,496246246;0,33616037;0,404009252;0,028527371;0,071703932;0,00231303
130515;0,142671855;0,780519481;1980,036723;0,05846389;0,105846389;0,159606657;0,017577379;16,6;4,763790665;0,345006485;0,259403372;0,02075227;0,077821012;0,002594034
130524;0,073741007;0,712230216;1975,769295;0,057317752;0,110740122;0,145833333;0,019476906;17,09;4,749579832;0,244604317;0,508992806;0,003597122;0,041366906;0
130525;0,119458128;0,704433498;1981,035568;0,051140834;0,118804091;0,111291633;0,043666404;12,93;4,880984952;0,325123153;0,439655172;0,016009852;0,086206897;0,001231527
130526;0,117117117;0,711711712;1980,789628;0,050670641;0,124441133;0,097372488;0,034277198;11,49;4,465208748;0,333333333;0,380630631;0,058558559;0,033783784;0
130527;0,055944056;0,695104895;1979,18775;0,047091413;0,127885503;0,109510086;0,014773777;13,57;4,522821577;0,248951049;0,447552448;0,01958042;0,029370629;0
130528;0,158582876;0,733722871;1983,054997;0,050600459;0,09121576;0,131004367;0,06395898;12,01333333;4,702528241;0,419232391;0,350063264;0,018135808;0,063686208;0,002530578
130529;0,103174603;0,736507937;1978,286576;0,055028463;0,096774194;0,108108108;0,018500949;16,025;4,560260586;0,342857143;0,412698413;0,015873016;0,036507937;0,006349206
130530;0,09701897;0,661237785;1981,581415;0,056796537;0,096623377;0,153626861;0,019220779;15,235;4,686915888;0,332791328;0,43902439;0,01300813;0,049322493;0,002168022
130531;0,171376481;0,789425706;1983,216867;0,049340218;0,111015491;0,145504087;0,03471027;11,62;4,829686013;0,369188696;0,347310848;0,020054695;0,065633546;0,000911577
130532;0,16180758;0,768965517;1983,297353;0,057789354;0,113462478;0,119795003;0,067719355;9,8675;4,754001186;0,407677357;0,380952381;0,019436346;0,069970845;0,001457726
130601;0,051356872;0,718810916;1968,182314;0,054168183;0,125737168;0,149834437;0,113432836;13,48;4,617088608;0,531660344;0,138605194;0,008948546;0,195117206;0,000972668
130603;0,099840256;0,698083067;1973,160701;0,05399568;0,15037797;0,141597796;0,0912527;10,86;4,582159624;0,469648562;0,255591054;0,02715655;0,132587859;0,00399361
130608;0,062937063;0,691142191;1979,641726;0,05492697;0,132277309;0,138677355;0,133923061;10,43;4,672289157;0,446969697;0,118881119;0,011072261;0,276806527;0,002913753
130609;0,03821257;0,739085022;1972,342822;0,064235842;0,130023274;0,131260794;0,142901474;11,03;4,67628866;0,486322823;0,124869493;0,009605346;0,264773439;0,003549802
130613;0,092436975;0,693602694;1971,253153;0,044637997;0,144256941;0,140954495;0,101796407;11,76;4,734177215;0,482352941;0,23697479;0,021848739;0,146218487;0
130616;0,064748201;0,783005281;1980,694098;0,047060822;0,143730887;0,119486504;0,161399932;8,44;4,637249284;0,468105516;0,176019185;0,025419664;0,243645084;0,001918465
130617;0,040748441;0,59484193;1968,23126;0,047822866;0,175240761;0,16;0,152605153;12,91;4,326650943;0,552390852;0,072972973;0,007484407;0,226403326;0,001455301
130618;0,05487053;0,717371182;1975,851239;0,056156564;0,125197064;0,140516182;0,123892362;12,69;4,514099783;0,43865598;0,194358816;0,017262639;0,227959309;0,002311961
130619;0,058264051;0,747371923;1976,947627;0,052499128;0,130537699;0,136274784;0,186201226;10,42333333;4,607865535;0,491918856;0,11286997;0,007050216;0,292251413;0,003126039
130620;0,058531394;0,722202487;1975,607179;0,063659148;0,12481203;0,136254213;0,111152882;12,91;4,65857438;0,449804895;0,214260376;0,019510465;0,211777226;0,003192621
130704;0,070776256;0,691780822;1979,124339;0,043103448;0,172413793;0,153992395;0,027429467;11,87;4,56043956;0,246575342;0,591324201;0,03652968;0,054794521;0
130705;0,07293666;0,634615385;1965,644981;0,05104551;0,130381304;0,173299101;0,030750308;17,08;4,363821138;0,255278311;0,508637236;0,049904031;0,074856046;0,003838772
130722;0,060504202;0,75210084;1972,335124;0,045898968;0,152906029;0,183578104;0,031776209;18,91;4,368958475;0,161344538;0,737815126;0,022689076;0,038655462;0,000840336
130723;0,075324675;0,537662338;1982,68;0,048586572;0,136042403;0,216634429;0,035335689;12,99;4,783454988;0,353246753;0,379220779;0,046753247;0,096103896;0,002597403
130724;0,068888889;0,744444444;1981,23;0,042181818;0,147636364;0,135042735;0,043636364;10,44;4,413306452;0,228888889;0,617777778;0,04;0,042222222;0
130730;0,127761768;0,72142171;1975,427117;0,059876543;0,142592593;0,195230999;0,033333333;13,16;4,654621849;0,219980788;0,609029779;0,050912584;0,059558117;0
130732;0,109265412;0,741232927;1980,481808;0,06010607;0,105126694;0,137254902;0,036063642;14,58333333;4,630384615;0,238095238;0,515688446;0,055370986;0,066445183;0,00147656
130733;0,052;0,704;1976,681818;0,044989775;0,132924335;0,175632911;0,035446489;17,64;4,783521809;0,164;0,57;0,112;0,074;0
130734;0,127626459;0,670560748;1976,757006;0,052360072;0,131287078;0,199029126;0,026309002;13,93333333;4,749640288;0,257587549;0,53307393;0,063035019;0,076264591;0,00077821
130735;0,10326087;0,752717391;1969,413816;0,0331253;0,150744119;0,15451895;0,056168987;7,35;4,579575597;0,229619565;0,544836957;0,069293478;0,086956522;0,001358696
130736;0,122049356;0,727980666;1981,384112;0,054385328;0,107499546;0,16039604;0,074450699;12,554;4,573439878;0,420064378;0,306330472;0,042113734;0,146459227;0
130737;0,032490975;0,755877034;1975,687834;0,052394366;0,136338028;0,150584795;0,02028169;19,56;4,383125864;0,153429603;0,729241877;0,032490975;0,027075812;0,001805054
130738;0,079836233;0,7604913;1972,404374;0,045827633;0,144322845;0,174891775;0,017099863;15,31;4,431835491;0,208802456;0,590583419;0,044012282;0,084953941;0
130739;0,072708114;0,669831224;1975,516586;0,050191704;0,149180899;0,165499124;0,023701638;22,6;4,52225021;0,222339305;0,56796628;0,063224447;0,059009484;0,002107482
130740;0,05212766;0,740425532;1974,588324;0,041140383;0,164922411;0,176876618;0,035727174;16,855;4,6453125;0,132978723;0,731914894;0,039361702;0,04787234;0,00106383
130741;0,081414474;0,659259259;1975,426858;0,060197198;0,130254281;0,126788036;0,022314478;17,685;4,59470305;0,273848684;0,550164474;0,019736842;0,041118421;0,002467105
130811;0,037750477;0,64108837;1972,306217;0,044973314;0,162240791;0,153619362;0,102808645;13,34;4,622475505;0,545384065;0,107824427;0,009541985;0,182371183;0,00184876
130812;0,021885522;0,644174286;1964,420102;0,048640019;0,168047529;0,144300319;0,176150831;12,42;4,466333828;0,522293644;0,061983471;0,005254566;0,236659525;0,001530456
130813;0,024468588;0,639772727;1974,028886;0,04808379;0,154214983;0,1652601;0,083381508;13,38;4,508550974;0,519792159;0,129050543;0,014643363;0,135758148;0,002361833
130814;0,046298577;0,709639267;1971,217391;0,042658594;0,157600896;0,144556406;0,159822289;12,82;4,608790925;0,596414323;0,090380732;0,006501502;0,172782347;0,001329853
130902;0,133885438;0,720496894;1985,611989;0,053894829;0,103425704;0,135502471;0,033166048;14,56;4,698113208;0,342995169;0,440303658;0,023464458;0,038647343;0,002070393
130904;0,119828816;0,788873039;1980,459418;0,062092922;0,090751194;0,118616145;0,022145028;16,41;4,855799373;0,2510699;0,540656205;0,027104137;0,038516405;0,001426534
130905;0,145038168;0,735474006;1981,166538;0,04975812;0,099055517;0,130892449;0,028104123;16,49;4,829287392;0,332824427;0,357251908;0,02519084;0,039694656;0,003816794
130906;0,136597938;0,726804124;1983,655585;0,048878205;0,094150641;0,132440476;0,043269231;12,63;4,563093623;0,358247423;0,420103093;0,018041237;0,045103093;0,00128866
130908;0,069881488;0,705327869;1979,423824;0,04981384;0,121324945;0,152190052;0,04172551;17;4,4004884;0,456068655;0,321209644;0,014303228;0,056395586;0,001634655
130910;0,128595601;0,701353638;1980,550663;0,048422198;0,119423286;0,140830268;0,053862894;14,3;4,636188643;0,340947547;0,432318105;0,036379019;0,055837563;0,001692047
130913;0,07960199;0,695688226;1977,964221;0,059439644;0,12045038;0,126595202;0,034564022;15,01;4,670642202;0,273631841;0,482587065;0,027363184;0,052238806;0,000829187
130914;0,100737101;0,710591133;1977,19665;0,052795031;0,113742236;0,142651297;0,043478261;15,23;4,483375959;0,310810811;0,464373464;0,029484029;0,058968059;0,001228501
130916;0,09978308;0,637744035;1982,448037;0,04141525;0,106417992;0,118918919;0,038672518;15,84;4,537383178;0,34164859;0,318872017;0,02494577;0,044468547;0,001084599
130917;0,096548274;0,624436655;1976,665719;0,052051732;0,129490659;0,175710594;0,037042951;18,62;4,648554913;0,336668334;0,336168084;0,020010005;0,04152076;0,002001001
130918;0,12994723;0,680541791;1980,000831;0,059548707;0,113263621;0,147109208;0,078481013;16,665;4,670655271;0,420844327;0,291226913;0,016490765;0,093007916;0,001649077
130919;0,141630901;0,66935051;1981,60563;0,061773382;0,095436405;0,146146146;0,018219677;13,26666667;4,660377358;0,288090129;0,381437768;0,027360515;0,065987124;0,002682403
131001;0,039138943;0,833659491;1967,986066;0,044757817;0,147148988;0,088534107;0,036174126;14,48;4,545757072;0,301369863;0,477495108;0,007827789;0,02739726;0,003913894
131002;0,150724638;0,762318841;1977,077558;0,05893186;0,107734807;0,096339114;0,085635359;13,91;4,238410596;0,292753623;0,489855072;0,020289855;0,086956522;0,002898551
131003;0,077575758;0,693381906;1978,476628;0,052718971;0,119136571;0,139723802;0,054171856;16,18;4,451162791;0,395151515;0,347878788;0,025454545;0,075757576;0,002424242
131004;0,137380192;0,707667732;1975,797478;0,050980392;0,126470588;0,120445344;0,020588235;13,58;4,340125392;0,397763578;0,285942492;0,012779553;0,055910543;0,001597444
131008;0,085066163;0,770321361;1974,54914;0,051076132;0,113074205;0,162212554;0,045936396;13,42;4,581977472;0,507561437;0,235349716;0,036862004;0,081285444;0,002835539
131009;0,054237288;0,606779661;1979,005112;0,059756742;0,099418297;0,188781014;0,023268112;18,98;4,426160338;0,413559322;0,283050847;0,006779661;0,06779661;0,003389831
131010;0,054357204;0,596203624;1980,028696;0,065480794;0,086620263;0,163498099;0,015210106;25,02;4,36889332;0,283865401;0,358930112;0,018119068;0,030198447;0,001725626
131011;0,100043687;0,82160035;1980,384672;0,059506739;0,093059937;0,141496217;0,045024376;15,55;4,690669371;0,346439493;0,332022717;0,03931848;0,098733071;0,001310616
131013;0,079207921;0,614130435;1974,571692;0,051072319;0,120498753;0,192163071;0,029725686;19,96;4,385447761;0,33791121;0,374001916;0,014372405;0,026189716;0,000638774
131014;0,071721311;0,725409836;1969,638655;0,051519155;0,124834875;0,162200282;0,023778071;16,39;4,888185654;0,356557377;0,211065574;0,034836066;0,053278689;0
131017;0,081125828;0,748344371;1978,523063;0,049242424;0,117424242;0,166843783;0,051406926;16,89;4,503690037;0,339403974;0,407284768;0,033112583;0,079470199;0,001655629
131018;0,103472222;0,68426537;1976,801746;0,057764112;0,127937624;0,161676647;0,04447617;20,14;4,455927052;0,292013889;0,436111111;0,027777778;0,073263889;0,002083333
131019;0,075383589;0,752501668;1974,268832;0,045130641;0,13064133;0,164292075;0,054415893;16,61;4,635664336;0,347565043;0,334889927;0,045363576;0,088058706;0,002001334
131020;0,073518915;0,849677881;1980,516564;0,048139535;0,11627907;0,168435625;0,031627907;13,35;4,199686766;0,335474661;0,406852248;0,030692363;0,084225553;0,000713776
131021;0,104808878;0,720098644;1972,572236;0,04846649;0,130632336;0,145069275;0,032942067;17,14;4,679340938;0,36621455;0,260172626;0,020961776;0,033292232;0
131022;0,100401606;0,745649264;1980,404391;0,062632247;0,084214981;0,178868552;0,038087177;20,48;4,681556196;0,273092369;0,526104418;0,016064257;0,037483266;0,001338688
131024;0,087696335;0,703339882;1980,714505;0,059883721;0,092054264;0,201217039;0,01744186;22,58;4,622327791;0,32526178;0,382198953;0,011780105;0,032068063;0,001963351
131025;0,11769951;0,712438698;1976,517993;0,056771201;0,108954321;0,12769731;0,089644046;15,41428571;4,658132863;0,434091247;0,212661614;0,026452668;0,140436915;0,001040273
131101;0,052208835;0,690763052;1974,57701;0,059803503;0,141392567;0,160041841;0,012815036;16,6;4,776029056;0,214190094;0,550200803;0,057563588;0,044176707;0
131102;0,06928839;0,746716698;1982,745917;0,054202192;0,115712546;0,152080344;0,014007308;19,85;4,31147541;0,237827715;0,494382022;0,031835206;0,054307116;0,003745318
131103;0,072796935;0,74822695;1967,46112;0,030053035;0,155568651;0,081437126;0,048320566;10,34;4,651273885;0,298850575;0,406130268;0,044061303;0,044061303;0,003831418
131104;0,088945362;0,703703704;1968,366407;0,055379747;0,113132911;0,130472103;0,022151899;21,47;4,664420485;0,317662008;0,385006353;0,030495553;0,031766201;0,003811944
131105;0,041984733;0,742366412;1975,973016;0,049727107;0,127349909;0,176046176;0,024257126;16,6;4,597402597;0,240458015;0,538167939;0,017175573;0,047709924;0
131106;0,038567493;0,784530387;1962,868675;0,045019157;0,127394636;0,093886463;0,011494253;18,73;4,679802956;0,151515152;0,630853994;0,03030303;0,038567493;0
131107;0,114345114;0,715176715;1976,994643;0,041517538;0,136721546;0,148484848;0,043664996;11,02;4,740601504;0,318087318;0,442827443;0,091476091;0,051975052;0
131108;0,080213904;0,681494662;1974,847245;0,055963821;0,115319389;0,099537037;0,030525721;17,11;4,577249576;0,245989305;0,461675579;0,035650624;0,065953654;0,001782531
131109;0,039190898;0,636363636;1980,001318;0,051500406;0,105028386;0,117847993;0,026358475;18,08;4,173970784;0,295828066;0,434892541;0,03034134;0,058154235;0,008849558
131110;0,066666667;0,601092896;1970,359202;0,042430087;0,168756027;0,165517241;0,023143684;19,23;4,777777778;0,284615385;0,435897436;0,041025641;0,076923077;0,007692308
131112;0,041176471;0,724206349;1966,296875;0,043560606;0,124368687;0,107776262;0,034090909;18,24;4,462571977;0,27254902;0,445098039;0,037254902;0,125490196;0
131113;0,096774194;0,736720554;1980,143026;0,057699513;0,112776321;0,131618759;0,040089921;14,52;4,406779661;0,380184332;0,353686636;0,061059908;0,06797235;0,001152074
131115;0,106382979;0,715504979;1975,306092;0,037580202;0,132905591;0,134980989;0,038955087;15,46;4,46388443;0,370212766;0,330496454;0,062411348;0,072340426;0,004255319
131121;0,052132701;0,693522907;1977,788815;0,053393214;0,111277445;0,132240437;0,0249501;19,27;4,693771626;0,254344392;0,469194313;0,060031596;0,036334913;0
131122;0,109105181;0,77109375;1974,253106;0,047031611;0,130043691;0,135092348;0,052171678;13,03;4,419934641;0,375981162;0,303767661;0,050235479;0,10989011;0,002354788
131125;0,081967213;0,770491803;1981,5;0,055720654;0,11218425;0,097288676;0,030460624;17,33;4,635321101;0,220140515;0,573770492;0,018735363;0,030444965;0
131128;0,118927973;0,692821369;1978,731884;0,057471264;0,088819227;0,116062176;0,024555904;17,59;4,878181818;0,390284757;0,395309883;0,028475712;0,043551089;0,001675042
131129;0,116985377;0,771653543;1975,750255;0,048163548;0,126819127;0,158061954;0,024948025;18,22;4,530351438;0,29583802;0,303712036;0,070866142;0,052868391;0,001124859
131132;0,070484581;0,676211454;1977,27598;0,055594163;0,132036136;0,148837209;0,038220987;16,3;4,675814751;0,292951542;0,504405286;0,044052863;0,037444934;0
131133;0,122413793;0,698275862;1970,688427;0,05360134;0,131769961;0,104191617;0,044667783;13,45;4,437201908;0,374137931;0,410344828;0,037931034;0,053448276;0
131134;0,099656357;0,870307167;1976,700292;0,047878128;0,125136017;0,099514563;0,032644178;16,49;4,719879518;0,154639175;0,518900344;0,020618557;0,024054983;0
131136;0,033333333;0,849056604;1978,96;0,058375635;0,101522843;0,096256684;0,015862944;15,42;4,728051392;0,185416667;0,2375;0,0375;0,0375;0
131138;0,12962963;0,805785124;1977,422089;0,039090263;0,145700071;0,125972006;0,038379531;10,91;4,760344828;0,240740741;0,469135802;0,034979424;0,037037037;0
131139;0,11487965;0,657016412;1973,708951;0,049447016;0,141589506;0,11428209;0,106159979;13,32833333;4,429257875;0,467906637;0,221735959;0,035375638;0,140043764;0,002005835
131140;0,057195572;0,721915285;1980,750687;0,050609756;0,157317073;0,128133705;0,012195122;14,825;4,614285714;0,217712177;0,564575646;0,02398524;0,044280443;0
131141;0,126794258;0,73923445;1981,528505;0,04423894;0,111222194;0,087463557;0,048987753;14,155;4,368093385;0,435406699;0,241626794;0,054226475;0,090909091;0,005582137
131142;0,051054384;0,847946726;1977,479445;0,055478018;0,127355199;0,13070379;0,026866713;19,015;4,436325678;0,182019978;0,530521643;0,041065483;0,034406215;0
131143;0,106633602;0,728772144;1978,222222;0,054494829;0,116746221;0,146724891;0,028440732;14,8;4,68948351;0,332920025;0,381277123;0,04649721;0,070675759;0,001239926
131202;0,043974551;0,476177104;1945,439849;0,031403256;0,271337317;0,171624929;0,170822172;14,69;4,26049313;0,739146707;0,025916916;0,005333084;0,080931886;0,001029192
131203;0,034676225;0,388780067;1944,513318;0,034538718;0,2303806;0,241863199;0,072231238;18,53;4,307037785;0,69851165;0,02906569;0,005065067;0,076521468;0,001168862
131210;0,041232202;0,504502119;1954,654705;0,032574834;0,23694072;0,171983701;0,182288139;12,86;4,483066422;0,672947653;0,031599005;0,005981051;0,152966707;0,001005663
131211;0,035363458;0,613913271;1957,258102;0,043223193;0,195122593;0,156677704;0,207671262;10,81;4,542789902;0,624296005;0,031630648;0,005828422;0,216699411;0,000720367
131216;0,048188502;0,664184397;1967,243491;0,037563241;0,214498579;0,132035128;0,260551667;7,58;4,612806703;0,613074674;0,057489592;0,010009744;0,221188768;0,001771636
131217;0,030180426;0,399540003;1940,197084;0,030934718;0,268397626;0,192731638;0,17537092;21,84833333;4,211610298;0,703171132;0,018480044;0,006396938;0,0913614;0,00092947
131218;0,049302487;0,541955617;1953,548871;0,039643484;0,207095908;0,163999107;0,216284112;12,05;4,343901128;0,630447968;0,024001386;0,009097998;0,20145568;0,001992895
131305;0,049751244;0,824408468;1978,924173;0,057019269;0,13409359;0,106331169;0,045615415;10,45;4,475029036;0,298507463;0,305970149;0,078358209;0,060945274;0
131307;0,016897081;0,921296296;1984,587444;0,049848288;0,149544863;0,099378882;0,024707412;9,37;4,726966292;0,258064516;0,285714286;0,096774194;0,033794163;0,001536098
131308;0,03202847;0,912811388;1982,276062;0,053527981;0,124087591;0,105831533;0,030170316;10,32;4,783464567;0,282918149;0,329181495;0,147686833;0,03024911;0,005338078
131311;0,021994135;0,907624633;1982,34159;0,055888224;0,135728543;0,099049128;0,027145709;15,54;4,790454016;0,2771261;0,33431085;0,104105572;0,051319648;0,005865103
131313;0,018565941;0,746153846;1979,082461;0,049903482;0,135554443;0,131176471;0,083220133;11,76;4,673818708;0,431498079;0,151941955;0,059325651;0,071916347;0,002774221
131314;0,014563107;0,882495457;1978,04643;0,052393386;0,150913838;0,079141752;0,033420366;10,975;4,617824773;0,330097087;0,204490291;0,064320388;0,03276699;0,004247573
131315;0,017201376;0,679283028;1976,663956;0,04783167;0,15899142;0,16108147;0,109554661;11,62666667;4,59003675;0,565885271;0,094087527;0,026242099;0,102728218;0,002320186
131401;0,084812623;0,767258383;1973,644665;0,034722222;0,143939394;0,160891089;0,081439394;11,64;4,76;0,364891519;0,355029586;0,049309665;0,059171598;0
131402;0,148247978;0,769541779;1979,781665;0,050747621;0,144993203;0,159111111;0,092433167;9,43;4,897934386;0,373315364;0,381401617;0,026954178;0,071428571;0
131405;0,110174984;0,620823873;1975,659983;0,034996453;0,186805391;0,198300283;0,074131;10,43;4,538666667;0,507777058;0,144199611;0,04860661;0,135450421;0,00162022
131413;0,105531295;0,757664234;1977,664229;0,047246084;0,1371905;0,165623495;0,032844871;13,03;4,604237867;0,313682678;0,445414847;0,053857351;0,03930131;0
131416;0,121440536;0,711016949;1970,757987;0,031769596;0,210213777;0,206616729;0,053147268;7,62;4,66318328;0,458123953;0,244556114;0,064489112;0,114740369;0
131418;0,1;0,716981132;1980,657374;0,035714286;0,197994987;0,17302799;0,073934837;10,19;4,799276673;0,39245283;0,369811321;0,043396226;0,064150943;0,003773585
131419;0,111764706;0,637742207;1976,694495;0,041200546;0,15579809;0,162017167;0,026466576;13,28;4,658715596;0,429411765;0,269747899;0,036134454;0,070588235;0,000840336
131430;0,131761442;0,660652325;1969,240895;0,030009921;0,193204365;0,174190122;0,030505952;9,78;4,716589862;0,47850208;0,203190014;0,058945908;0,08668516;0,000693481
131432;0,169642857;0,567457073;1980,890498;0,038542767;0,119324182;0,18049271;0,015839493;18,1;4,428571429;0,487824675;0,232954545;0,016233766;0,048701299;0
131433;0,116129032;0,675698925;1973,832208;0,033995585;0,181898455;0,178275545;0,062398823;10,8725;4,692933619;0,470537634;0,24688172;0,068817204;0,090322581;0,002150538
131434;0,148378498;0,690804087;1978,956588;0,034660009;0,144955206;0,177835052;0,025848142;11,81;4,575663027;0,472234562;0,248334074;0,021323856;0,096401599;0,002221235
131435;0,091690544;0,752148997;1966,454194;0,038127413;0,171814672;0,15014437;0,057915058;12,105;4,703511053;0,313753582;0,426934097;0,050143266;0,065902579;0,001432665
131436;0,111900533;0,769094139;1966,628682;0,035542169;0,176506024;0,154846336;0,078313253;11,01;4,688291139;0,319715808;0,468916519;0,062166963;0,042628774;0,008880995
131437;0,149054358;0,696685594;1973,763948;0,038257963;0,184000371;0,164872889;0,097316371;10,435;4,709169054;0,544636953;0,169289776;0,038751488;0,133183441;0,001190319
131501;0,086496695;0,698676749;1977,790442;0,051541647;0,133719019;0,170577617;0,077443955;14,13;4,752068395;0,44891407;0,218319169;0,018696884;0,163550519;0,002455146
131503;0,053701312;0,689774815;1974,069324;0,045466261;0,157765864;0,17016341;0,100237126;12,66;4,62459042;0,55298756;0,114064306;0,0063218;0,186119231;0,001767385
131505;0,069201345;0,76136891;1975,781962;0,063908046;0,099101358;0,160718397;0,109049112;13,53;4,71418217;0,480468297;0,202967428;0,015184885;0,182914107;0,002086473
131506;0,075062875;0,737749371;1978,520038;0,053504145;0,123084652;0,18006594;0,043456418;18,2;4,432710728;0,405687754;0,268523892;0,028632231;0,095376282;0,001160766
131602;0,048833424;0,769690386;1979,741005;0,053310239;0,136066205;0,160820896;0,112394149;10,26;4,813607776;0,418882257;0,313619099;0,042322301;0,112859468;0,003798155
131603;0,020833333;0,709302326;1961,291126;0,03805175;0,194824962;0,167701863;0,066210046;12,5;4,644251627;0,428240741;0,236111111;0,046296296;0,074074074;0
131604;0,020807834;0,723378213;1983,815751;0,049457701;0,132754881;0,173400673;0,110629067;10,28;4,663250366;0,46878825;0,167686659;0,022031824;0,123623011;0,00122399
131607;0,036324786;0,663066955;1964,6;0,048421053;0,172631579;0,117730496;0,056842105;13,25;4,802884615;0,41025641;0,258547009;0,051282051;0,072649573;0,002136752
131610;0,042553191;0,827708703;1972,149326;0,044419134;0,148633257;0,134328358;0,078587699;13,3;4,504816956;0,45212766;0,306737589;0,028368794;0,065602837;0,003546099
131611;0,042062415;0,766304348;1974,917933;0,040305473;0,151463725;0,175824176;0,056003394;11,8;4,51529052;0,431478969;0,287652646;0,024423338;0,048846676;0,001356852
131612;0,05015674;0,760188088;1970,920168;0,036651808;0,158989599;0,140546006;0,048538881;12,54;4,710267229;0,384012539;0,327586207;0,05015674;0,037617555;0,001567398
131613;0,027513228;0,80699894;1972,082564;0,052387741;0,163578047;0,138398915;0,121168924;11,96;4,731395349;0,475132275;0,187301587;0,038095238;0,143915344;0,004232804
131614;0,022457067;0,743624161;1972,623622;0,064627316;0,113313227;0,16639478;0,059026282;11,1;4,873817035;0,417437252;0,326287979;0,050198151;0,081902246;0,002642008
131616;0,026294821;0,717131474;1977,403049;0,044686336;0,166141507;0,150112867;0,130335148;9,24;4,738357843;0,468525896;0,293227092;0,039840637;0,096414343;0,001593625
131617;0,021812081;0,706375839;1974,09132;0,03820598;0,173311185;0,174757282;0,07696567;11,07;4,667279412;0,456375839;0,261744966;0,026845638;0,058724832;0
131627;0,036503362;0,777137368;1978,428082;0,046541694;0,162249515;0,126336898;0,098254686;9,03;4,606595092;0,512007685;0,227665706;0,023054755;0,073967339;0,004803074
131628;0,018066309;0,734087975;1978,517677;0,053603855;0,135004889;0,144885561;0,101201285;13,79;4,665869082;0,508735358;0,105419893;0,011216994;0,133015684;0,001488982
131630;0,037628278;0,656;1969,267726;0,040993299;0,178163185;0,153364632;0,086716594;12,88;4,758104738;0,482326112;0,221208666;0,042189282;0,100342075;0,003420753
131631;0,047858942;0,838587642;1974,78072;0,051264045;0,158005618;0,095721537;0,04002809;11,385;4,482084691;0,384130982;0,343828715;0,057934509;0,0302267;0,002518892
131632;0,038915094;0,72995283;1957,669454;0,051456678;0,159288687;0,151975684;0,049564888;12,375;4,438596491;0,391509434;0,299528302;0,063679245;0,095518868;0,004716981
131633;0,028077754;0,754742547;1974,195531;0,054561327;0,136185072;0,139820114;0,047577477;9,5;4,434173669;0,429805616;0,30237581;0,043196544;0,045356371;0,002159827
131634;0,03422619;0,787202381;1963,454032;0,046296296;0,126705653;0,143796992;0,059454191;9,8;4,698205546;0,416666667;0,27827381;0,058035714;0,068452381;0,00297619
131635;0,032967033;0,854700855;1983,089936;0,048116374;0,148825065;0,118215613;0,030958598;12,965;4,507658643;0,311355311;0,326007326;0,052503053;0,032967033;0,003663004
131636;0,036644166;0,843629344;1974,526445;0,062906084;0,12994684;0,135311573;0,060543414;10,485;4,595334686;0,360655738;0,279652845;0,087753134;0,103182257;0,003857281
131637;0,045191194;0,726535342;1964,249708;0,040482678;0,20474893;0,133387889;0,063059556;13,065;4,770956316;0,463499421;0,252607184;0,023174971;0,068366165;0,002317497
131701;0,035673839;0,737618147;1970,466339;0,05490524;0,152173913;0,160657051;0,162555741;11,27;4,557025668;0,478671197;0,186296716;0,017553794;0,207059268;0,002453756
131702;0,034030141;0,611300536;1966,400759;0,042880752;0,161433417;0,213236595;0,057841176;15,39;4,575174825;0,549343704;0,147058824;0,008750608;0,101847351;0,001944579
131703;0,036404772;0,730325505;1977,957401;0,056319192;0,109220596;0,174658489;0,078237611;14,81;4,659658344;0,472645002;0,22089675;0,011723571;0,159605101;0,002056767
131704;0,031177075;0,69960733;1976,667219;0,053981058;0,12841658;0,169990373;0,122330656;13,44;4,614323014;0,522916083;0,125548399;0,008681042;0,204984598;0,000653412
131709;0,038643533;0,695549118;1974,511056;0,048804781;0,175996016;0,169402229;0,128087649;12,17;4,226345704;0,52681388;0,137749737;0,012092534;0,184016824;0,002365931
131712;0,035015327;0,659938621;1965,608988;0,042308895;0,162489389;0,196551416;0,076486619;15,1;4,544736842;0,601862768;0,108347088;0,009195944;0,124145249;0,000825277
131717;0,02628259;0,690105263;1973,879198;0,051786558;0,148355108;0,16983484;0,151031009;12,17;4,549193293;0,435870479;0,169890664;0,00862069;0,246005046;0,002312868
131723;0,030114871;0,673865755;1974,840699;0,051445883;0,113412283;0,212;0,060534288;17,84;4,544895449;0,591741695;0,118131015;0,006985408;0,104004967;0,00124185
131725;0,041003377;0,688349515;1975,587248;0,049254481;0,154883565;0,187224281;0,072290166;13,555;4,607423462;0,427399904;0,326821032;0,017607332;0,089242644;0,001929571
131726;0,03710507;0,706459125;1974,852806;0,055997093;0,15527499;0,153880664;0,147327308;12,31;4,731577008;0,500612295;0,158706833;0,011266226;0,206465834;0,00244918
131727;0,0442981;0,69029656;1966,655724;0,041909885;0,176185571;0,168203975;0,148182061;13,16;4,590388122;0,606007486;0,09323921;0,004974653;0,18908419;0,000900175
131728;0,047009736;0,671864124;1974,04501;0,046411436;0,149319495;0,179911374;0,082835602;14;4,580346424;0,463282337;0,263699583;0,018358832;0,114464534;0,002642559
131729;0,061486366;0,729638211;1975,261509;0,041763747;0,159773998;0,184666017;0,053355079;14,925;4,512223292;0,355908038;0,405453573;0,019069685;0,090714668;0,002316878
131730;0,026556254;0,587739354;1950,804524;0,044610548;0,170107374;0,182534624;0,132971466;17,715;4,278408099;0,600656768;0,059180468;0,003712164;0,191462022;0,000499714
131731;0,036188179;0,66437247;1972,549107;0,046947368;0,154526316;0,201897211;0,076701754;12,67;4,569842499;0,468636912;0,258946522;0,016485726;0,095697628;0,001005227
131806;0,088888889;0,820564516;1966,892562;0,034548944;0,154190659;0,169172932;0,039667306;13,74;4,183222958;0,414141414;0,317171717;0,032323232;0,054545455;0,002020202
131808;0,128664495;0,755700326;1974,4248;0,045265349;0,151404787;0,163141994;0,080645161;12,05;4,108414239;0,397394137;0,374592834;0,042345277;0,043973941;0,003257329
131809;0,098404255;0,778295606;1973,514139;0,038461538;0,136382536;0,155896607;0,044906445;14,165;4,517107811;0,374335106;0,337101064;0,02393617;0,052526596;0,001329787
131810;0,130606143;0,732561308;1978,45702;0,043178133;0,133472319;0,167569969;0,070928886;13,29;4,435727218;0,512503398;0,177901604;0,02949171;0,093231856;0,001902691
131811;0,055079156;0,748757043;1976,603927;0,052418028;0,125781336;0,17684078;0,057462441;14,47;4,70500439;0,374010554;0,323218997;0,024736148;0,123350923;0,001649077
140104;0,066939891;0,808481532;1971,902853;0,021169916;0,319220056;0,128169014;0,022841226;7,51;4,576415826;0,18442623;0,710382514;0,009562842;0,019125683;0
140105;0,088353414;0,843373494;1965,644105;0,023178808;0,322847682;0,148717949;0,044701987;5,22;4,436936937;0,13253012;0,726907631;0,092369478;0,012048193;0
140106;0,11686587;0,873501997;1969,377663;0,021834061;0,415938865;0,148275862;0,048580786;7,04;4,516574586;0,24435591;0,686586985;0,026560425;0,017264276;0
140107;0,147087858;0,811264822;1963,727591;0,034965035;0,278897573;0,150568182;0,053887289;6,61;4,713367609;0,305034551;0,615992103;0,014807502;0,025666338;0,000987167
140108;0,111578947;0,764210526;1948,300137;0,02828619;0,282861897;0,128309572;0,042429285;9,05;4,545710267;0,349473684;0,568421053;0,018947368;0,037894737;0
140115;0,153110048;0,819425445;1964,36127;0,022857143;0,310285714;0,129491018;0,062285714;5,74;4,469279661;0,442241969;0,450444293;0,010252905;0,029391661;0,000683527
140118;0,045936396;0,961130742;1964,30226;0,019138756;0,355661882;0,168918919;0,007974482;8,83;4,703416149;0,021201413;0,961130742;0,010600707;0;0
140119;0,079872204;0,961538462;1969,333828;0,015235457;0,346260388;0,22962963;0,013850416;9,27;4,438152012;0,067092652;0,849840256;0,006389776;0;0
140120;0,222537313;0,783868559;1965,970969;0,047951177;0,181807614;0,116672668;0,121127579;6,68;4,481611208;0,55119403;0,324626866;0,014328358;0,055223881;0,001044776
140121;0,067331671;0,89276808;1960,623494;0,016298021;0,448195576;0,151020408;0,029103609;6,46;4,657318142;0,112219451;0,80798005;0,014962594;0,012468828;0
140122;0,098152425;0,813872832;1952,060229;0,032992565;0,298327138;0,190728477;0,026022305;6,395;4,489198606;0,211316397;0,719399538;0,004618938;0,015011547;0,001154734
140123;0,073899371;0,892575039;1964,154201;0,02970297;0,35709571;0,209836066;0,021122112;7,65;4,557116105;0,196540881;0,729559748;0,006289308;0,017295597;0,001572327
140124;0,14122894;0,738178198;1966,9893;0,03114116;0,295226388;0,149773071;0,051628765;7,09;4,535205696;0,412289395;0,470763132;0,016352825;0,03419227;0,00049554
140202;0,285714286;0,84729064;1976,569912;0,042435424;0,209409594;0,127236581;0,066420664;7,64;4,686456401;0,298029557;0,581280788;0,051724138;0,019704433;0
140206;0,115629984;0,767942584;1966,929677;0,040692378;0,226844822;0,123183828;0,067719405;6,14;4,605612999;0,369218501;0,494417863;0,050239234;0,055821372;0,002392344
140207;0,185714286;0,851428571;1966,441336;0,03926097;0,270207852;0,07486631;0,058891455;7,71;4,478095238;0,357142857;0,485714286;0,04;0,042857143;0
140208;0,196132597;0,789473684;1956,680118;0,039503386;0,292325056;0,070528967;0,058690745;3,87;4,700819672;0,29558011;0,571823204;0,019337017;0,046961326;0,002762431
140209;0,076388889;0,819444444;1970,824263;0,04137931;0,296551724;0,046439628;0,060689655;2,43;4,789838337;0,118055556;0,791666667;0,052083333;0,03125;0,003472222
140211;0,250366032;0,708842208;1965,651392;0,045445642;0,204505387;0,091018929;0,06993144;7,665;4,530101225;0,593948267;0,279648609;0,018545632;0,05124451;0
140212;0,171974522;0,87388535;1968,404221;0,027239392;0,297537978;0,094936709;0,062336302;7,146666667;4,564853556;0,281528662;0,648407643;0,020382166;0,011464968;0,001273885
140301;0,270618054;0,774546164;1972,799885;0,053621605;0,200359038;0,138411669;0,103886981;9,14;4,683997138;0,582374732;0,302593098;0,009943459;0,045038019;0,00038994
140302;0,187129551;0,843087362;1977,076749;0,039778285;0,263775677;0,173228346;0,041734594;9,82;4,711741425;0,231160034;0,707874682;0,017781541;0,00677392;0,00169348
140303;0,193903783;0,886757654;1974,752095;0,049647431;0,232839257;0,13011509;0,054684127;10,03;4,77281746;0,206757253;0,715754682;0,00734484;0,022034521;0,000367242
140304;0,185022026;0,876651982;1978,456583;0,018248175;0,260948905;0,173228346;0,02919708;10,13;4,68;0,162995595;0,775330396;0,013215859;0,008810573;0
140401;0,211686144;0,820307281;1971,397639;0,048818489;0,244741626;0,139953542;0,07296806;7,85;4,670259248;0,425375626;0,465108514;0,016360601;0,031385643;0,001669449
140501;0,23715415;0,735843715;1976,311934;0,051885764;0,186723349;0,140370207;0,079790713;11,07;4,718058765;0,607848673;0,260587239;0,008187465;0,048842462;0,002823264
140502;0,214104193;0,760776205;1981,694807;0,061087426;0,141271973;0,136755004;0,072534019;10,64;4,684398654;0,562897078;0,289866582;0,009371029;0,057496823;0,002700127
140503;0,266754271;0,717105263;1984,062303;0,052078117;0,179268903;0,112554113;0,133700551;8,94;4,877373418;0,421813403;0,367936925;0,047306176;0,084099869;0,011826544
140504;0,281588448;0,829710145;1981,40113;0,03862069;0,223448276;0,135977337;0,046896552;10,83;4,900849858;0,335740072;0,57400722;0,007220217;0,025270758;0,003610108
140604;0,110914454;0,830378251;1970,872372;0,043129606;0,217815345;0,120470127;0,052232336;11,45;4,545175439;0,395280236;0,489675516;0,017699115;0,028908555;0,002359882
140605;0,073529412;0,702941176;1967,471609;0,029232643;0,288672351;0,115853659;0,035322777;10,59;4,56514658;0,555882353;0,305882353;0,011764706;0,035294118;0
140607;0,151802657;0,831428571;1974,131477;0,041501263;0,211836882;0,126854599;0,060267052;11,29;4,615264798;0,441176471;0,428842505;0,018026565;0,029411765;0,001897533
140608;0,158371041;0,765957447;1971,565301;0,037037037;0,236467236;0,124199744;0,05014245;10,26;3,882510013;0,395173454;0,453996983;0,042232278;0,02413273;0
140609;0,190466693;0,721900579;1971,007064;0,048322148;0,184761153;0,118171858;0,108409001;8,835;4,652992776;0,653370562;0,199242122;0,012564819;0,059832469;0,002393299
140610;0,136490251;0,834030683;1968,603088;0,02832244;0,277233115;0,124;0,079520697;11,545;4,594320487;0,396935933;0,41643454;0,032033426;0,04735376;0,002785515
140704;0,131782946;0,620155039;1957,566529;0,03367267;0,281910728;0,100358423;0,025841817;8,33;4,606397775;0,28875969;0,606589147;0,007751938;0,034883721;0
140705;0,207373272;0,766203704;1954,631392;0,029069767;0,342054264;0,164251208;0,044573643;8,06;4,703649635;0,324884793;0,51843318;0,006912442;0,039170507;0
140707;0,106356968;0,78606357;1969,381985;0,035148515;0,253465347;0,135788262;0,02970297;9,9;4,620394173;0,283618582;0,605134474;0,009779951;0,028117359;0
140708;0,152920962;0,677752294;1960,175587;0,042335427;0,247034194;0,114737379;0,068155385;7,61;4,614009662;0,564719359;0,31672394;0,009163803;0,036655212;0
140709;0,094043887;0,729984301;1961,754798;0,032171582;0,286193029;0,078869048;0,016085791;7,855;4,534653465;0,098746082;0,863636364;0,004702194;0,010971787;0,003134796
140801;0,188976378;0,826771654;1973,168817;0,04632427;0,201409869;0,095652174;0,127895267;8,66;4,706140351;0,496062992;0,354330709;0,052493438;0,060367454;0
140802;0,212903226;0,799136069;1973,470213;0,058039216;0,185882353;0,082630691;0,071372549;13,33;4,643923241;0,376344086;0,511827957;0,038709677;0,025806452;0,002150538
140803;0,159253945;0,818443804;1968,640284;0,03803132;0,241610738;0,13836478;0,057606264;6,6;4,509561305;0,307030129;0,606886657;0,027259684;0,035868006;0,004304161
140902;0,18812709;0,767812238;1968,824013;0,026401447;0,373598553;0,165853659;0,028933092;9,53;4,519080235;0,285953177;0,629598662;0,002508361;0,047658863;0
140903;0,126530612;0,824489796;1968,732359;0,028372901;0,329473075;0,143415906;0,031268095;6,26;4,757172131;0,100680272;0,888435374;0,001360544;0,001360544;0
140905;0,126853377;0,767827529;1972,923486;0,034599729;0,282225237;0,124624625;0,033921303;8,73;4,724731183;0,270181219;0,663920923;0,013179572;0,016474465;0,001647446
140907;0,122401848;0,763888889;1971,616492;0,02886406;0,293296089;0,094845361;0,052141527;7,16;4,847769029;0,230946882;0,692840647;0,020785219;0,020785219;0
140908;0,112;0,719758065;1961,085554;0,029616725;0,306620209;0,095427435;0,016550523;7,8;4,572433193;0,174;0,76;0,002;0,02;0
140909;0,208992506;0,747058824;1965,901472;0,036406941;0,27050017;0,126287158;0,065328343;8,7;4,61602951;0,431723564;0,472522898;0,009367194;0,044546211;0,001248959
141001;0,23670458;0,784856879;1972,101518;0,039730729;0,237856389;0,108468677;0,125131996;5,81;4,588881707;0,742391638;0,145404242;0,007992622;0,047340916;0,000922226
141002;0,270411359;0,822644663;1977,16738;0,060570071;0,146634996;0,102887802;0,136104513;5,35;4,688942892;0,619753602;0,244727501;0,021507622;0,071413656;0,001461683
141101;0,091981132;0,892933619;1968,934732;0,027942422;0,262489416;0,072144289;0,031329382;7,08;4,290516206;0,068396226;0,884433962;0,023584906;0,009433962;0
141103;0,041322314;0,922865014;1969,860343;0,034216336;0,293598234;0,06097561;0,020971302;5,23;4,689008043;0,022038567;0,922865014;0,03030303;0,016528926;0,005509642
141104;0,06374502;0,980079681;1968,408497;0,043551089;0,35678392;0,077380952;0,033500838;4,38;4,43627451;0,071713147;0,856573705;0,039840637;0,011952191;0,003984064
141106;0,162100457;0,824200913;1969,475543;0,056523587;0,198470038;0,073975045;0,057798555;6,28;4,590766823;0,242009132;0,613013699;0,035388128;0,075342466;0,002283105
141107;0,051470588;0,883636364;1970,008943;0,026548673;0,37020649;0,08490566;0,025073746;7,72;4,962601626;0,084558824;0,823529412;0,044117647;0,018382353;0
141110;0,077448747;0,890160183;1967,131972;0,032139578;0,297520661;0,071770335;0,028466483;5,585;4,360970677;0,066059226;0,865603645;0,036446469;0,009111617;0
141111;0,057934509;0,930201342;1964,365888;0,03030303;0,367493113;0,10915493;0,021487603;5,305;4,520892959;0,054156171;0,88790932;0,036523929;0,011335013;0,001259446
141201;0,144246353;0,73095624;1967,578818;0,030246914;0,25308642;0,149341142;0,039506173;9,56;4,663316583;0,463533225;0,371150729;0,016207455;0,069692058;0
141202;0,175612989;0,772546419;1971,746813;0,035370611;0,252015605;0,095898325;0,078803641;5,57;4,803790984;0,620941021;0,257123923;0,019880716;0,060967528;0,001325381
141203;0,049019608;0,774509804;1949,938944;0,03125;0,386160714;0,132911392;0,037946429;5,39;4,518151815;0,529411765;0,367647059;0;0,053921569;0
141302;0,0625;0,941666667;1964,166118;0,011650485;0,433009709;0,098837209;0,034951456;2,5;4,473413379;0,066666667;0,879166667;0,041666667;0,008333333;0
141303;0,073375262;0,926624738;1972,063969;0,020257827;0,485267035;0,120521173;0,033149171;3,35;4,687668767;0,056603774;0,880503145;0,039832285;0,012578616;0
141304;0,043650794;0,94047619;1978,655936;0,025806452;0,401612903;0,072916667;0,014516129;3,57;4,596774194;0,051587302;0,892857143;0,011904762;0;0
141305;0,070422535;0,950588235;1967,144222;0,012195122;0,474593496;0,096219931;0,021341463;3,76;4,30179754;0,077464789;0,892018779;0,016431925;0,002347418;0
141307;0,130612245;0,893442623;1969,111479;0,023728814;0,405084746;0,108695652;0,054237288;5,71;4,557777778;0,253061224;0,628571429;0,028571429;0,040816327;0,004081633
141309;0,125;0,887295082;1963,425405;0,031047135;0,3319221;0,08880597;0,057296077;3,656666667;4,369588551;0,201502732;0,715846995;0,019808743;0,021174863;0,003415301
141401;0,044117647;0,935198822;1966,143491;0,05200208;0,193447738;0,092119867;0,027561102;5,88;4,684542587;0,088235294;0,855882353;0,016176471;0,008823529;0
141402;0,041322314;0,888429752;1968,640103;0,021996616;0,335025381;0,13215859;0,069373942;3,31;4,25203252;0,144628099;0,76446281;0,024793388;0,020661157;0
141405;0,110144928;0,907246377;1966,947746;0,035359116;0,237569061;0,148051948;0,009944751;7,25;4,678800857;0,072463768;0,869565217;0,017391304;0,008695652;0
141408;0,078186597;0,766432954;1973,730823;0,049229488;0,182174094;0,111504723;0,082299042;9,99;4,555205047;0,392466053;0,438239159;0,02934735;0,076215506;0,00109505
141410;0,090452261;0,788944724;1978,684039;0,04719764;0,203539823;0,125748503;0,068829892;6,53;4,694397284;0,188442211;0,713567839;0,047738693;0,01758794;0,005025126
141411;0,059360731;0,935779817;1969,969595;0,038240918;0,284894837;0,094170404;0,030592734;7,76;4,310714286;0,091324201;0,780821918;0,03196347;0,00456621;0
141415;0,065217391;0,858310627;1969,273891;0,036830357;0,256696429;0,097435897;0,051339286;5,71;4,773584906;0,206521739;0,649456522;0,035326087;0,013586957;0
141416;0,060606061;0,878419453;1965,052893;0,043930636;0,239306358;0,137837838;0,060115607;8,775;4,46779661;0,206060606;0,575757576;0,090909091;0,036363636;0
141417;0,084705882;0,882352941;1968,702532;0,050973123;0,2557924;0,126666667;0,041705283;6,65;4,681686047;0,169411765;0,752941176;0,016470588;0,014117647;0,002352941
141418;0,065055762;0,849162011;1964,494624;0,041066282;0,247838617;0,104404568;0,061239193;9,86;4,642857143;0,241635688;0,652416357;0,044609665;0,024163569;0,001858736
141502;0,22375;0,855462185;1981,092376;0,047348485;0,214015152;0,156183746;0,055239899;9,29;4,673399627;0,292083333;0,615833333;0,029583333;0,020833333;0,00125
141503;0,154901961;0,7956778;1969,793493;0,036220472;0,262992126;0,171096346;0,04488189;7,65;4,515519568;0,3;0,552941176;0,041176471;0,039215686;0
141507;0,157188498;0,962939297;1976,080549;0,032140248;0,237399562;0,224789916;0,043827611;7,64;4,675907258;0,132907348;0,823642173;0,005750799;0,008306709;0
141508;0,247006767;0,789926931;1978,238197;0,048822516;0,213383113;0,166211389;0,057821176;10,4;4,739177256;0,496876627;0,385476314;0,020041645;0,033315981;0,001821968
141601;0,1015625;0,908854167;1966,111876;0,034979424;0,28909465;0,1;0,075102881;7,03;4,648841355;0,2265625;0,643229167;0,033854167;0,033854167;0,002604167
141602;0,1367713;0,865470852;1958,607681;0,051693405;0,221925134;0,08490566;0,040998217;4,26;4,752265861;0,14573991;0,811659193;0,013452915;0,01793722;0
141604;0,097505669;0,864512472;1966,523451;0,038266989;0,249395206;0,084695394;0,033648559;8,84;4,66400672;0,136621315;0,807823129;0,015873016;0,014172336;0,002267574
141605;0,149819495;0,844765343;1960,957746;0,036078965;0,253914227;0,112227806;0,073519401;7,94;4,733505821;0,411552347;0,485559567;0,010830325;0,036101083;0,001805054
141606;0,110481586;0,887464387;1968,928401;0,03850385;0,284928493;0,121212121;0,063256326;8,78;4,642444261;0,320113314;0,519830028;0,032577904;0,035410765;0,001416431
141607;0,219215156;0,780487805;1972,296663;0,041599136;0,260940032;0,074251497;0,09454349;8,53;4,7541841;0,309878214;0,581867388;0,02165088;0,046008119;0,00135318
141608;0,100278552;0,902234637;1954,103691;0,031137725;0,326946108;0,073619632;0,037125749;6,96;4,774422735;0,111420613;0,810584958;0,011142061;0,008356546;0
141613;0,143181818;0,927107062;1972,409648;0,038732394;0,248239437;0,075435203;0,075704225;7,05;4,739549839;0,352272727;0,559090909;0,015909091;0,029545455;0,004545455
141614;0,171985816;0,701067616;1955,898734;0,029045643;0,298063624;0,119236884;0,038035961;9,93;4,7929374;0,44858156;0,441489362;0,014184397;0,019503546;0
141616;0,155660377;0,838862559;1970,338931;0,038154392;0,245785271;0,124210526;0,083407276;7,55;4,809891808;0,45990566;0,466981132;0,033018868;0,018867925;0
141625;0,182842288;0,761363636;1966,057789;0,046575342;0,227739726;0,10947205;0,08869863;8,93;4,605860806;0,498266898;0,371750433;0,02339688;0,051993068;0,002599653
141628;0,130890052;0,947643979;1971,06044;0,031128405;0,303501946;0,075;0,027237354;10,47;4,78021978;0,083769634;0,87434555;0,015706806;0,010471204;0
141629;0,144724556;0,846585594;1960,931616;0,044474855;0,278823127;0,112769486;0,069449196;8,873333333;4,707637232;0,317460317;0,594771242;0,025210084;0,015873016;0,001867414
141630;0,116349047;0,863316583;1969,486552;0,034315704;0,278562778;0,113528855;0,04642713;7,79;4,496034607;0,251755266;0,651955868;0,030090271;0,017051153;0,001003009
141631;0,113006397;0,82832618;1967,076371;0,033072237;0,2845953;0,118473896;0,056570931;8,535;4,673712021;0,262260128;0,620469083;0,025586354;0,023454158;0,002132196
141632;0,151234568;0,836251287;1979,892696;0,038461538;0,222307692;0,116220736;0,101538462;7,195;4,71602126;0,346707819;0,528806584;0,030864198;0,03909465;0,00617284
141633;0,207115734;0,674258738;1967,298582;0,051388286;0,188479401;0,115683336;0,165959437;8,9525;4,463112725;0,69902592;0,164602939;0,012217269;0,062159485;0,000577844
141634;0,161634103;0,829029386;1958,608734;0,028453891;0,279739458;0,1272578;0,046280425;8,635;4,346938776;0,321492007;0,572824156;0,01687389;0,025754885;0,001776199
141701;0,091176471;0,938235294;1960,107771;0,022123894;0,265486726;0,119680851;0,033185841;7,06;4,6625;0,091176471;0,879411765;0,014705882;0,008823529;0
141702;0,06122449;0,928571429;1970,987179;0,021834061;0,414847162;0,131147541;0,052401747;6,12;4,210884354;0,030612245;0,897959184;0,020408163;0;0,010204082
141703;0,144927536;0,786830357;1979,159582;0,035357737;0,250415973;0,129756098;0,077371048;6,69;4,547398432;0,317725753;0,590858417;0,016722408;0,034559643;0,004459309
141704;0,110429448;0,944785276;1966,874016;0,034825871;0,338308458;0,106666667;0,037313433;6,75;4,476839237;0,214723926;0,717791411;0,042944785;0,006134969;0,006134969
141802;0,103537532;0,835782195;1967,764087;0,033616299;0,253989813;0,137668919;0,050933786;7,68;4,629792583;0,257981018;0,63244176;0,024158758;0,035375324;0,005176877
141804;0,132762313;0,892933619;1970,170487;0,041560645;0,233248516;0,133874239;0,067005937;5,35;4,902578797;0,259100642;0,588865096;0,064239829;0,029978587;0,002141328
141808;0,077338129;0,856115108;1970,969356;0,02614841;0,318021201;0,167355372;0,022614841;9,89;4,360549717;0,115107914;0,832733813;0,017985612;0,003597122;0
141809;0,131526104;0,899295065;1973,651911;0,033474413;0,292035398;0,116230366;0,051558292;7,53;4,574657534;0,236947791;0,633534137;0,029116466;0,02811245;0,001004016
141813;0,184508268;0,856020942;1972,242416;0,040303931;0,245457549;0,167076167;0,057482656;7,14;4,645682451;0,247171453;0,660574413;0,033942559;0,012184508;0,001740644
141814;0,083743842;0,911330049;1963,792782;0,021989529;0,341361257;0,110769231;0,041884817;5,67;4,502403846;0,108374384;0,802955665;0,04679803;0,009852217;0
141817;0,141001855;0,883116883;1971,991704;0,027418126;0,315308454;0,102880658;0,060167555;3,82;4,460423634;0,20593692;0,617810761;0,094619666;0,033395176;0
141818;0,125748503;0,833190761;1965,775879;0,035075885;0,254300169;0,159277504;0,044182125;7,045;4,615230461;0,187339607;0,70829769;0,058169376;0,01710864;0
141819;0,146753247;0,876623377;1973,963142;0,031578947;0,243859649;0,118633913;0,063659148;5,85;4,503418803;0,241558442;0,658441558;0,030519481;0,018831169;0,001298701
141820;0,094881398;0,834586466;1973,820409;0,034134615;0,320673077;0,13943662;0,051442308;8,32;4,617391304;0,178526841;0,720349563;0,031210986;0,02247191;0,001248439
141821;0,19711668;0,698710115;1968,853002;0,039431051;0,229831402;0,126964485;0,127684112;8,105;4,574189881;0,609404473;0,244004312;0,028967933;0,055914848;0,001347346
141902;0,123585727;0,939947781;1966,18844;0,032865457;0,268401232;0,085833333;0,046217049;6,7;4,671428571;0,215839861;0,685813751;0,031331593;0,014795474;0,000870322
141904;0,140030441;0,906727829;1967,847589;0,033152502;0,304400241;0,109011628;0,055455093;6,39;4,72840691;0,197869102;0,691019787;0,056316591;0,0152207;0
141909;0,230769231;0,906290116;1968,349057;0,036818851;0,252331861;0,08490566;0,060873834;7,69;4,688483844;0,324358974;0,582051282;0,014102564;0,012820513;0,001282051
141910;0,283877349;0,825828798;1973,762882;0,040594626;0,227177435;0,080033698;0,07966457;6,53;4,830811554;0,497032641;0,329871414;0,012858556;0,096933729;0,00148368
141916;0,285347044;0,860824742;1967,699282;0,034046693;0,234435798;0,069327731;0,085603113;5,91;4,640595903;0,326478149;0,53470437;0,046272494;0,028277635;0,007712082
141917;0,239130435;0,813664596;1969,28972;0,053389322;0,222555489;0,112840467;0,098980204;7,76;4,78248974;0,433229814;0,440993789;0,02173913;0,035714286;0,00310559
141918;0,157522124;0,897868561;1964,495177;0,036408625;0,287734182;0,098373984;0,05903146;5,606666667;4,586907449;0,26460177;0,631858407;0,037168142;0,013274336;0,003539823
141919;0,156903766;0,85041841;1956,883489;0,03528435;0,270236613;0,104887984;0,066832711;6,3;4,560165975;0,304393305;0,59832636;0,024058577;0,018828452;0,001046025
141920;0,272868699;0,754047323;1965,739678;0,048993451;0,224108659;0,093805761;0,141765705;6,523333333;4,571222503;0,550093342;0,297448662;0,017112632;0,074362166;0,001555694
141921;0,233362143;0,749134948;1965,436336;0,048535854;0,211897625;0,108812074;0,124394743;6,093333333;4,549151204;0,63065399;0,239412273;0,012964564;0,057620282;0,003169116
142001;0,238828968;0,764252696;1976,671103;0,038302887;0,238656453;0,08988764;0,069534473;5,24;4,762953368;0,482280431;0,405238829;0,021571649;0,05238829;0
142002;0,152941176;0,74962963;1963,104313;0,036427732;0,302585194;0,098846787;0,048766157;8,09;4,663617886;0,355882353;0,516176471;0,017647059;0,052941176;0,002941176
142003;0,195402299;0,666666667;1961,867133;0,016460905;0,267489712;0,104651163;0,061728395;12,64;4,752293578;0,540229885;0,390804598;0,011494253;0,057471264;0
142006;0,221173297;0,775978408;1970,879798;0,048369565;0,227445652;0,096794081;0,094293478;5,335;4,659043659;0,563722185;0,287255563;0,020229265;0,082265678;0,001348618
142101;0,060046189;0,914549654;1975,233884;0,031382528;0,273112807;0,090558767;0,079728584;4,39;4,814876033;0,103926097;0,720554273;0,15704388;0,002309469;0,006928406
142102;0,053287982;0,912698413;1971,141836;0,034229829;0,19804401;0,068077277;0,050122249;8,73;4,834097859;0,051020408;0,768707483;0,157596372;0,004535147;0,001133787
142104;0,038140644;0,876794258;1972,954093;0,042936288;0,243305633;0,079545455;0,06232687;5,84;4,57007874;0,128724672;0,737783075;0,084624553;0,022646007;0,003575685
142105;0,033112583;0,949227373;1964,042453;0,020833333;0,357789855;0,075675676;0,033514493;3,75;4,677012609;0,06401766;0,682119205;0,227373068;0,006622517;0,002207506
142106;0,093347357;0,796520822;1979,155643;0,045877889;0,19748189;0,080734272;0,098223525;9,1;4,721038251;0,235866421;0,496450171;0,114383382;0,107546674;0,002629503
142111;0,046901173;0,922905028;1973,78483;0,038605476;0,196966713;0,116317992;0,054559779;7,04;4,800471328;0,084310441;0,778336125;0,105527638;0,016192071;0,002233389
142113;0,049528302;0,931523022;1964,741277;0,035645472;0,276493256;0,079069767;0,056358382;6,49;4,604921394;0,081367925;0,777122642;0,110849057;0,007075472;0,002358491
142114;0,021802326;0,927219796;1970,280949;0,028537455;0,278834721;0,06147541;0,041617122;6,25;4,573660714;0,056686047;0,790697674;0,13372093;0,011627907;0,001453488
142115;0,073279053;0,782721542;1976,682241;0,053484827;0,159900236;0,086599068;0,09533047;7,18;4,66056338;0,304589193;0,492227979;0,07253886;0,083271651;0,004441155
142119;0,034042553;0,936124911;1970,367055;0,035201733;0,283509342;0,093220339;0,025182778;6,506666667;4,643568147;0,043262411;0,854609929;0,073049645;0,007092199;0,003546099
142120;0,041368337;0,925039872;1968,725615;0,036908517;0,25615142;0,078030303;0,032807571;6,275;4,666049954;0,063643596;0,800318218;0,112171838;0,00636436;0,00159109
142121;0,031298905;0,94200627;1973,474446;0,030092593;0,201967593;0,058096415;0,041087963;8,45;4,740561471;0,048513302;0,79029734;0,151799687;0,00312989;0,00312989
142122;0,041284404;0,948623853;1971,753731;0,033952823;0,26161544;0,086799277;0,03073624;4,69;4,652694611;0,044954128;0,836697248;0,100917431;0,004587156;0,000917431
150104;0,154010695;0,7751606;1962,687772;0,032679739;0,302396514;0,136219641;0,025272331;7,7;4,746505718;0,495187166;0,421390374;0,003208556;0,010695187;0
150105;0,109947644;0,869109948;1966,863144;0,033333333;0,357777778;0,126373626;0,008888889;13,09;4,256024096;0,35078534;0,534031414;0,005235602;0,047120419;0
150106;0,036;0,777327935;1987,736043;0,039432177;0,197949527;0,1359375;0,031545741;13,2;4,758080313;0,318;0,506;0,02;0,028;0,002
150107;0,106346968;0,719705549;1970,069034;0,044392782;0,240673088;0,100669536;0,060666445;9,77;4,473530074;0,530606488;0,346121298;0,007898449;0,016078984;0,001410437
150201;0,263316151;0,717447357;1973,528963;0,06838794;0,143802598;0,123708111;0,156058502;8,87;4,537797722;0,635094502;0,184707904;0,005584192;0,073453608;0,001718213
150202;0,161470823;0,664;1967,684642;0,057270124;0,152402164;0,129549661;0,097041044;9,75;4,811542992;0,62509992;0,18705036;0,002398082;0,059952038;0,000799361
150203;0,329710145;0,751815981;1983,523377;0,077274806;0,136716964;0,089836661;0,195701875;8,57;4,778215223;0,566425121;0,164251208;0,007246377;0,173913043;0,004830918
150303;0,114544844;0,614008439;1968,591463;0,048218811;0,195185572;0,139079773;0,137650917;16,11;4,390909091;0,705576083;0,062479006;0,004702721;0,037621767;0,00117568
150312;0,141292591;0,622581082;1957,723828;0,034816053;0,282213407;0,14241373;0,141318137;10,1375;4,470337079;0,75757166;0,023751577;0,002659095;0,028393726;0,000676041
150313;0,076039604;0,527878788;1968,708364;0,052810707;0,17124283;0,187318255;0,074034417;16,93;4,484183104;0,672475248;0,075940594;0,005049505;0,04029703;0,000891089
150314;0,21798185;0,804983749;1986,966813;0,057780053;0,162634379;0,112249443;0,16412562;9,005;4,82936107;0,57443356;0,229701304;0,029629184;0,066830939;0,003305487
150315;0,149906425;0,682494065;1973,863418;0,04785313;0,183236356;0,153798224;0,102001404;14,02;4,576903424;0,71378665;0,052651279;0,005177792;0,035059264;0,001122895
150407;0,170606132;0,812118365;1978,000773;0,052097781;0,165221914;0,157885305;0,101595007;11,72;4,614000782;0,628130119;0,1677978;0,009595132;0,053124269;0,003276387
150409;0,144090453;0,715305269;1969,486138;0,042385057;0,234171456;0,157919747;0,085009579;11,50666667;4,396683989;0,746630277;0,045393784;0,001949426;0,024618469;0,000724073
150410;0,151698767;0,68974109;1957,254809;0,046030077;0,214014719;0,145910963;0,116149381;10,03;4,291888298;0,718783813;0,057887903;0,001082017;0,065029214;0,000216403
150411;0,212631579;0,76079264;1972,737027;0,05625174;0,179337232;0,137737962;0,127819549;9,75;4,458145815;0,595789474;0,214035088;0,008421053;0,077894737;0,001403509
150501;0,063694268;0,433121019;1939,107492;0,028409091;0,275568182;0,132142857;0,015625;12,42;3,939670932;0,464968153;0,394904459;0;0,015923567;0,003184713
150503;0,042524005;0,808539945;1977,373383;0,029553679;0,33172497;0,103397341;0,051266586;8,92;4,488095238;0,297668038;0,62962963;0,001371742;0,009602195;0,002743484
150505;0,074829932;0,729545455;1991,016549;0,025153374;0,147852761;0,11559633;0,044171779;19,73;4,916607774;0,360544218;0,544217687;0,002267574;0,015873016;0,004535147
150506;0,161837936;0,735587835;1968,79243;0,042828134;0,25872254;0,10972309;0,061380838;11,505;4,71044505;0,432095971;0,463105478;0,004753282;0,018786781;0,001810774
150601;0,153364897;0,775368457;1974,463202;0,062192691;0,162059801;0,152661622;0,079401993;10,79;4,365731741;0,630368617;0,154548529;0,004227257;0,067636118;0,001183632
150603;0,16150345;0,769479565;1972,182297;0,051039483;0,173115051;0,154575957;0,086784116;10,1;4,673918956;0,678754955;0,152694171;0,006166495;0,027161944;0,001468213
150607;0,087452162;0,693787706;1972,281193;0,04707745;0,171895699;0,212446201;0,046237358;19,245;4,251329787;0,69041609;0,05186874;0,001221399;0,022555167;0,000651413
150608;0,19376392;0,674470457;1977,141113;0,04880101;0,196045435;0,110594796;0,092132941;10,49;4,565088757;0,64142539;0,199331849;0,008908686;0,037861915;0,001113586
150701;0,108108108;0,657657658;1962,507234;0,029011249;0,302545885;0,096;0,044404973;10,81;4,480599647;0,352852853;0,54954955;0,012012012;0,036036036;0,001501502
150704;0,13997006;0,616078137;1971,845276;0,044392523;0,221086449;0,135352287;0,065128505;13,92;4,712363869;0,60254491;0,202095808;0,005239521;0,03742515;0,003742515
150709;0,183273103;0,721676151;1975,399187;0,058603736;0,180924287;0,115084258;0,100098328;11,43;4,702868852;0,525554982;0,266907589;0,006195147;0,076923077;0,003097574
150710;0,255291983;0,701198976;1967,019957;0,066233731;0,150036377;0,136368271;0,132656086;9,205;4,544064888;0,70311135;0,107721255;0,003763188;0,051340636;0,000806397
150711;0,120538721;0,699386503;1974,794857;0,044722719;0,207768975;0,113984169;0,043956044;13,66;4,675163011;0,401346801;0,502356902;0,004713805;0,014141414;0,002020202
150802;0,187326121;0,777846631;1979,535527;0,048567016;0,200274584;0,126076932;0,1232767;8,32;4,638967136;0,55935085;0,286862442;0,01885626;0,038794436;0,004018547
150803;0,210993658;0,797968039;1979,37791;0,05996;0,14744;0,136926552;0,09316;12,19;4,572417562;0,631712474;0,219767442;0,004862579;0,02832981;0,001162791
150804;0,304347826;0,796771994;1987,378364;0,060514117;0,172945638;0,133038448;0,140581542;8,88;4,680985915;0,543251812;0,310235507;0,017889493;0,050951087;0,003849638
150806;0,123261694;0,740363173;1976,05451;0,044549204;0,204124926;0,155159236;0,032881556;15,625;4,333245383;0,405183312;0,466182048;0,006005057;0,012642225;0,001896334
150901;0,094488189;0,772486772;1968,043074;0,033707865;0,342696629;0,075801749;0,025842697;10,24;4,541889483;0,335958005;0,543307087;0,015748031;0,031496063;0
150902;0,282997763;0,746636771;1956,114871;0,04099142;0,277883699;0,12601626;0,034795043;12,08;4,692722372;0,530201342;0,325503356;0,003355705;0,042505593;0,003355705
150903;0,059958649;0,732871972;1959,732826;0,03420583;0,295954789;0,128421053;0,034800714;10,06;4,512205387;0,27980703;0,620261888;0,00275672;0,015161957;0
150904;0,203252033;0,761682243;1964,321987;0,03960396;0,287128713;0,128964059;0,049009901;8,71;4,587955626;0,428571429;0,444831591;0,008130081;0,040650407;0,00232288
150907;0,123611439;0,810144584;1981,44007;0,045646661;0,155442848;0,088576011;0,109514417;10,52;4,588338602;0,575514063;0,256676909;0,011817537;0,052233515;0,000945403
150910;0,035087719;0,765395894;1969,387125;0,024721879;0,365883807;0,094637224;0,043263288;8,77;4,701598579;0,219298246;0,69005848;0,00877193;0,032163743;0
150912;0,097034264;0,767630058;1964,117596;0,039507925;0,255973504;0,064564192;0,107641353;7,286666667;4,591596131;0,529225453;0,348977829;0,007774259;0,033688454;0,001151742
150913;0,088282504;0,855072464;1966,556338;0,03403676;0,311776719;0,096947935;0,029271613;10,645;4,626540284;0,18459069;0,715890851;0;0,011235955;0,004815409
151002;0,140701905;0,766869187;1980,963877;0,049250447;0,162598449;0,158062777;0,08531946;13,44;4,777795202;0,687994864;0,082923176;0,009255296;0,03456024;0,001444468
151005;0,222198124;0,842756375;1985,993338;0,05400642;0,145276012;0,12134213;0,129749691;10,01;4,848400049;0,663612211;0,147915198;0,014422816;0,035569051;0,002168845
151006;0,234250366;0,844604552;1991,266065;0,050413272;0,189167009;0,134062927;0,09830588;8,35;4,801302932;0,462152043;0,398014;0,030929513;0,03792935;0,005534755
151007;0,173691655;0,773588115;1974,748169;0,05977293;0,141918967;0,145870929;0,093766696;12,09333333;4,481935698;0,678076379;0,11321075;0,004582744;0,039660537;0,001131542
151101;0,105445957;0,786360473;1985,427084;0,053587362;0,168162494;0,115875228;0,109851467;11,03;4,813040585;0,475965546;0,341066963;0,021116977;0,051681023;0,003612114
151102;0,047120419;0,52601432;1958,554192;0,023342285;0,320181781;0,129078014;0,053707912;15,04;4,449712644;0,605425988;0,026653974;0,001903855;0,030461685;0,000475964
151103;0,250351922;0,831941884;1992,445589;0,066468796;0,117042881;0,129013168;0,088924471;10,74;4,823501314;0,515430428;0,360043313;0,01082837;0,047211695;0,001407688
151205;0,124034041;0,712524558;1969,126487;0,058429447;0,153324959;0,175456233;0,079250885;13,37;4,404307051;0,685121784;0,079575467;0,002445466;0,031644331;0,000586912
151207;0,188118812;0,804635762;1983,334629;0,05913339;0,14613424;0,114516672;0,120985556;9,24;4,562858633;0,533239038;0,265912306;0,008958039;0,042432815;0,007072136
151208;0,101254064;0,774883721;1978,202934;0,045996887;0,179145772;0,145695364;0,046515649;11,75;4,827586207;0,525777984;0,310264747;0,00510915;0,01532745;0
151209;0,242542716;0,835148874;1987,173756;0,056947608;0,164062086;0,116346776;0,161148488;6,67;4,780552861;0,499710397;0,313205908;0,033159571;0,094700261;0,004199247
151210;0,135335558;0,674073157;1956,738123;0,041734474;0,232479395;0,155376896;0,136017639;10,04;4,412542373;0,725064887;0,055617353;0,004078606;0,042578173;0,000679768
151301;0,077087794;0,721385248;1978,175246;0,049469697;0,170378788;0,09578714;0,078712121;13,2;4,515191898;0,544091882;0,201479463;0,002725326;0,029394588;0,00253066
151302;0,045238095;0,76372315;1982,872973;0,039499037;0,24566474;0,107883817;0,063583815;18,1;4,908893709;0,288095238;0,576190476;0,014285714;0,016666667;0
160101;0,015267176;0,93129771;1965,471154;0,021021021;0,327327327;0,055555556;0,045045045;11,45;4,850961538;0,13740458;0,702290076;0,114503817;0,022900763;0
160102;0,027237354;0,898832685;1985,709459;0,024113475;0,219858156;0,072874494;0,028368794;8,56;4,90990991;0,140077821;0,53307393;0,233463035;0,042801556;0
160104;0,03960396;0,811881188;1973,326705;0,016194332;0,311740891;0,139240506;0,04048583;8,91;4,988636364;0,059405941;0,653465347;0,158415842;0,04950495;0
160105;0,008547009;0,948717949;1967,022277;0,012552301;0,510460251;0,22;0,012552301;11,11;4,296296296;0,017094017;0,675213675;0,196581197;0,008547009;0
160106;0,015384615;0,984615385;1947,971751;0,021028037;0,481308411;0,067307692;0,011682243;12,82;4,566860465;0,066666667;0,825641026;0,030769231;0,015384615;0
160108;0,0546875;0,859375;1972,780952;0,058333333;0,230555556;0,171779141;0,033333333;14,84;4,919047619;0,1796875;0,671875;0,0703125;0,015625;0
160109;0,052419355;0,89516129;1976,507384;0,029268293;0,33495935;0,12195122;0,048780488;9,68;4,834422658;0,149193548;0,584677419;0,181451613;0,028225806;0
160113;0;0,978723404;1970,772973;0,010067114;0,459731544;0,0625;0,003355705;7,09;4,653775322;0,070921986;0,829787234;0,070921986;0,014184397;0
160115;0,032663317;0,869017632;1968,949785;0,024008351;0,354906054;0,071186441;0,038622129;9,05;4,781922525;0,08040201;0,633165829;0,206030151;0,025125628;0,005025126
160121;0;0,974522293;1968,009511;0,021538462;0,476923077;0,125;0,009230769;9,55;4,888586957;0,044585987;0,802547771;0,121019108;0,012738854;0
160122;0,010989011;0,846153846;1968,046875;0,035242291;0,334801762;0,137931034;0,022026432;10,99;4,702702703;0,131868132;0,681318681;0,10989011;0,010989011;0
160123;0,047244094;0,826771654;1979,646396;0,045454545;0,287878788;0,039215686;0,021212121;12,6;4,463636364;0,094488189;0,677165354;0,157480315;0,015748031;0
160124;0,124620061;0,759878419;1989,573674;0,043944266;0,18113612;0,084632517;0,103965702;9,12;4,864440079;0,234042553;0,376899696;0,252279635;0,094224924;0
160125;0;0,990566038;1993,879464;0,042735043;0,41025641;0,072727273;0,025641026;18,87;4,452914798;0,018867925;0,896226415;0,066037736;0;0
160128;0,023121387;0,768786127;1977,841176;0,025450689;0,306468717;0,11849711;0,045599152;8,38;4,429141717;0,187861272;0,557803468;0,124277457;0,066473988;0
160130;0,03257329;0,905537459;1974,212242;0,013157895;0,438596491;0,115151515;0,010233918;12,7;4,516746411;0,029315961;0,863192182;0,068403909;0,016286645;0
160131;0,028735632;0,913793103;1981,120579;0,020547945;0,358447489;0,164285714;0,03196347;6,32;4,656957929;0,086206897;0,752873563;0,137931034;0,011494253;0
160133;0,010638298;0,941489362;1978,442598;0,017094017;0,354700855;0,112781955;0,023504274;7,98;4,933534743;0,053191489;0,803191489;0,143617021;0;0
160142;0,026086957;0,92920354;1979,73;0,052777778;0,183333333;0,123287671;0,072222222;13,04;4,415384615;0,130434783;0,652173913;0,139130435;0,026086957;0
160144;0;0,991735537;1958,233624;0,019305019;0,405405405;0,145454545;0,019305019;11,48;4,555066079;0,040983607;0,901639344;0,040983607;0;0
160145;0,017241379;0,948275862;1950,100457;0,014652015;0,516483516;0,063829787;0,014652015;15,52;4,628440367;0,077586207;0,698275862;0,172413793;0,00862069;0
160146;0,006;0,948;1973,928371;0,02535497;0,455375254;0,138157895;0,022312373;12,6;4,496254682;0,228;0,582;0,172;0,006;0
160149;0,01048951;0,891608392;1975,751845;0,021907216;0,360824742;0,106557377;0,016752577;17,48;4,680221811;0,115384615;0,513986014;0,129370629;0,013986014;0
160152;0,024390244;0,936585366;1965,388728;0,019736842;0,361842105;0,057142857;0,037280702;11,47;4,734104046;0,180487805;0,580487805;0,151219512;0,009756098;0,004878049
160153;0,068690096;0,592948718;1976,345802;0,042143287;0,188440698;0,09114249;0,105960265;10,855;4,693290735;0,42172524;0,234824281;0,107028754;0,170926518;0
160154;0,070103093;0,618556701;1984,656325;0,052713178;0,18255814;0,096491228;0,114728682;9,39;4,64028777;0,340206186;0,242268041;0,089690722;0,259793814;0,002061856
160155;0,0125;0,925;1962,110487;0,018087855;0,335917313;0,126126126;0,025839793;14,415;4,676691729;0,03125;0,83125;0,08125;0,00625;0
160156;0,019512195;0,907317073;1968,744966;0,030947776;0,392649903;0,065693431;0,00967118;26,38;4,876681614;0,048780488;0,843902439;0,073170732;0;0
160157;0,046052632;0,800438596;1980,493139;0,051441933;0,245518316;0,11372549;0,064692128;7,27;4,809688581;0,146929825;0,416666667;0,254385965;0,103070175;0,004385965
160158;0,011560694;0,861271676;1979,242525;0,032989691;0,257731959;0,089171975;0,018556701;18,16;4,450184502;0,10982659;0,786127168;0,034682081;0,005780347;0
160159;0,045454545;0,901960784;1985,706767;0,023872679;0,350132626;0,131147541;0,023872679;11,03;4,681818182;0,071428571;0,707792208;0,149350649;0,025974026;0
160160;0,022988506;0,936781609;1979,355357;0,00952381;0,416666667;0,103092784;0,021428571;11,14;4,389285714;0,091954023;0,695402299;0,132183908;0,005747126;0
160161;0,023668639;0,90504451;1974,549581;0,034739454;0,397022333;0,047368421;0,019851117;9,165;4,494992847;0,100591716;0,585798817;0,177514793;0,032544379;0
160162;0,070121951;0,822629969;1976,859465;0,044012282;0,22517912;0,127937337;0,024564995;16,07;4,846003899;0,103658537;0,594512195;0,179878049;0,036585366;0,006097561
160163;0,046195652;0,888586957;1974,653976;0,031413613;0,322513089;0,115727003;0,037696335;7,605;4,852542373;0,10326087;0,698369565;0,127717391;0,010869565;0
160164;0,031531532;0,927927928;1966,607375;0,017175573;0,383587786;0,093023256;0,036259542;8,58;4,442222222;0,108108108;0,756756757;0,126126126;0,004504505;0
160201;0,015037594;0,851758794;1980,6175;0,042301184;0,202199662;0,115456238;0,08714044;7,27;4,851602024;0,248120301;0,398496241;0,192982456;0,065162907;0,002506266
160205;0,014084507;0,901408451;1969,622984;0,043256997;0,272264631;0,128378378;0,050890585;7,75;4,805668016;0,176056338;0,549295775;0,105633803;0,042253521;0,007042254
160209;0;0,913793103;1979,954054;0,03030303;0,319559229;0,163934426;0,03030303;8,62;4,408839779;0,163793103;0,568965517;0,129310345;0,051724138;0,00862069
160211;0,046961326;0,814404432;1981,836716;0,026236125;0,25025227;0,174107143;0,088799193;5,52;4,807476636;0,237569061;0,400552486;0,245856354;0,046961326;0,008287293
160214;0,027131783;0,88372093;1963,553398;0,024896266;0,222683264;0,12244898;0,084370678;8,14;3,967418546;0,209302326;0,406976744;0,158914729;0,050387597;0
160215;0,033027523;0,820183486;1979,477407;0,040612517;0,252330226;0,158705701;0,085885486;7,89;4,912142152;0,308256881;0,20733945;0,247706422;0,124770642;0,001834862
160217;0,014997322;0,692019282;1977,644348;0,036721992;0,21120332;0,121055111;0,083817427;10,44;4,733809281;0,455275844;0,147830745;0,083556508;0,116764863;0
160218;0,02962963;0,903345725;1972,371154;0,04249668;0,216467463;0,14057508;0,081009296;8,15;4,527237354;0,166666667;0,47037037;0,207407407;0,074074074;0,007407407
160220;0,032258065;0,913978495;1989,637931;0,033112583;0,205298013;0,173913043;0,059602649;11,83;4,075862069;0,193548387;0,376344086;0,150537634;0,043010753;0,010752688
160221;0;0,988235294;1932,84507;0,009615385;0,504807692;0,074074074;0,004807692;3,446666667;4,676056338;0,152941176;0,658823529;0,141176471;0,023529412;0
160222;0,029755579;0,695744681;1967,304455;0,03358964;0,269526507;0,14954955;0,089842169;9,265;4,607531381;0,490967056;0,122210414;0,134962806;0,134962806;0,001062699
160223;0,015625;0,9375;1976,706977;0,022988506;0,273563218;0,127071823;0,043678161;10,9;4,417061611;0,0703125;0,609375;0,078125;0,0078125;0
160224;0,023847377;0,793322734;1985,162525;0,042145594;0,220306513;0,110632184;0,114942529;8,33;4,853179973;0,343402226;0,219395866;0,186009539;0,117647059;0,00317965
160225;0,008746356;0,917888563;1983,304313;0,037948718;0,223589744;0,083333333;0,072820513;6,015;4,712460064;0,096209913;0,367346939;0,227405248;0,040816327;0,005830904
160301;0,055837563;0,959390863;1987,866044;0,017045455;0,340909091;0,058479532;0,051136364;1,52;4,778816199;0,30964467;0,507614213;0,152284264;0,020304569;0
160304;0,014814815;0,97037037;1997,696226;0,010204082;0,486394558;0,092592593;0,034013605;0,74;4,932075472;0,125925926;0,511111111;0,303703704;0,037037037;0
160305;0,008849558;0,92920354;1976,763039;0,015151515;0,448863636;0,153846154;0,037878788;5,75;4,868181818;0,247787611;0,353982301;0,327433628;0,039823009;0
160307;0;0,948717949;1968,509302;0,008368201;0,594142259;0,115384615;0,029288703;2,56;4,474418605;0,051282051;0,760683761;0,179487179;0,008547009;0
160308;0,00877193;0,98245614;1962,967273;0,029535865;0,438818565;0,051282051;0,016877637;3,51;4,32;0,096491228;0,649122807;0,245614035;0;0
160311;0,028508772;0,953947368;1972,168206;0,025862069;0,380172414;0,071428571;0,039655172;5,48;4,737467018;0,214912281;0,346491228;0,302631579;0,050438596;0,002192982
160313;0,004784689;0,933014354;1973,803659;0,024856597;0,384321224;0,094339623;0,019120459;6,7;4,82396088;0,325358852;0,358851675;0,258373206;0,028708134;0
160317;0,015873016;0,94047619;1971,786364;0,019933555;0,403654485;0,088541667;0,03986711;1,98;4,706818182;0,238095238;0,345238095;0,333333333;0,03968254;0
160319;0,006688963;0,976588629;1968,035522;0,01217656;0,473363775;0,065217391;0,03805175;3,645;4,879496403;0,02006689;0,802675585;0,160535117;0,006688963;0
160320;0,010033445;0,919732441;1971,042553;0,017094017;0,404558405;0,086538462;0,028490028;6,85;4,776198934;0,257525084;0,344481605;0,264214047;0,066889632;0
160321;0;0,971428571;1966,694876;0,019011407;0,47338403;0,069306931;0,015209125;4,11;4,944099379;0,097959184;0,379591837;0,432653061;0;0
160322;0,026666667;0,937777778;1976,137026;0,034545455;0,332727273;0,086486486;0,087272727;3,2;4,841642229;0,36;0,182222222;0,337777778;0,071111111;0,004444444
160323;0,031031031;0,746746747;1977,753701;0,045744282;0,24671916;0,120593692;0,071616048;6,835;4,852796053;0,456456456;0,2002002;0,192192192;0,105105105;0,001001001
160401;0,023255814;0,976744186;1965,469444;0,024390244;0,346341463;0,02739726;0,048780488;4,65;4,732954545;0,11627907;0,325581395;0,23255814;0,034883721;0,011627907
160404;0,066298343;0,897790055;1979,624582;0,025590551;0,290354331;0,115479115;0,065944882;10,22;4,77852349;0,237569061;0,370165746;0,281767956;0,027624309;0,002762431
160405;0,042016807;0,890756303;1975,435407;0,031347962;0,275862069;0,074766355;0,018808777;3,36;4,344497608;0,142857143;0,336134454;0,327731092;0,025210084;0
160406;0,057034221;0,97338403;1978,453515;0,032951289;0,303724928;0,106666667;0,044412607;7,6;4,164383562;0,452471483;0,144486692;0,296577947;0,011406844;0,003802281
160407;0,053475936;0,930481283;1976,291045;0,04233871;0,221774194;0,076233184;0,068548387;4,81;4,701492537;0,347593583;0,35828877;0,165775401;0,026737968;0
160410;0,020833333;0,895833333;1971,418848;0,022556391;0,315789474;0,135416667;0,060150376;4,17;4,732984293;0,208333333;0,5;0,229166667;0;0
160411;0,021220159;0,986737401;1960,178462;0,025278059;0,295247725;0,098265896;0,037411527;5,04;4,505409583;0,233421751;0,437665782;0,265251989;0,023872679;0,00530504
160415;0,024449878;0,948655257;1972,486765;0,020054695;0,340018232;0,049535604;0,028258888;3,91;4,213333333;0,227383863;0,537897311;0,15403423;0,007334963;0
160418;0,052419355;0,919354839;1975,729117;0,02601626;0,292682927;0,104803493;0,05203252;5,65;4,756563246;0,258064516;0,387096774;0,209677419;0,056451613;0,012096774
160420;0,029673591;0,922848665;1972,495629;0,026932084;0,292740047;0,079872204;0,056206089;4,45;4,715789474;0,154302671;0,495548961;0,293768546;0,017804154;0
160421;0,123076923;0,907692308;1977,974299;0,04057971;0,275362319;0,069767442;0,063768116;5,38;4,855140187;0,207692308;0,461538462;0,284615385;0,007692308;0
160422;0,033613445;0,924369748;1955,731111;0,028776978;0,327338129;0,13;0,061151079;5,04;4,457013575;0,327731092;0,403361345;0,193277311;0;0
160423;0,038095238;0,980952381;1965,22549;0,020661157;0,351239669;0,0625;0,053719008;2,86;4,328431373;0,142857143;0,314285714;0,447619048;0,00952381;0
160424;0,03030303;0,962121212;1967,139604;0,019709544;0,342323651;0,07079646;0,022821577;7,58;4,84437751;0,093434343;0,661616162;0,141414141;0,027777778;0
160427;0,058823529;0,963235294;1972,202532;0,030898876;0,280898876;0,1015625;0,033707865;2,21;4,62037037;0,257352941;0,397058824;0,242647059;0,014705882;0
160428;0,006116208;0,941896024;1965,801038;0,020833333;0,408854167;0,055555556;0,03515625;5,5;4,598958333;0,180428135;0,688073394;0,103975535;0,006116208;0
160431;0,045045045;0,981981982;1967,8125;0,014440433;0,285198556;0,020618557;0,02166065;8,11;4,333333333;0,162162162;0,279279279;0,261261261;0,009009009;0
160434;0,032786885;0,991803279;1949,135514;0,003846154;0,519230769;0,098039216;0,007692308;4,965;4,72195122;0,098360656;0,557377049;0,18852459;0,024590164;0
160435;0,052447552;0,898601399;1969,510377;0,023880597;0,373134328;0,128712871;0,040298507;4,58;4,185255198;0,269230769;0,332167832;0,195804196;0,031468531;0
160436;0,087937743;0,822568093;1982,651218;0,05448623;0,171750074;0,094944513;0,114302635;4,86;4,935585232;0,420233463;0,185214008;0,160311284;0,168093385;0,004669261
160437;0,029304029;0,886446886;1978,823529;0,022796353;0,335866261;0,109170306;0,066869301;4,61;4,722222222;0,351648352;0,307692308;0,223443223;0,047619048;0
160438;0,07579273;0,707656613;1979,119489;0,043564356;0,251202263;0,124429967;0,08175389;7,1;4,546623794;0,469450889;0,121423047;0,155452436;0,160866203;0
160439;0,045977011;0,977011494;1969,598187;0,013392857;0,323660714;0,06870229;0,020089286;6,863333333;4,577981651;0,155172414;0,390804598;0,304597701;0,011494253;0
160440;0,064516129;0,908602151;1976,718289;0,034205231;0,301810865;0,132947977;0,058350101;7,585;4,549152542;0,322580645;0,209677419;0,322580645;0,043010753;0,010752688
160501;0,017391304;0,913043478;1972,072115;0,040677966;0,288135593;0,201680672;0,033898305;5,22;4,778846154;0,165217391;0,634782609;0,12173913;0,026086957;0
160503;0,021834061;0,916666667;1967,453125;0,049128368;0,218700475;0,13220339;0,036450079;12,23;4,625360231;0,074235808;0,703056769;0,135371179;0,052401747;0
160505;0,013071895;0,934640523;1961,369205;0,024064171;0,382352941;0,096;0,013368984;5,88;4,642140468;0,104575163;0,77124183;0,078431373;0;0
160507;0,016129032;0,790322581;1962,441581;0,047258979;0,224952741;0,115879828;0,024574669;12,9;4,697594502;0,102150538;0,790322581;0,059139785;0,016129032;0
160510;0,005617978;0,949438202;1972,349085;0,042222222;0,311111111;0,098837209;0,026666667;7,87;4,923780488;0,404494382;0,5;0,073033708;0,011235955;0
160513;0,0234375;0,9453125;1962,618304;0,043227666;0,25648415;0,093333333;0,054755043;6,25;4,763392857;0,125;0,6875;0,125;0,0234375;0,0078125
160514;0,011695906;0,9;1976,271863;0,04805492;0,267734554;0,114130435;0,038901602;12,28;4,893536122;0,099415205;0,748538012;0,087719298;0,01754386;0
160515;0;0,92920354;1982,117486;0,036912752;0,288590604;0,079207921;0,023489933;17,7;4,884615385;0,03539823;0,849557522;0,088495575;0;0
160519;0,010416667;0,90625;1950,67;0,044715447;0,333333333;0,166666667;0,028455285;6,25;4,403225806;0,125;0,739583333;0,072916667;0,010416667;0,010416667
160520;0,004926108;0,921182266;1966,485577;0,041015625;0,318359375;0,102272727;0,025390625;5,42;4,678743961;0,118226601;0,527093596;0,197044335;0,009852217;0
160521;0;0,898876404;1974,440341;0,013452915;0,304932735;0,060240964;0,00896861;15,73;4,630681818;0,011235955;0,876404494;0,08988764;0,011235955;0
160522;0,014285714;0,928571429;1975,348039;0,038314176;0,307790549;0,158940397;0,028097063;14,28;4,567779961;0,075;0,832142857;0,064285714;0,017857143;0
160523;0,024752475;0,900990099;1979,811751;0,021276596;0,232108317;0,124423963;0,034816248;5,815;4,808153477;0,188118812;0,54950495;0,158415842;0,04950495;0
160524;0,02278481;0,946835443;1964,664326;0,026052104;0,310621242;0,058201058;0,043086172;7,805;4,969101124;0,091139241;0,655696203;0,194936709;0,025316456;0
160525;0,005347594;0,962566845;1954,966997;0,02832244;0,322440087;0,120481928;0,017429194;7,395;4,403333333;0,026737968;0,887700535;0,058823529;0,010695187;0
160526;0,031855956;0,804709141;1976,872024;0,050976656;0,201524535;0,101747174;0,061934254;11;4,697954272;0,32132964;0,364265928;0,16066482;0,090027701;0,001385042
160601;0;0,935064935;1942,629518;0,023872679;0,347480106;0,126436782;0,015915119;10,39;4,213414634;0,025974026;0,857142857;0,084415584;0,006493506;0
160602;0;0,97;1963,322785;0,024221453;0,290657439;0,23255814;0;20;4,727848101;0,02;0,87;0,03;0,01;0,01
160603;0,02293578;0,885321101;1972,576299;0,038155803;0,235294118;0,125;0,057233704;8,26;4,769480519;0,114678899;0,71559633;0,077981651;0,013761468;0
160604;0,037037037;0,794392523;1963,136761;0,010309278;0,315463918;0,156626506;0,043298969;8,33;4,757111597;0,194444444;0,583333333;0,157407407;0,027777778;0
160606;0,024793388;0,809917355;1976,313776;0,055232558;0,238372093;0,113636364;0,023255814;13,22;4,574358974;0,05785124;0,768595041;0,123966942;0,008264463;0
160611;0,03257329;0,908794788;1978,787257;0,037714286;0,249142857;0,125;0,037714286;10,1;4,6612529;0,107491857;0,765472313;0,068403909;0,019543974;0
160612;0,005649718;0,95480226;1974,646067;0,018735363;0,276346604;0,182539683;0,016393443;7,34;4,528409091;0,214689266;0,570621469;0,129943503;0,02259887;0
160613;0,02189781;0,890510949;1975,769231;0,03902439;0,214634146;0,101796407;0,041463415;8,03;4,612745098;0,058394161;0,759124088;0,145985401;0,01459854;0
160614;0,023255814;0,843023256;1975,013462;0,017167382;0,268240343;0,138095238;0,051502146;10,47;4,46031746;0,093023256;0,668604651;0,156976744;0,029069767;0,005813953
160619;0;0,900763359;1976,980989;0,029239766;0,289473684;0,131578947;0,011695906;14,5;4,379844961;0,045801527;0,847328244;0,091603053;0;0
160623;0,034482759;0,931034483;1954,339623;0,045454545;0,181818182;0,105691057;0,056818182;12,64;4,675159236;0,126436782;0,67816092;0,183908046;0,011494253;0
160624;0,028846154;0,682692308;1991,42378;0,052264808;0,243902439;0,17699115;0,038327526;11,54;4,577639752;0,134615385;0,673076923;0,115384615;0,057692308;0
160626;0,026315789;0,944078947;1973,722107;0,027210884;0,275510204;0,133828996;0,015873016;12,32;4,715189873;0,039473684;0,838815789;0,0625;0,023026316;0
160627;0,015503876;0,906976744;1979,389205;0,022875817;0,380718954;0,162011173;0,013071895;15,22333333;4,390873016;0,081395349;0,740310078;0,143410853;0,011627907;0
160628;0,032442748;0,671755725;1976,235169;0,0436871;0,199908509;0,115345005;0,086459286;10,15666667;4,656725502;0,289440204;0,367048346;0,101145038;0,170483461;0,003816794
160629;0,034013605;0,857142857;1983,619048;0,015915119;0,310344828;0,2109375;0,021220159;8,17;4,721611722;0,074829932;0,727891156;0,142857143;0,034013605;0
160630;0,020408163;0,885714286;1962,012987;0,016051364;0,319422151;0,138554217;0,017656501;20,01;4,494423792;0,069387755;0,824489796;0,069387755;0,012244898;0
160701;0,031161473;0,886685552;1968,769157;0,042870457;0,178937558;0,169164882;0,039142591;8,78;4,785028791;0,093484419;0,750708215;0,082152975;0,025495751;0,005665722
160703;0,037037037;0,88372093;1977,728788;0,0421875;0,2515625;0,132575758;0,06875;7,41;4,68597561;0,12962963;0,699074074;0,106481481;0,023148148;0,00462963
160704;0,032626427;0,697142857;1975,438804;0,042046063;0,168452062;0,135701805;0,046331012;10,69;4,695045359;0,324632953;0,384176183;0,075856444;0,043230016;0,005709625
160707;0,033980583;0,888349515;1978,862283;0,016129032;0,258064516;0,15270936;0,012544803;9,71;4,711442786;0,063106796;0,791262136;0,09223301;0;0
160708;0,078014184;0,794326241;1965,238764;0,041062802;0,188405797;0,141361257;0,055555556;7,8;4,244318182;0,241134752;0,453900709;0,19858156;0,014184397;0
160709;0;0,9375;1953,76087;0,055214724;0,386503067;0,081632653;0,012269939;14,06;4,811594203;0,015625;0,890625;0,078125;0;0
160710;0,06;0,853333333;1979,098131;0,040723982;0,201357466;0,100502513;0,054298643;10,67;4,277227723;0,26;0,36;0,126666667;0,026666667;0,006666667
160713;0,022364217;0,89456869;1959,569231;0,055499495;0,181634712;0,113475177;0,028254289;11,5;4,607929515;0,156549521;0,616613419;0,047923323;0,03514377;0,003194888
160714;0,024390244;0,833333333;1978,404762;0,039416058;0,230656934;0,162162162;0,020437956;5,28;4,588235294;0,089430894;0,780487805;0,077235772;0,012195122;0
160716;0,054525627;0,781897492;1977,125678;0,047683924;0,175749319;0,125472411;0,054495913;9,05;4,571945701;0,258451472;0,447110142;0,117775354;0,025081788;0,002181025
160717;0,018181818;0,927272727;1971,919408;0,021551724;0,372844828;0,142857143;0,051724138;4,85;4,526666667;0,096969697;0,684848485;0,103030303;0,018181818;0
160718;0,041580042;0,912681913;1969,801958;0,062132112;0,158273381;0,115666179;0,03793329;11,02;4,826807229;0,143451143;0,561330561;0,076923077;0,012474012;0,002079002
160719;0,060215054;0,772043011;1987,552693;0,063829787;0,090975789;0,076712329;0,126925899;9,89;4,768867925;0,253763441;0,270967742;0,116129032;0,270967742;0,002150538
160721;0,058309038;0,825072886;1983,28937;0,045413261;0,198910082;0,097142857;0,055404178;7,87;4,407185629;0,221574344;0,478134111;0,151603499;0,034985423;0
160724;0,014084507;0,964788732;1986,350775;0,028888889;0,206666667;0,104294479;0,013333333;9,15;4,705882353;0,070422535;0,654929577;0,14084507;0,028169014;0
160726;0,064343164;0,833780161;1969,791892;0,041516245;0,242779783;0,08988764;0,027978339;9,92;4,720508167;0,1769437;0,611260054;0,112600536;0,032171582;0
160727;0,036082474;0,845360825;1972,724422;0,051839465;0,197324415;0,144032922;0,016722408;8,25;4,914191419;0,144329897;0,654639175;0,092783505;0,025773196;0,005154639
160728;0,028169014;0,823943662;1979,520677;0,037777778;0,224444444;0,123529412;0,015555556;18,31;4,458646617;0,183098592;0,767605634;0,014084507;0,007042254;0
160729;0,019736842;0,881578947;1955,889961;0,045558087;0,225512528;0,106951872;0,045558087;12,5;4,687258687;0,190789474;0,592105263;0,039473684;0,026315789;0
160734;0,055319149;0,923076923;1968,598784;0,052903226;0,206451613;0,081395349;0,023225806;11,91;4,568389058;0,127659574;0,574468085;0,123404255;0,012765957;0
160737;0,028455285;0,864498645;1979,493827;0,042876902;0,256339327;0,109452736;0,045182112;10,7;4,842668863;0,131436314;0,596205962;0,130081301;0,01897019;0
160739;0,045380875;0,87987013;1979,440588;0,045741325;0,202944269;0,09218203;0,069400631;6,97;4,566221142;0,262560778;0,494327391;0,128038898;0,022690438;0,003241491
160740;0,044117647;0,837037037;1981,540984;0,045238095;0,197619048;0,120879121;0,076190476;8,82;4,857923497;0,272058824;0,411764706;0,161764706;0,044117647;0
160742;0,052380952;0,800947867;1979,087234;0,037821483;0,15279879;0,107142857;0,090771558;10;4,65106383;0,304761905;0,39047619;0,147619048;0,057142857;0,004761905
160743;0,066225166;0,933774834;1977,856589;0,0375;0,23125;0,15942029;0,045833333;9,27;4,542635659;0,152317881;0,59602649;0,152317881;0,013245033;0,006622517
160744;0,01875;0,9;1984,232104;0,048295455;0,142992424;0,154598826;0,029356061;11,25;4,752192982;0,115625;0,56875;0,125;0,00625;0
160745;0,088372093;0,827906977;1987,335206;0,049019608;0,121848739;0,134453782;0,053221289;5,58;4,770676692;0,269767442;0,48372093;0,08372093;0,051162791;0,004651163
160746;0,015151515;0,984848485;1974,809756;0,036637931;0,19612069;0,152777778;0,002155172;21,21;4,648780488;0,037878788;0,909090909;0,022727273;0,007575758;0
160747;0,011080332;0,864265928;1980,939335;0,049689441;0,184560781;0,112970711;0,023957409;11,36;4,831702544;0,121883657;0,686980609;0,085872576;0,013850416;0,002770083
160750;0,056716418;0,958208955;1981,65393;0,040913416;0,175071361;0,106776181;0,053282588;6,57;4,868995633;0,241791045;0,492537313;0,125373134;0,023880597;0,005970149
160752;0,053887606;0,593533487;1971,401047;0,045527157;0,188498403;0,10960452;0,134717785;9,875;4,719704953;0,481139338;0,236335643;0,067744419;0,14395689;0,003079292
160753;0,04109589;0,826758148;1975,513978;0,033067275;0,222919042;0,103496503;0,042189282;8,566666667;4,669537137;0,160958904;0,547945205;0,171232877;0,023972603;0
160754;0,036082474;0,881443299;1978,373626;0,044651163;0,273488372;0,164141414;0,027906977;6,08;4,817896389;0,067010309;0,657216495;0,229381443;0,010309278;0
160755;0,016447368;0,901315789;1974,096112;0,042345277;0,231270358;0,112244898;0,033659066;11,965;4,615555556;0,151315789;0,680921053;0,029605263;0,016447368;0
160756;0,013333333;0,9;1981,794898;0,03785489;0,210304942;0,107344633;0,01787592;12,58;4,681818182;0,063333333;0,743333333;0,106666667;0,026666667;0,003333333
160757;0,02266289;0,852691218;1980,803105;0,046605876;0,273556231;0,120967742;0,031408308;8,22;4,439267887;0,220963173;0,560906516;0,079320113;0,028328612;0,002832861
160758;0,048414023;0,914858097;1980,348668;0,051778243;0,180439331;0,109375;0,040271967;8,85;4,801944107;0,12687813;0,711185309;0,058430718;0,025041736;0,005008347
160759;0,013605442;0,884353741;1968,005415;0,021582734;0,29736211;0,173333333;0,03117506;26,43333333;4,761732852;0,088435374;0,843537415;0,034013605;0,006802721;0
160760;0,026929982;0,906642729;1975,368321;0,041855204;0,174773756;0,129888268;0,020361991;18,58;4,766581633;0,093357271;0,687612208;0,098743268;0,012567325;0
160802;0,090909091;0,954545455;1965,660377;0,029288703;0,343096234;0,120689655;0,008368201;11,36;4,626582278;0,159090909;0,545454545;0,272727273;0,011363636;0
160803;0,024549918;0,865793781;1980,693548;0,040165387;0,228588305;0,137026239;0,023626698;11,46;4,772727273;0,248772504;0,355155483;0,199672668;0,036006547;0
160805;0,021818182;0,930909091;1975,515663;0,037283622;0,238348868;0,086956522;0,014647137;12;4,495121951;0,225454545;0,527272727;0,12;0,047272727;0,003636364
160806;0,071428571;0,804761905;1975,205788;0,042704626;0,258007117;0,125;0,053380783;6,19;4,884244373;0,257142857;0,29047619;0,347619048;0,023809524;0
160808;0,038216561;0,866242038;1977,18417;0,030092593;0,218364198;0,112478032;0,050925926;7,22;4,895545315;0,25477707;0,269639066;0,318471338;0,059447983;0,002123142
160812;0,029723992;0,813163482;1977,04441;0,033149171;0,279400158;0,113360324;0,039463299;8,7;4,90015361;0,163481953;0,360934183;0,329087049;0,040339703;0
160816;0,027149321;0,936363636;1977,523734;0,039473684;0,253289474;0,059288538;0,069078947;8,14;4,977777778;0,208144796;0,307692308;0,42081448;0,018099548;0
160817;0,04494382;0,853932584;1972,211592;0,042828008;0,209381373;0,116743472;0,045547247;7,555;4,546089385;0,322097378;0,301498127;0,217228464;0,065543071;0,003745318
160818;0,016759777;0,916201117;1964,187692;0,060344828;0,351293103;0,095890411;0,019396552;13,32;4,867692308;0,189944134;0,424581006;0,262569832;0,022346369;0
160819;0,004255319;0,867521368;1971,661137;0,024077047;0,186195827;0,126279863;0,024077047;14,205;4,832524272;0,234042553;0,391489362;0,2;0,046808511;0
160820;0,041771515;0,708291203;1971,041059;0,04191733;0,199107316;0,139151914;0,071996895;8,163333333;4,553133515;0,481127328;0,111222949;0,154001007;0,153497735;0,001006543
160901;0,031595577;0,840189873;1969,939509;0,03370098;0,261029412;0,11627907;0,166053922;5,06;4,777456647;0,317535545;0,380726698;0,118483412;0,099526066;0,004739336
160902;0,030973451;0,834994463;1975,265974;0,041555471;0,176896683;0,122270742;0,050324056;8,74;4,456606724;0,201327434;0,386061947;0,211283186;0,047566372;0,002212389
160903;0,02;0,94;1930,003676;0,020477816;0,303754266;0,13559322;0,051194539;6;4,713235294;0,27;0,54;0,1;0,02;0
160904;0,051764706;0,813017751;1975,876465;0,03436853;0,23436853;0,15557554;0,071221532;6,71;4,85326087;0,241176471;0,264705882;0,171764706;0,103529412;0,002352941
160905;0,033695031;0,786735277;1979,68454;0,039769215;0,185452298;0,108177172;0,138883165;7,31;4,761243753;0,374643061;0,242718447;0,091947459;0,157624215;0,003426613
160908;0,038834951;0,914100486;1976,298913;0,030699261;0,223990904;0,107235142;0,180216032;4,37;4,484916201;0,307443366;0,300970874;0,200647249;0,088996764;0,003236246
160910;0,019305019;0,858527132;1976,96584;0,041296928;0,215017065;0,114988105;0,032423208;10,14;4,74735532;0,17953668;0,417953668;0,194980695;0,048262548;0,002895753
160911;0,035616438;0,634681289;1979,643443;0,056287578;0,150313419;0,150621958;0,093514136;12,16;4,701901813;0,442465753;0,175;0,070890411;0,145547945;0,000684932
160914;0,00591716;0,940828402;1953,47541;0,023483366;0,227005871;0,115740741;0,070450098;8,88;4,68;0,195266272;0,514792899;0,147928994;0,029585799;0
160915;0,047445255;0,861060329;1978,737603;0,029787234;0,260790274;0,12446959;0,082066869;9,12;4,84137931;0,145985401;0,54379562;0,156934307;0,045620438;0,005474453
160920;0,025641026;0,948717949;1976,487055;0,02003643;0,336976321;0,089622642;0,034608379;7,18;4,429602888;0,112820513;0,697435897;0,092307692;0,015384615;0
160922;0,075785582;0,798521257;1980,370173;0,030967742;0,20516129;0,165477889;0,06;11,09;4,764;0,162661738;0,353049908;0,227356747;0,081330869;0,003696858
160923;0,01703163;0,866180049;1978,723183;0,039183673;0,182857143;0,165275459;0,05877551;9,49;4,734875445;0,182481752;0,467153285;0,184914842;0,051094891;0
160925;0,031073446;0,940677966;1964,547904;0,041329011;0,241491086;0,101663586;0,063209076;12,99;4,549473684;0,152542373;0,562146893;0,121468927;0,028248588;0
160926;0,110509209;0,849404117;1973,464815;0,034167794;0,200947226;0,105411103;0,089309878;8,67;4,843396226;0,235102925;0,497291441;0,130010834;0,058504875;0,001083424
160928;0,062300319;0,805111821;1976,967318;0,041787122;0,190801577;0,093714927;0,086990802;7,19;4,581173261;0,285942492;0,387380192;0,154153355;0,072683706;0,000798722
160935;0,041144902;0,883512545;1962,525692;0,036425726;0,204894707;0,119551681;0,062037564;6,26;4,926218709;0,212880143;0,411449016;0,152057245;0,075134168;0,003577818
160938;0,071776156;0,823600973;1976,54522;0,039595249;0,212494501;0,140816327;0,054113506;8,03;4,735294118;0,231143552;0,313868613;0,198296837;0,104622871;0
160940;0,018993352;0,730038023;1980,659922;0,053150299;0,143611404;0,1425634;0,078493488;10,83;4,754385965;0,368471035;0,245014245;0,138651472;0,115859449;0,000949668
160941;0,083576856;0,830796253;1977,525814;0,040151063;0,183860068;0,130128471;0,061419201;12,73;4,781395349;0,215663355;0,432495617;0,170660432;0,067212157;0,003506721
160942;0,029577465;0,904225352;1979,273927;0,034602076;0,21366782;0,10707457;0,07266436;7,385;4,507726269;0,212676056;0,491549296;0,147887324;0,049295775;0,002816901
160943;0,048478016;0,923005566;1975,515356;0,045223121;0,220425277;0,121900826;0,043126685;8,303333333;4,715146948;0,174746336;0,518602029;0,178128523;0,037204059;0
160944;0,065909091;0,864772727;1977,882635;0,035955056;0,19588015;0,140233723;0,055430712;9,455;4,792436236;0,25;0,401136364;0,143181818;0,056818182;0,004545455
160945;0,062753036;0,908906883;1966,199108;0,046963056;0,267376331;0,125786164;0,075767063;7,653333333;4,509954058;0,137651822;0,690283401;0,125506073;0,018218623;0
160946;0,068035944;0,905006418;1977,248211;0,030956113;0,209639498;0,102470265;0,03330721;11,35333333;4,528455285;0,174582798;0,46084724;0,141206675;0,019255456;0,001283697
160947;0,04;0,933333333;1972,676523;0,028789162;0,235393734;0,125;0,056731583;7,82;4,581687612;0,117333333;0,605333333;0,189333333;0,045333333;0
160948;0,044147428;0,656094842;1970,9053;0,045280788;0,182541872;0,122061268;0,16626601;9,233333333;4,631210894;0,530072904;0,141656541;0,043944917;0,188942892;0,002227623
161003;0,011695906;0,906432749;1965,366667;0,069037657;0,213389121;0,109090909;0,020920502;9,36;4,59765625;0,157894737;0,385964912;0,233918129;0,046783626;0,005847953
161004;0,017667845;0,925531915;1967,446203;0,025185185;0,317037037;0,081896552;0,031111111;8,83;4,497622821;0,109540636;0,685512367;0,113074205;0,035335689;0,003533569
161006;0,015748031;0,850393701;1969,747832;0,045544554;0,233663366;0,106235566;0,065346535;7,61;4,818320611;0,202099738;0,391076115;0,202099738;0,06824147;0,002624672
161007;0,027777778;0,759259259;1982,842975;0,04180791;0,159322034;0,130718954;0,06440678;8,64;4,898760331;0,234567901;0,354938272;0,157407407;0,064814815;0
161009;0,028846154;0,942307692;1979,644495;0,026515152;0,318181818;0,05;0,018939394;9,62;4,138248848;0,317307692;0,375;0,144230769;0,009615385;0
161012;0,040816327;0,911564626;1949,954023;0,030054645;0,306010929;0,208053691;0,019125683;5,44;4,655172414;0,170068027;0,455782313;0,224489796;0,027210884;0
161013;0,019138756;0,8125;1960,76464;0,035906643;0,274685817;0,06504065;0,032315978;7,66;4,900692841;0,124401914;0,535885167;0,215311005;0,043062201;0
161016;0,033870968;0,75;1984,394578;0,053123176;0,186806772;0,086595492;0,072387624;10,225;4,908323281;0,206451613;0,306451613;0,264516129;0,090322581;0,001612903
161017;0,04;0,94;1970,517045;0,025069638;0,364902507;0,079710145;0,050139276;8,91;4,528735632;0,206666667;0,566666667;0,113333333;0,046666667;0
161018;0,020408163;0,882352941;1984,589286;0,04388422;0,209150327;0,073375262;0,065359477;6,83;4,658456486;0,183673469;0,37244898;0,239795918;0,071428571;0
161019;0,028694405;0,822094692;1978,114169;0,045333333;0,245333333;0,098707403;0,098133333;6,52;4,738875878;0,446197991;0,156384505;0,119081779;0,18938307;0,00286944
170101;0,08751334;0,7886873;1974,475309;0,045540797;0,200759013;0,12605042;0,074762808;8,75;4,7525;0,215581644;0,561366062;0,127001067;0,071504803;0,003201708
170107;0,035294118;0,769411765;1973,563611;0,035714286;0,261278195;0,067114094;0,037593985;10,59;4,465444288;0,101176471;0,757647059;0,094117647;0,025882353;0
170108;0,016129032;0,768817204;1974,892405;0,051612903;0,286021505;0,130136986;0,030107527;11,83;4,051150895;0,059139785;0,838709677;0,075268817;0,021505376;0
170109;0,238461538;0,653846154;1971,648472;0,018518519;0,197530864;0,108280255;0,066358025;5;4,243243243;0,676923077;0,1;0,026923077;0,123076923;0
170112;0,045226131;0,85738255;1968,570683;0,03277592;0,295652174;0,123861566;0,027424749;7,87;4,49516441;0,083752094;0,77721943;0,070351759;0,045226131;0
170113;0,033783784;0,912162162;1963,693833;0,027027027;0,405405405;0,114942529;0,003003003;8,11;4,235555556;0,033783784;0,905405405;0,040540541;0;0
170114;0,042071197;0,889967638;1968,137069;0,021978022;0,304945055;0,144578313;0,035714286;9,39;4,169981917;0,077669903;0,851132686;0,042071197;0,006472492;0
170116;0,022421525;0,878923767;1974,556675;0,033771107;0,358348968;0,165745856;0,030018762;5,38;4,506702413;0,044843049;0,838565022;0,103139013;0;0,004484305
170117;0,037313433;0,955223881;1972,091474;0,01607717;0,329581994;0,091370558;0,040192926;8,58;3,971479501;0,037313433;0,880597015;0,052238806;0,014925373;0
170118;0,014245014;0,871794872;1975,194134;0,030601093;0,304918033;0,122923588;0,031693989;8,83;4,420143885;0,037037037;0,866096866;0,07977208;0,008547009;0
170120;0,065395095;0,899182561;1974,768293;0,01375;0,44;0,163934426;0,01875;8,03;4,275362319;0,049046322;0,882833787;0,057220708;0,005449591;0
170121;0,043824701;0,831325301;1967,199764;0,027508091;0,241100324;0,151376147;0,01618123;9,57;4,398568019;0,047808765;0,884462151;0,035856574;0,015936255;0,003984064
170122;0,018348624;0,921658986;1975,06413;0,017716535;0,356299213;0,123076923;0,027559055;13,215;4,498910675;0,013761468;0,894495413;0,073394495;0,004587156;0
170123;0,051886792;0,839622642;1962,235294;0,046712803;0,226643599;0,167910448;0,029411765;8,34;4,513513514;0,113207547;0,787735849;0,051886792;0,014150943;0
170203;0,009287926;0,93498452;1977,202665;0,036773428;0,252669039;0,078212291;0,028469751;13,93;4,889200561;0,043343653;0,857585139;0,092879257;0;0
170208;0,049180328;0,967213115;1959,396996;0,007633588;0,416030534;0,056338028;0,011450382;10,66;4,817391304;0;0,975409836;0,016393443;0;0
170210;0,006329114;0,96835443;1967,215805;0,014792899;0,452662722;0,107692308;0,017751479;8,86;4,88449848;0,03164557;0,911392405;0,037974684;0,012658228;0
170213;0;0,935294118;1975,835196;0,027431421;0,346633416;0,130434783;0,02244389;12,35;4,492877493;0,005882353;0,852941176;0,135294118;0;0
170215;0,005128205;0,953846154;1975,163835;0,018442623;0,297131148;0,16025641;0,053278689;6,67;4,827669903;0,020512821;0,81025641;0,158974359;0;0
170217;0,013888889;0,944444444;1969,648585;0,020220588;0,347426471;0,044871795;0,022058824;12,555;4,8321513;0,018518519;0,87962963;0,083333333;0,013888889;0
170218;0,003875969;0,930232558;1971,388587;0,027633851;0,366148532;0,190184049;0,015544041;6,175;4,451086957;0,023255814;0,837209302;0,120155039;0,007751938;0,003875969
170219;0,028409091;0,856060606;1979,874276;0,039735099;0,254966887;0,059724349;0,079470199;3,605;4,882830626;0,085227273;0,611742424;0,242424242;0,037878788;0,009469697
170220;0;0,949152542;1969,429245;0,033557047;0,372483221;0,086419753;0,006711409;24,84;4,237341772;0;0,915254237;0,084745763;0;0
170221;0;0,970149254;1972,429191;0,014373717;0,351129363;0,114649682;0,004106776;14,3;4,157434402;0,019900498;0,855721393;0,094527363;0,014925373;0
170301;0,016778523;0,976510067;1969,514388;0,016085791;0,316353887;0,166666667;0,032171582;5,37;3,405769231;0,020134228;0,83557047;0,127516779;0;0
170302;0,005813953;0,924418605;1958,800912;0,033613445;0,222689076;0,213793103;0,00210084;12,79;3,718954248;0,01744186;0,930232558;0,046511628;0;0
170305;0,034313725;0,926108374;1974,80641;0,034682081;0,213872832;0,168421053;0,06743738;7,35;4,605128205;0,078431373;0,691176471;0,191176471;0,024509804;0
170309;0;0,975728155;1981,960298;0,027139875;0,329853862;0,165137615;0,016701461;2,43;4,520100503;0,009708738;0,946601942;0,04368932;0;0
170310;0,011764706;0,929411765;1972,121094;0,044776119;0,226012793;0,139393939;0,031982942;3,53;4,260162602;0,023529412;0,764705882;0,2;0,005882353;0
170312;0,003703704;0,988888889;1954,513595;0,026315789;0,351393189;0,113333333;0,023219814;2,96;4,733736762;0,022222222;0,714814815;0,22962963;0,018518519;0
170313;0,058282209;0,889570552;1982,540481;0,022909507;0,238258877;0,130563798;0,064146621;6,75;4,700218818;0,082822086;0,671779141;0,208588957;0,018404908;0
170314;0,022222222;0,977777778;1972,770134;0,018987342;0,367088608;0,118421053;0,050632911;5,93;4,125;0,022222222;0,844444444;0,118518519;0;0
170316;0,022222222;0,977777778;1959,487234;0,01744186;0,340116279;0,221238938;0,026162791;3,7;3,948717949;0,02962963;0,807407407;0,155555556;0;0
170317;0;0,974358974;1955,088477;0,043956044;0,322344322;0,14084507;0,029304029;4,27;4,27638191;0,042735043;0,846153846;0,094017094;0,017094017;0
170318;0,009259259;0,949074074;1969,808974;0,018903592;0,306238185;0,148387097;0,013232514;5,09;4,633333333;0,018518519;0,893518519;0,083333333;0;0
170320;0,048387097;0,870967742;1961,795806;0,023255814;0,279069767;0,185;0,019933555;7,26;4,288288288;0,173387097;0,653225806;0,14516129;0,012096774;0
170321;0,111111111;0,942857143;1983,608879;0,02238806;0,168443497;0,10955711;0,121535181;4,56;4,598698482;0,170940171;0,498575499;0,247863248;0,065527066;0
170322;0,018691589;0,971962617;1968,327381;0,022900763;0,312977099;0,123287671;0,007633588;7,48;4,529761905;0,009345794;0,869158879;0,112149533;0,009345794;0
170324;0,036082474;0,958762887;1966,259943;0,026565465;0,273244782;0,107784431;0,030360531;7,73;4,644886364;0,036082474;0,793814433;0,149484536;0,020618557;0
170327;0,009615385;0,942307692;1961,259649;0,004237288;0,38559322;0,272727273;0,021186441;11,54;4,610526316;0;0,875;0,105769231;0;0
170329;0;0,985611511;1960,697719;0,018518519;0,37654321;0,197368421;0,012345679;6,38;4,441558442;0,007092199;0,914893617;0,078014184;0;0
170330;0,01734104;0,959537572;1974,919463;0,019823789;0,264317181;0,234567901;0,044052863;7,51;4,447457627;0,040462428;0,809248555;0,12716763;0,011560694;0,005780347
170331;0,03930131;0,917030568;1976,563325;0,041186161;0,28830313;0,13592233;0,046128501;6,55;4,699186992;0,091703057;0,637554585;0,244541485;0,017467249;0,004366812
170333;0,050880626;0,876712329;1971,888578;0,035236082;0,199436223;0,157608696;0,054263566;7,44;4,508532423;0,099804305;0,643835616;0,197651663;0,035225049;0
170334;0;0,99122807;1962,741214;0,013215859;0,50660793;0,16;0;3,51;4,388157895;0,00877193;0,885964912;0,105263158;0;0
170340;0;0,961538462;1975,334842;0,009174312;0,399082569;0,066666667;0,004587156;4,81;4,493150685;0,009615385;0,894230769;0,096153846;0;0
170341;0,077220077;0,911196911;1986,34792;0,049254699;0,199611147;0,125;0,143227479;5,41;4,734195402;0,104247104;0,455598456;0,347490347;0,073359073;0,003861004
170343;0,042440318;0,960212202;1976,647913;0,039274924;0,2306143;0,180661578;0,066465257;7,43;4,730909091;0,106100796;0,517241379;0,323607427;0,015915119;0,00265252
170344;0,090551181;0,860892388;1984,262332;0,032149712;0,22168906;0,100327154;0,100287908;3,94;4,467650397;0,249343832;0,371391076;0,244094488;0,112860892;0,003937008
170345;0,03968254;0,952380952;1982,349806;0,012544803;0,465949821;0,161290323;0,044802867;3,57;4,673786408;0,067460317;0,615079365;0,301587302;0,007936508;0
170347;0;0,891566265;1975,676471;0,046153846;0,276923077;0,175438596;0,015384615;3,61;4,621621622;0,072289157;0,891566265;0,024096386;0;0
170348;0,008333333;0,983333333;1972,581597;0,025362319;0,413043478;0,16;0,018115942;4,17;4,529616725;0,083333333;0,783333333;0,116666667;0,008333333;0
170349;0,018867925;0,968553459;1959,523026;0,031784841;0,254278729;0,135135135;0,058679707;5,03;3,896428571;0,081761006;0,761006289;0,125786164;0,018867925;0
170350;0,107362614;0,64148581;1974,749625;0,040851984;0,191530077;0,151589242;0,154588568;8,51;4,560779462;0,461065139;0,132187566;0,102058137;0,265436028;0,000848716
170353;0;0,992366412;1962,164912;0,02006689;0,441471572;0,132352941;0,003344482;8,705;4,572953737;0,022900763;0,832061069;0,13740458;0;0
170354;0,072146119;0,75;1976,840652;0,032221806;0,265642563;0,142056075;0,084675909;7,135;4,388429752;0,268493151;0,435616438;0,175342466;0,093150685;0
170355;0,023622047;0,976377953;1979,655147;0,017525773;0,296907216;0,166666667;0,034020619;4,986666667;4,466049383;0,044619423;0,745406824;0,186351706;0,018372703;0,002624672
170356;0,03030303;0,961038961;1964,211207;0,019880716;0,427435388;0,108527132;0,043737575;3,59;4,594076655;0,038961039;0,662337662;0,281385281;0,004329004;0
170357;0,02866242;0,920382166;1969,479263;0,031123139;0,304465494;0,172413793;0,01894452;7,245;4,411764706;0,022292994;0,837579618;0,117834395;0,012738854;0
170358;0,0828125;0,848318999;1988,544857;0,045189504;0,162682216;0,114826498;0,1303207;4,26;4,428159261;0,23125;0,3;0,2765625;0,17265625;0,00078125
170359;0,009615385;0,975961538;1966,956919;0,019417476;0,322330097;0,094972067;0,052427184;2,155;4,693717277;0,024038462;0,682692308;0,288461538;0,004807692;0
170360;0,012875536;0,991416309;1970,388542;0,019434629;0,401060071;0,139130435;0,012367491;4,36;4,372591006;0,021459227;0,858369099;0,120171674;0;0
170361;0,055330634;0,79217274;1974,975363;0,032144651;0,283274736;0,170469799;0,056755399;7;4,448078496;0,211875843;0,535762483;0,145748988;0,0634278;0,005398111
170401;0,024896266;0,697095436;1948,324755;0,038516405;0,184022825;0,238596491;0,015691869;15,77;4,059620596;0,182572614;0,601659751;0,008298755;0,037344398;0
170402;0,126984127;0,777777778;1950,025;0,01754386;0,356725146;0,054545455;0,01754386;6,35;4,4;0,111111111;0,777777778;0,015873016;0,079365079;0
170403;0,053030303;0,742424242;1967,85;0,030690537;0,20971867;0,193548387;0,030690537;10,61;4,436842105;0,257575758;0,606060606;0,007575758;0,022727273;0
170407;0,068131868;0,883516484;1963,377941;0,024939662;0,230088496;0,154362416;0,021721641;10,11;3,880664653;0,182417582;0,692307692;0,021978022;0,032967033;0
170408;0,056089744;0,72275641;1960,408813;0,042553191;0,192527244;0,174857143;0,046704722;12,38;4,484293194;0,318910256;0,378205128;0,051282051;0,134615385;0
170501;0,006622517;0,863134658;1977,209929;0,047337278;0,185650888;0,189686924;0,037721893;12,36;4,392045455;0,022075055;0,958057395;0,011037528;0;0
170502;0,00952381;0,966666667;1973,270053;0,029304029;0,287545788;0,112582781;0,049450549;6,67;4,847593583;0,028571429;0,942857143;0,019047619;0,00952381;0
170505;0,031278749;0,725850966;1983,188906;0,038496792;0,197066911;0,129588015;0,060800489;8,92;4,740595611;0,178472861;0,677092916;0,077276909;0,036798528;0,003679853
170508;0,005464481;0,907103825;1984,106149;0,034330986;0,191901408;0,153846154;0,014084507;8,47;4,649045521;0,051912568;0,882513661;0,046448087;0,00273224;0
170509;0,013043478;0,946564885;1981,028509;0,031900139;0,226074896;0,169014085;0,015256588;11,93;4,703296703;0,026086957;0,908695652;0,052173913;0,004347826;0
170510;0,012605042;0,941463415;1983,350626;0,030107527;0,376344086;0,14084507;0,004301075;14,905;4,872759857;0,029411765;0,857142857;0,079831933;0,008403361;0
170601;0;0,962264151;1958,306005;0,028933092;0,350813743;0,104294479;0,03074141;10,85;4,338902148;0,033018868;0,933962264;0,023584906;0;0
170603;0;0,91588785;1970,676786;0,011070111;0,313653137;0,165137615;0,033210332;14,95;4,377952756;0;0,841121495;0,158878505;0;0
170604;0,013651877;0,873720137;1967,011318;0,028074866;0,251336898;0,163763066;0,049465241;9,56;4,771084337;0,044368601;0,771331058;0,174061433;0;0,003412969
170607;0;0,98630137;1966,393939;0,025773196;0,298969072;0,189655172;0,030927835;9,59;4,454545455;0,04109589;0,890410959;0,01369863;0,01369863;0,01369863
170609;0,012269939;0,975460123;1954,051576;0,020151134;0,317380353;0,177570093;0,027707809;7,36;4,246418338;0,061349693;0,901840491;0,012269939;0;0,006134969
170612;0;0,919642857;1968,090652;0,004807692;0,524038462;0,108695652;0,033653846;5,36;4,830028329;0,035714286;0,705357143;0,232142857;0,008928571;0
170616;0;0,989361702;1969,206468;0,01754386;0,368421053;0,068493151;0,043859649;7,45;4,206521739;0;0,85106383;0,138297872;0;0
170618;0;1;1972,145349;0,02259887;0,361581921;0,1875;0,011299435;5,71;4,481707317;0,028571429;0,828571429;0,142857143;0;0
170619;0;0,918032787;1957,098485;0,006410256;0,378205128;0,049180328;0,032051282;6,56;4,787878788;0;0,885245902;0,06557377;0;0
170623;0,014925373;0,791044776;1988,618932;0,01863354;0,291925466;0,082191781;0,068322981;14,93;4,370731707;0,089552239;0,671641791;0,223880597;0;0
170625;0,012345679;0,938271605;1953,908696;0,005988024;0,51497006;0,236842105;0;8,64;4,233944954;0;0,827160494;0,12345679;0,037037037;0
170626;0,009259259;0,885185185;1966,297619;0,028691393;0,33240028;0,119469027;0,048285514;9,07;4,17507724;0,114814815;0,772222222;0,068518519;0,033333333;0
170627;0,010204082;0,959183673;1978,684426;0,009174312;0,362385321;0,116666667;0,027522936;9,18;4,741803279;0,030612245;0,826530612;0,102040816;0,010204082;0
170629;0;0,99137931;1962,868263;0,020408163;0,323129252;0,043010753;0,013605442;10,34;4,016949153;0,017241379;0,853448276;0,129310345;0;0
170631;0,014492754;0,913043478;1986,223048;0,038961039;0,415584416;0,028571429;0,025974026;8,7;4,537313433;0,014492754;0,695652174;0,289855072;0;0
170632;0;0,967741935;1977,898734;0,013245033;0,417218543;0,055555556;0,033112583;11,29;4,675105485;0,032258065;0,774193548;0,161290323;0,032258065;0
170635;0;0,930555556;1980,321429;0,005617978;0,421348315;0,06122449;0,056179775;4,17;4,757142857;0;0,875;0,111111111;0;0
170636;0;0,970588235;1980,250583;0,029126214;0,375404531;0,034482759;0,006472492;12,48333333;4,530373832;0,014705882;0,720588235;0,25;0;0
170637;0;0,939597315;1963,527372;0,024024024;0,441441441;0,082352941;0,024024024;18,24;4,775547445;0,026845638;0,872483221;0,100671141;0;0
170638;0,010144928;0,823188406;1975,148955;0,026521061;0,235049402;0,085747393;0,094123765;8,475;4,695692026;0,162318841;0,465217391;0,266666667;0,097101449;0
170639;0;0,970588235;1960,257946;0,012987013;0,347402597;0,162162162;0,019480519;14,94;4,407960199;0,029411765;0,852941176;0,110294118;0;0
170640;0,032520325;0,886178862;1965,071429;0,010830325;0,400722022;0,056179775;0,032490975;17,065;4,667692308;0,056910569;0,796747967;0,105691057;0;0
170641;0,00591716;0,905325444;1973,145192;0,027989822;0,34605598;0,195121951;0,027989822;6,265;3,873076923;0,088757396;0,786982249;0,082840237;0,029585799;0
170642;0,014184397;0,875886525;1949,899867;0,024934383;0,305774278;0,030150754;0,026246719;17,665;4,473895582;0,106382979;0,790780142;0,092198582;0;0
170643;0,012145749;0,906882591;1977,883659;0,018248175;0,416058394;0,220125786;0,02919708;7,55;4,725806452;0,04048583;0,736842105;0,210526316;0,004048583;0
170701;0,061576355;0,879310345;1968,37651;0,0249501;0,330339321;0,137546468;0,022954092;7,14;4,603351955;0,039408867;0,874384236;0,061576355;0,009852217;0
170703;0,011173184;0,932960894;1978,235043;0,033185841;0,35840708;0,159292035;0,024336283;6,7;4,429184549;0,033519553;0,899441341;0,055865922;0,011173184;0
170704;0,022641509;0,958490566;1975,789362;0,01529052;0,409785933;0,194594595;0,021406728;9,43;4,684434968;0,041509434;0,890566038;0,067924528;0;0
170705;0,068831169;0,749350649;1983,394527;0,040730337;0,215355805;0,102803738;0,090355805;7,66;4,614688129;0,193506494;0,494805195;0,145454545;0,14025974;0
170708;0,014388489;0,949640288;1969,178309;0,015197568;0,343465046;0,153846154;0,012158055;7,19;4,285185185;0,021582734;0,942446043;0,035971223;0;0
170710;0,015873016;0,957671958;1975,433255;0,029661017;0,262711864;0,146341463;0,014830508;5,82;4,187192118;0,021164021;0,878306878;0,095238095;0;0
170711;0,028818444;0,92795389;1977,583612;0,019845645;0,234840132;0,094117647;0,063947078;12,2;4,385786802;0,04610951;0,876080692;0,057636888;0,011527378;0
170802;0,047445255;0,624087591;1960,554441;0,023047375;0,203585147;0,15015015;0,040973111;7,66;4,817391304;0,368613139;0,364963504;0,01459854;0,102189781;0,003649635
170805;0,086746988;0,838554217;1963,740769;0,025996534;0,233102253;0,192079208;0,03812825;5,78;4,553745928;0,159036145;0,674698795;0,05060241;0,045783133;0
170809;0,022222222;0,883008357;1971,192837;0,035126235;0,266739846;0,130434783;0,014270033;7,5;4,356944444;0,113888889;0,752777778;0,069444444;0,019444444;0,002777778
170810;0,131578947;0,84502924;1954,450787;0,025263158;0,201052632;0,123287671;0,02;10,53;4,308641975;0,19005848;0,719298246;0,043859649;0,020467836;0
170813;0,045454545;0,903030303;1980,584416;0,031602709;0,211060948;0,034883721;0,015801354;12,315;4,584013051;0,066666667;0,815151515;0,033333333;0,009090909;0
170814;0,062827225;0,866492147;1970,147013;0,0390625;0,231445313;0,122340426;0,016601563;10,32;4,18957346;0,104712042;0,795811518;0,036649215;0,015706806;0
170815;0,188058036;0,621055571;1965,908193;0,041168792;0,17190481;0,154731458;0,094085752;9,175;4,504054631;0,612165179;0,1640625;0,013671875;0,118582589;0,000279018
170816;0,035849057;0,913627639;1973,533295;0,033424284;0,242155525;0,08630394;0,03478854;11,185;4,353846154;0,11509434;0,739622642;0,064150943;0,030188679;0
170901;0;0,973333333;1954,25817;0,015306122;0,387755102;0,022727273;0,045918367;16;4,816993464;0,026666667;0,906666667;0,053333333;0;0
170902;0,018292683;0,932926829;1970,015228;0,015384615;0,397435897;0,239583333;0,01025641;16,46;4,918781726;0,030487805;0,865853659;0,06097561;0;0
170906;0,004484305;0,905829596;1973,026483;0,034050179;0,281362007;0,264840183;0,021505376;7,62;4,974576271;0,035874439;0,865470852;0,080717489;0;0
170908;0,015923567;0,848195329;1968,189511;0,039388145;0,239388145;0,117341641;0,02791587;10,8;4,56261343;0,036093418;0,889596603;0,052016985;0,008492569;0,001061571
170909;0,020892688;0,823361823;1979,648119;0,036624776;0,26427289;0,171064604;0,047037702;7,64;4,642027455;0,068376068;0,737891738;0,132953466;0,04368471;0,002849003
171001;0,058823529;0,811764706;1941,827068;0,04954955;0,238738739;0,117021277;0,031531532;9,41;3,216;0,105882353;0,729411765;0,058823529;0,070588235;0
171002;0,047904192;0,874251497;1959,445767;0,013513514;0,27027027;0,087912088;0,033783784;13,17;4,614130435;0,113772455;0,790419162;0,017964072;0,017964072;0
171004;0,018518519;0,888888889;1967,637019;0,033707865;0,217228464;0,072072072;0,007490637;8,33;4,436893204;0,027777778;0,87037037;0,064814815;0;0
171005;0,024390244;0,943089431;1952,16129;0,038834951;0,32038835;0,171717172;0,029126214;8,94;4,016806723;0,040650407;0,869918699;0,06504065;0,008130081;0
171007;0,042105263;0,877192982;1974,8327;0,038057743;0,25984252;0,156666667;0,040682415;6,67;4,308467742;0,080701754;0,757894737;0,126315789;0,010526316;0,003508772
171009;0,044600939;0,750588235;1974,417415;0,045757072;0,200499168;0,110124334;0,067387687;7,75;4,631956912;0,204225352;0,537558685;0,122065728;0,100938967;0
171011;0,011627907;0,889534884;1972,140244;0,027027027;0,233415233;0,184931507;0,017199017;7,56;4,649390244;0,063953488;0,86627907;0,058139535;0;0
171013;0,020942408;0,947643979;1976,661812;0,028747433;0,271047228;0,142857143;0,022587269;10,99;4,815533981;0,015706806;0,890052356;0,073298429;0,005235602;0
171014;0,083333333;0,916666667;1963,802974;0,032163743;0,330409357;0,208695652;0,038011696;8,33;4,110638298;0,037878788;0,795454545;0,159090909;0,007575758;0
171015;0,054545455;0,872727273;1958,019512;0,027210884;0,285714286;0,18556701;0,020408163;11,82;3,267326733;0,045454545;0,936363636;0,018181818;0;0
171016;0,052845528;0,87804878;1960,788618;0,04248366;0,294117647;0,098130841;0,034313725;10,51666667;4,679166667;0,113821138;0,764227642;0,056910569;0,024390244;0
171017;0,02278481;0,860759494;1975,913271;0,045409674;0,314906219;0,113043478;0,066140178;6,775;4,753571429;0,139240506;0,670886076;0,144303797;0,02278481;0
171101;0,068783069;0,894179894;1985,603448;0,020964361;0,259958071;0,162561576;0,033542977;6,88;4,808777429;0,201058201;0,746031746;0,005291005;0,010582011;0
171102;0,028639618;0,92601432;1974,082474;0,027923211;0,256544503;0,093394077;0,053228621;8,59;4,75994109;0,07875895;0,77326969;0,112171838;0,016706444;0,002386635
171103;0,014619883;0,847953216;1964,407569;0,033532934;0,329341317;0,103703704;0,028742515;6,73;4,261695906;0,073099415;0,763157895;0,102339181;0,014619883;0
171106;0,055276382;0,819095477;1965,998567;0,037623762;0,251485149;0,116022099;0,035643564;8,04;4,185074627;0,110552764;0,703517588;0,030150754;0,085427136;0
171110;0,035460993;0,872340426;1967,337624;0,022408964;0,275910364;0,176029963;0,039215686;5,67;4,667326733;0,074468085;0,840425532;0,031914894;0,021276596;0,003546099
171111;0,113658071;0,76937799;1977,892337;0,037209302;0,208305648;0,13667426;0,052491694;9,673333333;4,68288854;0,321872015;0,485195798;0,040114613;0,073543457;0,003820439
171112;0,003759398;0,943609023;1959,094622;0,01793722;0,289985052;0,191570881;0,035874439;6,7;4,331325301;0,082706767;0,853383459;0,041353383;0,011278195;0
171201;0,027777778;0,972222222;1985,667883;0,020467836;0,380116959;0,182926829;0,011695906;6,25;4,115241636;0,055555556;0,881944444;0,048611111;0;0
171203;0,012658228;0,961864407;1975,294554;0,01754386;0,371929825;0,057324841;0,024561404;7,59;4,485148515;0,021097046;0,890295359;0,046413502;0,016877637;0
171205;0,010810811;1;1983,393586;0,00477327;0,381861575;0,142857143;0,009546539;6,49;4,322580645;0,091891892;0,8;0,108108108;0;0
171206;0;0,982300885;1965,480769;0,004219409;0,400843882;0,092307692;0,016877637;4,42;4,243589744;0,008849558;0,946902655;0,03539823;0;0
171209;0,010948905;0,97810219;1970,317269;0,02672956;0,342767296;0,112820513;0,040880503;2,55;4,663306452;0,003649635;0,868613139;0,127737226;0;0
171211;0;0,969230769;1956,021845;0,021875;0,4125;0,226666667;0,0125;9,92;4,583333333;0,030534351;0,816793893;0,145038168;0;0
171212;0,010452962;0,975609756;1974,262456;0,004846527;0,428109855;0,080291971;0,017770598;5,23;4,496415771;0,013937282;0,888501742;0,094076655;0;0
171215;0;0,987012987;1970,803207;0,016713092;0,337047354;0,041666667;0,008356546;2,6;4,510204082;0,012987013;0,844155844;0,142857143;0;0
171216;0,016304348;0,989130435;1967,30814;0,006726457;0,331838565;0,106382979;0,031390135;5,43;4,630813953;0,048913043;0,885869565;0,054347826;0,010869565;0
171217;0,041666667;0,94047619;1965,136667;0,022099448;0,406077348;0,125;0,038674033;5,36;4,756666667;0,041666667;0,916666667;0,023809524;0,011904762;0
171219;0,017142857;0,994285714;1969,010938;0,024630542;0,337438424;0,183673469;0,019704433;6,29;4,589341693;0,017142857;0,908571429;0,062857143;0;0
171220;0,044444444;0,983333333;1955,25387;0,019277108;0,397590361;0,140350877;0,021686747;3,33;4,956656347;0,016666667;0,85;0,111111111;0;0
171221;0,003773585;0,996226415;1973,396179;0,013266998;0,4013267;0,076923077;0,014925373;6,42;4,223333333;0,018867925;0,875471698;0,098113208;0;0
171222;0,017467249;0,969432314;1976,563265;0,016759777;0,333333333;0,137254902;0,027932961;6,55;4,534836066;0,026200873;0,84279476;0,113537118;0,008733624;0
171223;0,022727273;1;1977,154378;0,019736842;0,401315789;0,096385542;0,013157895;8,33;4,287804878;0,022727273;0,939393939;0,03030303;0;0,007575758
171224;0;0,990291262;1973,96978;0,012195122;0,329268293;0,196721311;0,016260163;10,68;4,43575419;0,029126214;0,854368932;0,106796117;0;0
171227;0,008474576;0,966101695;1975,82243;0,023346304;0,361867704;0,142857143;0,019455253;5,93;4,238317757;0,025423729;0,93220339;0,008474576;0;0
171229;0,02173913;0,945652174;1970,44337;0,008695652;0,423913043;0,111940299;0,026086957;7,61;4,856353591;0,059782609;0,755434783;0,163043478;0,016304348;0,005434783
171230;0,058252427;0,951456311;1973,155779;0,030651341;0,352490421;0,042253521;0,034482759;6,8;4,344086022;0,029126214;0,961165049;0,009708738;0;0
171231;0,023017903;0,905370844;1972,246575;0,030487805;0,349593496;0,078488372;0,043699187;6,91;4,320936639;0,079283887;0,767263427;0,127877238;0,020460358;0
171232;0,029166667;0,897222222;1975,650392;0,024719101;0,29494382;0,159539474;0,025842697;8,945;4,331873905;0,070833333;0,758333333;0,147222222;0,016666667;0
171233;0,032258065;0,938709677;1977,003731;0,036989796;0,350765306;0,047619048;0,021683673;7,986666667;4,736363636;0,038709677;0,690322581;0,261290323;0;0
171234;0;0,97382199;1976,099462;0,008888889;0,386666667;0,20661157;0,026666667;6,62;4,49702381;0,005235602;0,87434555;0,120418848;0;0
171235;0,006711409;0,979865772;1963,635638;0,021021021;0,378378378;0,081632653;0,036036036;2,22;4,840425532;0,020134228;0,926174497;0,053691275;0;0
171236;0,065008479;0,762606232;1980,508122;0,04776936;0,210016835;0,123809524;0,076599327;9,26;4,686655405;0,268513284;0,459016393;0,152628604;0,097795365;0,001130582
171302;0,030120482;0,969879518;1979,113833;0,032418953;0,29925187;0,068965517;0,029925187;3,01;4,566473988;0,036144578;0,86746988;0,096385542;0;0
171303;0,024142313;0,853503185;1981,136032;0,027224113;0,239669421;0,146551724;0,052503646;6,48;4,708944282;0,114358323;0,620076239;0,226175349;0,029224905;0
171304;0,013100437;0,934210526;1977,528302;0,023897059;0,314338235;0,293103448;0,014705882;6,55;4,642857143;0,026200873;0,794759825;0,15720524;0,004366812;0
171305;0,015075377;0,884422111;1968,877574;0,011363636;0,4;0,147058824;0,018181818;9,05;4,526558891;0,010050251;0,869346734;0,115577889;0,005025126;0
171310;0,025423729;0,906779661;1978,092885;0,034482759;0,294670846;0,139534884;0,039184953;6,36;4,390781563;0,059322034;0,822033898;0,093220339;0,012711864;0
171311;0,021857923;0,928961749;1967,345427;0,038383838;0,260606061;0,156133829;0,064646465;6,92;4,237410072;0,04007286;0,792349727;0,142076503;0,018214936;0,001821494
171312;0,022099448;0,928176796;1974,833784;0,019277108;0,368674699;0,076923077;0,009638554;6,08;4,078431373;0,005524862;0,944751381;0,049723757;0;0
171313;0,006134969;0,975460123;1983,262195;0,021276596;0,324468085;0,105263158;0,02393617;3,07;4,926829268;0,030674847;0,865030675;0,104294479;0;0
171314;0,02027575;0,785714286;1974,281377;0,033605813;0,196790796;0,1125;0,10505601;6,24;4,620856354;0,257096513;0,456609895;0,189781022;0,083536091;0,00243309
171315;0,003861004;0,926640927;1974,159884;0,02607362;0,256134969;0,216346154;0,016871166;5,02;4,732038835;0,023166023;0,903474903;0,061776062;0,003861004;0,003861004
171316;0,025125628;0,957286432;1973,800695;0,03516029;0,285418821;0,15234375;0,015511892;5,03;4,254651163;0,020100503;0,899497487;0,072864322;0,005025126;0
171317;0,007326007;0,882783883;1979,171739;0,029239766;0,235380117;0,150197628;0,027777778;11,72;4,545652174;0,073260073;0,695970696;0,212454212;0,003663004;0,003663004
171319;0,002881844;0,948126801;1968,454297;0,017142857;0,272;0,114114114;0,024;9,575;4,655737705;0,014409222;0,838616715;0,13832853;0;0
171320;0;0,950617284;1957,12766;0,014285714;0,454285714;0,130434783;0,02;13,51;4,074468085;0;0,891891892;0,108108108;0;0
171401;0,054945055;0,950549451;1972,235178;0,031088083;0,263212435;0,120943953;0,050777202;5,22;4,187837838;0,027472527;0,815934066;0,137362637;0,002747253;0
171403;0,015238095;0,900952381;1980,014231;0,034557235;0,19150468;0,140977444;0,063354932;3,62;4,644295302;0,034285714;0,763809524;0,116190476;0,00952381;0
171404;0,075949367;0,842639594;1987,925732;0,039391226;0,152193375;0,09039548;0,17905103;4,3;4,732067511;0,189873418;0,46835443;0,182278481;0,118987342;0,007594937
171406;0,016666667;0,912962963;1988,404806;0,024727273;0,298909091;0,130681818;0,057454545;5,37;4,800925926;0,040740741;0,857407407;0,085185185;0,003703704;0,001851852
171409;0,030712531;0,805896806;1977,178236;0,04068996;0,190623618;0,118181818;0,115435648;6,76;4,561403509;0,262899263;0,474201474;0,113022113;0,108108108;0
171410;0,027173913;0,945652174;1972,083777;0,035564854;0,223849372;0,030487805;0,025104603;7,07;3,796703297;0,038043478;0,847826087;0,10326087;0;0
171414;0,036827195;0,871455577;1985,618976;0,05080467;0,129378353;0,083894672;0,161880719;6,8;4,726720648;0,297450425;0,431539188;0,097261568;0,143531634;0,000944287
171415;0,052631579;0,79933665;1983,63031;0,056764706;0,117941176;0,07700831;0,231470588;5,35;4,63225058;0,300164474;0,296875;0,094572368;0,291940789;0,002467105
171416;0,027173913;0,907608696;1979,432937;0,033802817;0,222535211;0,124137931;0,054460094;6,79;4,631304348;0,089673913;0,79076087;0,10326087;0,013586957;0
171420;0,043352601;0,674384949;1981,251145;0,035069624;0,139247035;0,16089613;0,088705518;8,96;4,777947933;0,354046243;0,400289017;0,095375723;0,11416185;0,002890173
171426;0,020080321;0,925101215;1977,739157;0,02894356;0,227206946;0,124767225;0,054269175;8,03;4,583333333;0,050200803;0,819277108;0,09437751;0,016064257;0
171429;0,020942408;0,891797557;1981,414744;0,042479908;0,185419059;0,12625;0,060275545;7,16;4,712820513;0,07504363;0,792321117;0,102966841;0,020942408;0
171431;0,037411527;0,897876643;1971,176529;0,041105354;0,178238342;0,139083139;0,085319516;10,905;4,604306864;0,117290192;0,714863498;0,136501517;0,014155713;0,004044489
171432;0,039593909;0,837589377;1983,683498;0,04708439;0,184715683;0,094984802;0,125316914;5,81;4,722821577;0,156345178;0,591878173;0,120812183;0,106598985;0,003045685
171433;0,049079755;0,901840491;1975,195111;0,03987069;0,186422414;0,138686131;0,088362069;5,92;4,644007156;0,09202454;0,739263804;0,133435583;0,015337423;0,003067485
171434;0,026336792;0,896083133;1984,573468;0,043797766;0,194003527;0,08115942;0,082010582;7,675;4,631606765;0,076616121;0,75339186;0,136472466;0,012769354;0,004788508
171435;0,012722646;0,921119593;1970,597678;0,011410788;0,280082988;0,102484472;0,029045643;8,265;4,24702381;0,045801527;0,834605598;0,094147583;0,007633588;0
171436;0,015673981;0,934169279;1977,821429;0,032967033;0,280830281;0,127819549;0,053724054;5,286666667;4,587326121;0,059561129;0,852664577;0,081504702;0,003134796;0
171437;0,026859504;0,902691511;1972,152404;0,034294622;0,305533905;0,152173913;0,045206547;7,295;4,52195122;0,076446281;0,791322314;0,080578512;0,020661157;0
171438;0,06824533;0,639387695;1975,631926;0,050090971;0,160507164;0,109210088;0,220434387;7,463333333;4,572997033;0,541697308;0,161935579;0,038093837;0,225180174;0,000882483
180101;0,014705882;0,897058824;1980,395582;0,023738872;0,264094955;0,081967213;0,035608309;6,62;4,851405622;0,088235294;0,75;0,110294118;0;0,014705882
180104;0;0,853448276;1961,660777;0,045454545;0,292207792;0,181818182;0,035714286;12,07;4,531914894;0,068965517;0,827586207;0,034482759;0,00862069;0
180106;0,141025641;0,864516129;1978,561798;0,03271028;0,242990654;0,18125;0,030373832;8,97;4,34;0,173076923;0,692307692;0,070512821;0,019230769;0
180107;0,008510638;0,90212766;1977,904762;0,03276131;0,235569423;0,118644068;0,024960998;12,77;4,572564612;0,14893617;0,655319149;0,106382979;0,034042553;0
180109;0;0,959183673;1984,871154;0,021052632;0,385964912;0,109756098;0,038596491;7,14;4,823076923;0,06122449;0,663265306;0,163265306;0,020408163;0
180110;0,012048193;0,987951807;1986,044379;0,024193548;0,241935484;0,091743119;0,060483871;4,82;4,762195122;0,144578313;0,674698795;0,156626506;0,012048193;0
180111;0,012987013;0,896103896;1965,679144;0,033980583;0,27184466;0,067567568;0,014563107;3,9;3,9;0,051948052;0,883116883;0,064935065;0;0
180114;0,004444444;0,862222222;1958,068826;0,02173913;0,307692308;0,058091286;0,025083612;5,78;4,050709939;0,075555556;0,737777778;0,093333333;0,071111111;0
180115;0,01010101;0,944444444;1970,4775;0,027322404;0,225865209;0,09223301;0,025500911;6,57;4,5325;0,060606061;0,782828283;0,116161616;0,005050505;0,005050505
180118;0,05952381;0,880952381;1968,970109;0,019512195;0,253658537;0,090909091;0,014634146;3,57;4,28;0,19047619;0,654761905;0,023809524;0,047619048;0
180120;0,03030303;0,831643002;1979,92633;0,053278689;0,18579235;0,120500782;0,06079235;5,236666667;4,730337079;0,195959596;0,593939394;0,096969697;0,044444444;0,008080808
180121;0,031914894;0,861702128;1970,728846;0,009302326;0,274418605;0,257142857;0,03255814;6,355;3,915966387;0,063829787;0,808510638;0,053191489;0;0
180122;0,008;0,904;1951,76284;0,029411765;0,297385621;0,139130435;0,032679739;12,9;3,824915825;0,032;0,816;0,112;0;0
180123;0,036458333;0,84375;1951,432462;0,025641026;0,303747535;0,1;0,019723866;13,37;4,494818653;0,140625;0,619791667;0,109375;0,036458333;0
180201;0,059585492;0,917098446;1971,069187;0,02974359;0,276923077;0,084699454;0,024615385;8,81;4,701854494;0,051813472;0,862694301;0,056994819;0,007772021;0
180202;0,053356282;0,901893287;1966,094091;0,03652968;0,2987606;0,118374558;0,04109589;7,92;4,586111111;0,123924269;0,710843373;0,08605852;0,015490534;0,00172117
180204;0,052369077;0,880199667;1970,962102;0,038116592;0,245996156;0,109436955;0,049327354;6,82;4,614457831;0,098919368;0,796342477;0,059850374;0,013300083;0,002493766
180206;0,067307692;0,881410256;1967,807491;0,032258065;0,287841191;0,119047619;0,026054591;8,01;4,39965096;0,060897436;0,798076923;0,108974359;0,006410256;0,003205128
180208;0,065200314;0,811468971;1972,799258;0,047366873;0,231538688;0,117021277;0,059429244;6,85;4,405358183;0,160251375;0,705420267;0,06991359;0,03692066;0,002356638
180301;0,009708738;0,970873786;1980,524904;0,013157895;0,337719298;0,118644068;0,026315789;18,45;4;0,019417476;0,854368932;0,058252427;0,009708738;0
180303;0,005847953;0,970760234;1964,046697;0,031400966;0,34057971;0,113207547;0,012077295;8,77;4,827981651;0,087719298;0,830409357;0,029239766;0,011695906;0
180304;0,028169014;0,853448276;1977,228493;0,046427043;0,197261446;0,097848361;0,066110398;8,94;4,673059361;0,176974893;0,642375995;0,080832823;0,051439069;0,00183711
180305;0,007936508;0,976190476;1955,296029;0,016722408;0,344481605;0,051282051;0,033444816;7,94;4,025547445;0,047619048;0,753968254;0,150793651;0,007936508;0
180309;0,005347594;0,983957219;1971,02995;0,023474178;0,349765258;0;0,014084507;18,18;4,563333333;0,069518717;0,877005348;0,037433155;0;0
180312;0,02538787;0,949008499;1976,07082;0,043549265;0,271638541;0,114285714;0,035928144;7,19;4,718811881;0,052186178;0,820874471;0,083215797;0,009873061;0
180313;0,011673152;0,949709865;1971,122243;0,029459902;0,338788871;0,177935943;0,021276596;9,73;4,553030303;0,023346304;0,869649805;0,081712062;0,001945525;0
180314;0,015873016;0,947089947;1974,946154;0,031185031;0,261954262;0,142011834;0,01039501;16,93;4,918681319;0,047619048;0,904761905;0,031746032;0;0
180317;0,020833333;0,986111111;1978,67451;0,005988024;0,359281437;0,091836735;0,011976048;2,08;4,874509804;0,013888889;0,9375;0,027777778;0;0
180319;0,006430868;0,954983923;1979,680375;0,021917808;0,390410959;0,107594937;0,010958904;1,93;4,792207792;0,028938907;0,848874598;0,061093248;0,01607717;0
180322;0;0,923664122;1981,34202;0,025;0,252777778;0,128;0,030555556;8,33;4,918566775;0,121212121;0,787878788;0,053030303;0;0
180323;0,01663586;0,940850277;1977,770256;0,037921348;0,242977528;0,13243762;0,04002809;6,266666667;4,67887931;0,06284658;0,794824399;0,094269871;0,020332717;0
180324;0,004672897;0,920560748;1946,367368;0,035598706;0,218446602;0,091324201;0,022653722;16,695;4,867088608;0,03271028;0,901869159;0,046728972;0,004672897;0
180325;0,026809651;0,932975871;1963,294811;0,02402746;0,366132723;0,128888889;0,012585812;8,805;4,6729634;0,050938338;0,90080429;0,016085791;0,002680965;0
180326;0,018691589;0,953271028;1982,421663;0,022429907;0,351401869;0,115384615;0,01682243;11,105;4,820116054;0,093457944;0,785046729;0,08411215;0;0,004672897
180327;0,008797654;0,944281525;1976,036437;0,040770102;0,283125708;0,098305085;0,021517554;7,7;4,881241565;0,041055718;0,897360704;0,017595308;0,014662757;0,002932551
180403;0,05815832;0,729991916;1968,905003;0,048895434;0,191752577;0,178497588;0,053608247;13,09;4,32046332;0,225363489;0,611470113;0,026655897;0,074313409;0,001615509
180404;0,098876404;0,824719101;1962,671598;0,035660091;0,169195751;0,152219873;0,020485584;16,63;4,863905325;0,164044944;0,730337079;0,024719101;0,031460674;0
180405;0,003787879;0,856060606;1960,755935;0,031654676;0,312230216;0,218543046;0,014388489;23,48;4,257443082;0,060606061;0,863636364;0,015151515;0,022727273;0
180406;0,007518797;0,834586466;1974,483871;0,038406828;0,266002845;0,196153846;0,022759602;15,04;4,300438596;0,127819549;0,808270677;0,026315789;0,015037594;0,003759398
180408;0,01986755;0,834437086;1982,237885;0,017156863;0,254901961;0,157534247;0,039215686;10,6;4,894273128;0,132450331;0,801324503;0,006622517;0;0
180409;0,030095759;0,818057456;1969,13756;0,035407183;0,242792109;0,177325581;0,02276176;12,72;4,418918919;0,094391245;0,804377565;0,023255814;0,006839945;0
180410;0,016917293;0,763157895;1968,454057;0,035317201;0,228907783;0,219924812;0,020928712;15,98;4,862275449;0,116541353;0,795112782;0,011278195;0,020676692;0
180412;0,032679739;0,764705882;1981,75;0,0294936;0,17640512;0,249630724;0,015025042;15,69;4,587009804;0,10620915;0,794117647;0,027777778;0,02124183;0
180413;0,053929122;0,737654321;1960,731536;0,045595855;0,182901554;0,166180758;0,026943005;16,49;4,692763938;0,126348228;0,771956857;0,024653313;0,016949153;0
180414;0,096539162;0,763205829;1969,737339;0,044034978;0,166770768;0,209160305;0,034353529;11,57;4,428571429;0,158469945;0,698542805;0,019125683;0,021857923;0
180415;0,126213592;0,781553398;1972,035787;0,045088567;0,16747182;0,270788913;0,024154589;16,75;4,775051125;0,148058252;0,747572816;0,024271845;0,009708738;0,002427184
180416;0,006622517;0,947019868;1976,558902;0,019826518;0,356877323;0,152542373;0,019826518;11,26;4,633557047;0,072847682;0,887417219;0,016556291;0,003311258;0
180417;0,060498221;0,754448399;1962,745455;0,053075995;0,172496984;0,199376947;0,026537998;18,15;4,667532468;0,096085409;0,814946619;0,017793594;0;0
180418;0,003937008;0,972440945;1981,284892;0,021848739;0,287394958;0,277777778;0,020168067;20,3075;4,669064748;0,047244094;0,874015748;0,066929134;0;0
180502;0,015075377;0,874371859;1962,402736;0,035541195;0,17447496;0,213166144;0,037156704;16,58;4,531055901;0,135678392;0,763819095;0,045226131;0,035175879;0
180504;0,017804154;0,851632047;1973,239212;0,027837259;0,230192719;0,141057935;0,051391863;9,5;4,477443609;0,207715134;0,551928783;0,133531157;0,026706231;0,002967359
180505;0,036890646;0,73878628;1960,503866;0,031461762;0,225556631;0,183840749;0,041626331;10,01;4,232799246;0,310935441;0,418972332;0,034255599;0,092226614;0
180507;0,025157233;0,899371069;1980,059187;0,032079646;0,276548673;0,09631728;0,032079646;7,23;4,637184116;0,075471698;0,669811321;0,160377358;0,037735849;0,003144654
180508;0,005181347;0,834196891;1984,103306;0,035363458;0,212180747;0,133333333;0,033398821;9,84;4,681818182;0,196891192;0,668393782;0,046632124;0,015544041;0
180509;0,007462687;0,962406015;1963,640756;0,026315789;0,251461988;0,089655172;0,011695906;21,64;3,400943396;0,074626866;0,73880597;0,089552239;0,014925373;0
180510;0,007168459;0,867383513;1972,818798;0,028806584;0,244170096;0,179310345;0,030178326;11,47;3,995708155;0,100358423;0,759856631;0,064516129;0,010752688;0
180511;0,004830918;0,980676329;1969,611524;0,02303263;0,303262956;0,131868132;0,013435701;12,08;4,621973929;0,038647343;0,859903382;0,072463768;0,004830918;0
180516;0,023255814;0,808290155;1946,658455;0,03030303;0,240469208;0,091383812;0,022482893;10,85;4,193732194;0,160206718;0,695090439;0,056847545;0,010335917;0,002583979
180517;0,017452007;0,890052356;1975,957323;0,034813926;0,176470588;0,154155496;0,031212485;13,79;4,282786885;0,108202443;0,72425829;0,095986038;0,010471204;0,001745201
180519;0,012987013;0,753246753;1961,490964;0,034482759;0,21182266;0,247058824;0,044334975;16,88;3,983193277;0,220779221;0,493506494;0,012987013;0,012987013;0
180520;0,02507837;0,808777429;1976,266033;0,033842795;0,141921397;0,237837838;0,041484716;9,09;4,5625;0,282131661;0,539184953;0,037617555;0,031347962;0
180523;0,006711409;0,825503356;1976,160142;0,019753086;0,259259259;0,12;0,02962963;6,71;3,934065934;0,154362416;0,751677852;0,060402685;0;0
180524;0,027027027;0,88030888;1973,455556;0,025485437;0,287621359;0,160606061;0,063106796;9,27;4,166246851;0,189189189;0,640926641;0,088803089;0,038610039;0
180525;0,051655629;0,752816435;1971,783607;0,042983462;0,174144424;0,128516086;0,14188636;6,945;4,501342282;0,530905077;0,254966887;0,048565121;0,117660044;0,002428256
180526;0,010714286;0,935714286;1971,751397;0,02407932;0,281869688;0,14453125;0,050991501;10,16;4,530935252;0,121428571;0,707142857;0,089285714;0,032142857;0
180527;0,015345269;0,87403599;1971,126582;0,024276377;0,219421102;0,142493639;0,042016807;6,903333333;3,87994723;0,132992327;0,734015345;0,076726343;0,007672634;0,002557545
180528;0,050890585;0,867684478;1971,575643;0,029836381;0,207892204;0,224400871;0,03946102;7,63;4,351014041;0,132315522;0,659033079;0,081424936;0,055979644;0,005089059
180601;0,026548673;0,884955752;1968,597468;0,030195382;0,293072824;0,126213592;0,026642984;9,73;4,536649215;0,048672566;0,853982301;0,053097345;0,026548673;0
180602;0,097264438;0,917933131;1982,167496;0,031487514;0,252985885;0,163212435;0,051031488;5,17;4,510887772;0,100303951;0,790273556;0,079027356;0,006079027;0,003039514
180605;0,050991501;0,883852691;1963,128895;0,021493213;0,319004525;0,150442478;0,04638009;4,82;4,477987421;0,067988669;0,764872521;0,138810198;0,002832861;0
180606;0,032085561;0,903485255;1959,798797;0,030487805;0,25203252;0,185082873;0,028455285;7,49;4,670553936;0,077540107;0,807486631;0,088235294;0,005347594;0
180607;0,068311195;0,893536122;1976,983108;0,026045236;0,246058944;0,134556575;0,034955449;7,21;4,673232908;0,072106262;0,819734345;0,089184061;0,001897533;0,001897533
180608;0,06185567;0,958762887;1972,617424;0,031128405;0,451361868;0,174603175;0,023346304;7,22;4,322580645;0,092783505;0,701030928;0,18556701;0;0,010309278
180614;0,07804878;0,863414634;1975,296296;0,040590406;0,20295203;0,1015625;0,057195572;4,88;4,544342508;0,102439024;0,741463415;0,12195122;0,004878049;0,004878049
180616;0,042553191;0,946808511;1933,173333;0,048076923;0,418269231;0,136363636;0,024038462;10,64;4,4;0,031914894;0,936170213;0,021276596;0;0
180619;0,098591549;0,754707113;1977,164684;0,043336216;0,198520227;0,137594138;0,095320457;4,08;4,637310392;0,24256651;0,528169014;0,108242045;0,089723526;0,002347418
180620;0,046931408;0,898916968;1948,443694;0,020698577;0,228978008;0,082437276;0,033635188;5,26;4,866972477;0,025270758;0,859205776;0,061371841;0,007220217;0
180621;0,078066914;0,901119403;1958,626227;0,035360679;0,306930693;0,119341564;0,026166902;6,695;4,384686347;0,068773234;0,832713755;0,083643123;0,003717472;0
180622;0,047058824;0,885714286;1965,410728;0,036103542;0,309945504;0,168831169;0,032016349;6,886666667;4,330592105;0,065546218;0,840336134;0,070588235;0,006722689;0
180702;0,002645503;0,936507937;1981,115325;0,029223744;0,233789954;0,062801932;0,051141553;6,08;4,554179567;0,034391534;0,894179894;0,066137566;0,005291005;0
180703;0,016064257;0,917012448;1975,448113;0,040059347;0,206231454;0,176245211;0,057863501;8,84;4,442857143;0,072289157;0,746987952;0,124497992;0,024096386;0
180705;0;0,902777778;1981,818182;0,039800995;0,228855721;0,197183099;0,024875622;12,5;4,651515152;0,083333333;0,861111111;0,027777778;0,013888889;0
180706;0,025862069;0,905172414;1970,068027;0,017857143;0,285714286;0,076923077;0,025;5,17;4,268707483;0,043103448;0,879310345;0,060344828;0,017241379;0
180707;0,044554455;0,910891089;1967,258299;0,037475345;0,295857988;0,165680473;0,041420118;9,9;4,648305085;0,103960396;0,821782178;0,074257426;0;0
180708;0,107843137;0,960784314;1956,331395;0,020408163;0,342857143;0,098360656;0,020408163;5,88;4,477178423;0,098039216;0,696078431;0,12745098;0;0
180709;0,051150895;0,900255754;1979,004493;0,032286996;0,239461883;0,049327354;0,052914798;5,88;4,503259452;0,127877238;0,708439898;0,092071611;0,051150895;0,002557545
180710;0,03685259;0,688247012;1981,679439;0,060249307;0,13434903;0,113235294;0,105609418;7,77;4,769662921;0,320717131;0,448207171;0,119521912;0,085657371;0,002988048
180713;0,013986014;0,965034965;1981,92029;0,034985423;0,256559767;0,050420168;0,029154519;1,4;4,496376812;0,06993007;0,783216783;0,111888112;0,020979021;0
180716;0;0,966942149;1966,859589;0,026622296;0,31281198;0,075757576;0,046589018;1,65;4,45990566;0,05785124;0,776859504;0,157024793;0,008264463;0
180717;0,014705882;0,897058824;1962,405405;0,030864198;0,302469136;0,025641026;0,024691358;8,82;4,716216216;0,073529412;0,764705882;0,161764706;0;0
180719;0,01025641;0,928205128;1972,214286;0,031716418;0,298507463;0,10952381;0,014925373;8,21;4,406818182;0,107692308;0,820512821;0,061538462;0;0
180720;0,013605442;0,863945578;1979,806507;0,028795812;0,267015707;0,101851852;0,023560209;9,52;3,739285714;0,074829932;0,80952381;0,047619048;0,034013605;0,006802721
180721;0,020408163;0,886597938;1968,462633;0,033898305;0,36440678;0,089285714;0,046610169;7,165;3,873605948;0,040816327;0,908163265;0,030612245;0,010204082;0
180722;0,005347594;0,951871658;1964,954965;0,025700935;0,36682243;0,130434783;0,035046729;6,326666667;4,639534884;0,048128342;0,882352941;0,058823529;0,005347594;0
180723;0,00456621;0,940639269;1966,932605;0,02504817;0,341040462;0,063380282;0,038535645;6,495;4,202925046;0,054794521;0,863013699;0,063926941;0,00456621;0,00456621
180802;0,017699115;0,89380531;1980,960591;0,01650165;0,306930693;0,067226891;0,03960396;3,54;4,497326203;0,044247788;0,849557522;0,088495575;0;0
180804;0,022271715;0,93986637;1973,34097;0,028054299;0,305882353;0,093023256;0,036199095;3,79;4,940700809;0,031180401;0,91091314;0,04454343;0;0
180805;0,034285714;0,925714286;1971,25387;0,02584493;0,35387674;0,054421769;0,045725646;6,29;4,650154799;0,045714286;0,794285714;0,102857143;0;0
180807;0,03626943;0,943005181;1967,160428;0,023622047;0,257874016;0,047619048;0,027559055;4,4;4,741697417;0,028497409;0,867875648;0,054404145;0,005181347;0
180808;0,040380048;0,917857143;1977,945686;0,032886196;0,27260926;0,094224924;0,056685418;2,97;4,67309175;0,087885986;0,752969121;0,117577197;0,007125891;0,001187648
180809;0,031847134;0,949044586;1972,27881;0,026525199;0,318302387;0,116788321;0,031830239;1,91;4,462686567;0,057324841;0,859872611;0,050955414;0;0,006369427
180811;0,063339731;0,827564103;1979,015144;0,038076152;0,264028056;0,085394582;0,085420842;3,405;4,732327992;0,138195777;0,669225848;0,119001919;0,047984645;0
180901;0,109848485;0,849242424;1973,39294;0,041037333;0,233969792;0,130154639;0,085494443;5,38;4,487485101;0,143181818;0,720454545;0,076515152;0,032575758;0,002272727
180903;0,066027088;0,766419189;1978,039466;0,050404083;0,19523607;0,108878505;0,097618035;5,98;4,74017094;0,227426637;0,568284424;0,071670429;0,097065463;0,001693002
180905;0,028384279;0,936681223;1962,500598;0,032871972;0,275951557;0,085427136;0,030276817;6,11;4,578085642;0,028384279;0,80349345;0,135371179;0,008733624;0
180906;0,046822742;0,919732441;1970,739645;0,040268456;0,280536913;0,129692833;0,02147651;7,36;4,556435644;0,02006689;0,846153846;0,08361204;0,010033445;0
180908;0,069090909;0,938181818;1980,681931;0,035714286;0,314814815;0,18;0,041005291;4,73;4,55361596;0,054545455;0,843636364;0,087272727;0;0
180910;0,042692939;0,962233169;1973,635406;0,039164491;0,29308094;0,125;0,028067885;4,385;4,375639713;0,041050903;0,816091954;0,105090312;0,016420361;0,001642036
180911;0,050473186;0,91955836;1961,630878;0,029932804;0,296273671;0,114180479;0,047648137;7,285;4,453477868;0,063091483;0,744479495;0,072555205;0,097791798;0
181002;0,019313305;0,957081545;1964,052067;0,035923754;0,255865103;0,068907563;0,024926686;6,44;4,472222222;0,042918455;0,896995708;0,045064378;0,002145923;0
181005;0,029213483;0,849438202;1979,765385;0,040720439;0,217697729;0,081803005;0,054815975;9,44;4,734883721;0,112359551;0,815730337;0,042696629;0,006741573;0
181007;0,03601108;0,916897507;1964,753968;0,027695351;0,238377844;0,075829384;0,037586548;6,09;4,826984127;0,063711911;0,872576177;0,033240997;0,005540166;0
181008;0,045918367;0,974489796;1975,081169;0,019083969;0,29389313;0,093406593;0,013358779;6,63;4,285714286;0,010204082;0,918367347;0,06122449;0;0
181009;0,02661597;0,908745247;1960,090206;0,034391534;0,19973545;0,132596685;0,03968254;7,98;4,510471204;0,076045627;0,817490494;0,076045627;0;0
181013;0,007662835;0,957854406;1972,888143;0,025069638;0,299442897;0,108843537;0,034818942;8,415;4,570786517;0,019157088;0,911877395;0,057471264;0,003831418;0
181014;0,021276596;0,89787234;1979,525126;0,021802326;0,257267442;0,086378738;0,033430233;5,96;4,248081841;0,029787234;0,936170213;0,025531915;0;0
181015;0,037172012;0,792549306;1979,346208;0,059393321;0,152689268;0,084679393;0,094825389;7,776666667;4,564967696;0,268950437;0,624635569;0,058309038;0,023323615;0
181102;0,019886364;0,9375;1972,845659;0,021881838;0,378555799;0,150537634;0,019693654;4,83;4,841680129;0,022727273;0,926136364;0,042613636;0;0
181103;0,02994012;0,856287425;1985,743464;0,03117506;0,278177458;0,078313253;0,045563549;4,19;4,803921569;0,05988024;0,820359281;0,083832335;0,011976048;0
181104;0,054794521;0,97260274;1969,60728;0,046838407;0,271662763;0,147435897;0,030444965;8,22;4,437984496;0,075342466;0,780821918;0,123287671;0,006849315;0
181105;0,082446809;0,817819149;1981,474253;0,042542787;0,256234719;0,116537181;0,074816626;5,45;4,662190083;0,127659574;0,64893617;0,156914894;0,039893617;0
181106;0,037974684;0,936708861;1970,677019;0,037037037;0,343915344;0,210526316;0,026455026;2,53;4,735849057;0,037974684;0,848101266;0,088607595;0;0
181109;0,028368794;0,916073969;1975,506906;0,032881002;0,227035491;0,112162162;0,032881002;12,34;4,801526718;0,035460993;0,903546099;0,039716312;0,004255319;0,00141844
181110;0,046728972;0,962616822;1967,559659;0,034220532;0,326996198;0,131313131;0,02661597;6,54;4,625766871;0,074766355;0,757009346;0,14953271;0;0
181111;0,025089606;0,910394265;1977,39646;0,033057851;0,290633609;0,161616162;0,033057851;10,75;4,375886525;0,014336918;0,874551971;0,103942652;0;0,003584229
181112;0,048543689;0,951456311;1962,616129;0,029739777;0,26394052;0,121212121;0,011152416;2,91;4,666666667;0,038834951;0,932038835;0,019417476;0;0
181114;0,005154639;0,943298969;1963,126243;0,021141649;0,389006342;0,1375;0,033826638;4,31;4,511022044;0,036082474;0,809278351;0,154639175;0;0
181115;0,012987013;0,954545455;1971,134969;0,012618297;0,463722397;0,077922078;0,018927445;1,455;4,811258278;0,019480519;0,837662338;0,116883117;0,006493506;0
181202;0,023622047;0,874015748;1978,998462;0,028037383;0,38317757;0,048076923;0,062305296;7,87;4,849230769;0,031496063;0,897637795;0,05511811;0,007874016;0
181203;0,014285714;0,957142857;1971,814024;0,01242236;0,329192547;0,075471698;0,049689441;2,86;4,27607362;0;0,785714286;0,171428571;0,028571429;0
181207;0,00729927;0,912408759;1953,14006;0,005665722;0,396600567;0,092592593;0,02266289;6,57;4,805471125;0,065693431;0,795620438;0,124087591;0;0
181208;0,029411765;0,867647059;1973,362816;0,036923077;0,270769231;0,072072072;0,021538462;8,09;4,935018051;0,007352941;0,875;0,102941176;0,014705882;0
181209;0;0,9609375;1961,826336;0,031545741;0,264984227;0,084745763;0,063091483;10,16;4,586206897;0;0,8984375;0,0625;0,0078125;0
181210;0,013245033;0,900662252;1974,913366;0,01875;0,36875;0,1125;0,040625;6,14;4,692307692;0,052980132;0,821192053;0,105960265;0;0
181211;0,014251781;0,874109264;1981,705846;0,038095238;0,206926407;0,098989899;0,07012987;7,51;4,400249377;0,054631829;0,755344418;0,168646081;0,019002375;0
181302;0,034482759;0,896551724;1972,546429;0,02688172;0,284946237;0,07239819;0,036290323;11,72;4,594594595;0,093103448;0,665517241;0,068965517;0,027586207;0
181303;0,010273973;0,811643836;1978,075758;0,050351288;0,168618267;0,093385214;0,023419204;15,41;4,504329004;0,085616438;0,773972603;0,034246575;0,023972603;0
181310;0,004784689;0,932692308;1978,367521;0,026515152;0,306818182;0,159722222;0,013257576;14,35;4,513043478;0,081339713;0,813397129;0,014354067;0,014354067;0
181311;0,027698185;0,778202677;1981,297864;0,049589387;0,168982944;0,13123561;0,064750474;10,51;4,457784663;0,230181471;0,498567335;0,070678128;0,067812798;0,00095511
181312;0,007117438;0,946619217;1978,33134;0,016861219;0,238651102;0,155963303;0,018158236;14,23;4,662679426;0,078291815;0,839857651;0,010676157;0,021352313;0
181313;0,015748031;0,921259843;1963,671329;0,032857143;0,222857143;0,082125604;0,022857143;12,99;4,624413146;0,043307087;0,799212598;0,043307087;0,051181102;0,003937008
181314;0,014010508;0,872154116;1974,394231;0,028093645;0,233444816;0,124293785;0,028093645;9,28;4,361593463;0,105078809;0,626970228;0,085814361;0,024518389;0
181316;0,021359223;0,79223301;1964,617647;0,044867437;0,188307274;0,156976744;0,031951054;11,335;4,615049073;0,174757282;0,621359223;0,058252427;0,052427184;0,001941748
181317;0,006944444;0,902777778;1962,633824;0,036697248;0,25;0,138157895;0,038990826;15,015;4,128742515;0,0625;0,868055556;0,027777778;0,013888889;0
181318;0,010452962;0,790940767;1955,861213;0,05443038;0,218987342;0,194029851;0,015189873;13,395;4,15370019;0,153310105;0,797909408;0,006968641;0,013937282;0
181319;0;0,918604651;1953,785714;0,041564792;0,337408313;0,086956522;0,017114914;25,6;4,754464286;0,063953488;0,540697674;0,046511628;0,011627907;0
181403;0,117647059;0,93837535;1976,794017;0,033084312;0,266808965;0,13164557;0,04909285;3,64;4,659130435;0,106442577;0,669467787;0,148459384;0,036414566;0,00280112
181405;0,078239609;0,924205379;1975,659164;0,029767442;0,273488372;0,080952381;0,042790698;4,65;4,446428571;0,041564792;0,858190709;0,080684597;0,002444988;0,002444988
181406;0,050139276;0,890909091;1969,221006;0,037132543;0,285198556;0,136966127;0,030428056;7,38;4,750406504;0,096100279;0,799442897;0,068245125;0,011142061;0,001392758
181410;0,05984252;0,890995261;1972,337551;0,032317073;0,279878049;0,13024602;0,040853659;6,3;4,644602851;0,133858268;0,759055118;0,064566929;0,018897638;0,003149606
181411;0,143695015;0,807038123;1977,156828;0,048337708;0,218285214;0,109750353;0,099956255;4,555;4,567351027;0,208211144;0,633431085;0,063929619;0,070967742;0,003519062
181412;0,082311734;0,901754386;1973,561569;0,033472803;0,278242678;0,143646409;0,027894003;5,545;4,54805726;0,077057793;0,854640981;0,042031524;0,001751313;0
181501;0,005586592;0,955307263;1973,952962;0,027334852;0,261958998;0,055900621;0,013667426;10,06;4,60915493;0,05027933;0,877094972;0,055865922;0,011173184;0
181502;0,058455115;0,782881002;1959,016052;0,046367852;0,238794436;0,091932458;0,032457496;10,23;4,561811506;0,183716075;0,599164927;0,139874739;0,056367432;0
181504;0,052941176;0,947058824;1973,478182;0,02173913;0,246376812;0,147727273;0,004830918;12,35;4,412408759;0,111764706;0,8;0,029411765;0,023529412;0
181505;0,016736402;0,891213389;1957,766949;0,036565978;0,224165342;0,084615385;0,028616852;4,18;4,340659341;0,046025105;0,790794979;0,150627615;0,0041841;0,008368201
181507;0,030612245;0,912820513;1969,02027;0,021645022;0,303030303;0,094202899;0,025974026;3,57;4,490909091;0,015306122;0,841836735;0,137755102;0,005102041;0
181509;0,040229885;0,942528736;1970,569971;0,034858388;0,202614379;0,05;0,043572985;4,6;4,625827815;0,051724138;0,844827586;0,08045977;0,011494253;0
181511;0,016304348;0,972826087;1984,657328;0,023809524;0,292207792;0,044871795;0,021645022;7,61;4,377969762;0,02173913;0,89673913;0,070652174;0;0,005434783
181512;0,011111111;0,744444444;1981,508152;0,030837004;0,220264317;0,029850746;0,013215859;5,56;4,735955056;0;0,877777778;0,088888889;0,011111111;0
181515;0,043583535;0,773333333;1979,282099;0,048319328;0,154201681;0,117491166;0,062605042;9,025;4,609708738;0,220338983;0,573849879;0,093220339;0,082324455;0,001210654
181516;0,029090909;0,898181818;1974,430108;0,030172414;0,340517241;0,094420601;0,021551724;8,885;4,341113106;0,072727273;0,836363636;0,061818182;0,003636364;0,007272727
181517;0,028409091;0,931818182;1976,425656;0,026699029;0,310679612;0,058394161;0,02184466;9,26;4,539358601;0,022727273;0,823863636;0,130681818;0,005681818;0,005681818
181602;0,027173913;0,885869565;1972,358621;0,034734918;0,193784278;0,126530612;0,056672761;6,52;4,517482517;0,14673913;0,733695652;0,092391304;0,016304348;0
181606;0,010273973;0,965753425;1982,102881;0,035539216;0,25;0,214521452;0,030637255;5,48;4,458677686;0,058219178;0,883561644;0,047945205;0;0
181607;0;0,961206897;1952,98545;0,020092736;0,302936631;0,030888031;0,030911901;10,78;4,587301587;0,021551724;0,935344828;0,038793103;0;0
181608;0,00729927;0,912408759;1980,736559;0,025796662;0,305007587;0,092485549;0,02276176;4,74;4,356989247;0,065693431;0,791970803;0,102189781;0,018248175;0,003649635
181609;0,013377926;0,962962963;1978,230858;0,028314028;0,27027027;0,130136986;0,036036036;5,35;4,477434679;0,093645485;0,769230769;0,056856187;0,02006689;0,003344482
181612;0;0,884353741;1989,875;0,033333333;0,287179487;0,09929078;0,033333333;2,04;4,044247788;0,102040816;0,741496599;0,095238095;0,020408163;0
181615;0,018567639;0,941644562;1976,299265;0,033966034;0,293706294;0,076719577;0,038961039;6,1;4,366111952;0,090185676;0,790450928;0,061007958;0,00795756;0
181616;0,016494845;0,94214876;1971,024492;0,020183486;0,40733945;0,151315789;0,021100917;7,84;4,351012536;0,070103093;0,81443299;0,041237113;0,018556701;0
181617;0,015873016;0,904761905;1969,368631;0,022360248;0,300621118;0,111913357;0,049689441;8,89;4,442675159;0,041269841;0,898412698;0,047619048;0,003174603;0
181619;0,032738095;0,913690476;1973,872531;0,03014553;0,265072765;0,110795455;0,023908524;8,63;4,336466165;0,089285714;0,75297619;0,071428571;0,020833333;0
181620;0,015;0,936241611;1968,554905;0,039253539;0,272200772;0,104761905;0,037323037;4,56;4,10296846;0,113333333;0,771666667;0,061666667;0,013333333;0
181621;0,035460993;0,872113677;1972,697983;0,043882979;0,24268617;0,080123267;0,041223404;7,93;4,130718954;0,15070922;0,725177305;0,060283688;0,028368794;0
181622;0;0,975757576;1959,515748;0,013477089;0,520215633;0,023809524;0,010781671;7,395;4,647637795;0,03030303;0,909090909;0,018181818;0,018181818;0
181623;0,041148325;0,752873563;1975,173493;0,040851955;0,21002095;0,114735658;0,092353352;10,73666667;4,502030869;0,279904306;0,501913876;0,10861244;0,057894737;0,002392344
181702;0,013793103;0,95862069;1978,053506;0,030245747;0,417769376;0,12345679;0,030245747;3,45;4,634686347;0,068965517;0,84137931;0,075862069;0,006896552;0
181704;0,020242915;0,959349593;1977,056232;0,025162338;0,301136364;0,139908257;0,036525974;4,35;4,757134537;0,031376518;0,815789474;0,097165992;0,005060729;0,001012146
181706;0,021428571;0,938271605;1971,223702;0,04601479;0,204601479;0,087234043;0,059161873;11,67;4,635488308;0,061904762;0,795238095;0,10952381;0,004761905;0
181707;0,031662269;0,931398417;1981,678191;0,024416136;0,363057325;0,081560284;0,041401274;4,22;3,906555091;0,063324538;0,802110818;0,105540897;0,023746702;0
181709;0,013274336;0,935840708;1977,193376;0,035232384;0,195652174;0,171232877;0,035982009;6,86;4,60385439;0,039823009;0,869469027;0,053097345;0,004424779;0,004424779
181710;0,038211968;0,82408075;1982,367695;0,057149988;0,150985775;0,109301104;0,099575742;4,25;4,794871795;0,126171593;0,684931507;0,138428262;0,028839221;0,001441961
181711;0,038251366;0,967032967;1985,504662;0,015384615;0,323076923;0,128571429;0,032967033;5,46;3,900943396;0,049180328;0,846994536;0,087431694;0,005464481;0
181713;0,009433962;0,990566038;1974,445122;0,025316456;0,333333333;0,151898734;0,037974684;4,4;4,575510204;0,066037736;0,849056604;0,08490566;0;0
181714;0,01417004;0,949392713;1978,031378;0,018268467;0,332009531;0,1325;0,034154091;3,643333333;4,543823326;0,044534413;0,870445344;0,08097166;0,002024291;0
181801;0,024096386;0,939759036;1954,573059;0,027272727;0,304545455;0,111111111;0,022727273;10,84;4,83490566;0,048192771;0,831325301;0,108433735;0;0
181802;0,056818182;0,977272727;1976,184755;0,027989822;0,371501272;0,20952381;0,020356234;4,55;4,056497175;0,022727273;0,886363636;0,073863636;0;0
181803;0,009345794;0,981308411;1983,635556;0,027559055;0,25984252;0,180327869;0,003937008;6,54;4,386666667;0;0,831775701;0,158878505;0;0
181804;0,008695652;0,955357143;1974,774074;0,029032258;0,251612903;0,069565217;0,025806452;5,22;4,769811321;0,026086957;0,87826087;0,069565217;0,026086957;0
181806;0,0125;0,8375;1971,789286;0,048309179;0,29468599;0,095890411;0,057971014;8,75;4,474074074;0,1;0,7625;0,125;0;0,0125
181810;0,017857143;0,955357143;1983,465438;0,022058824;0,235294118;0,135802469;0,011029412;8,93;4,535545024;0;0,9375;0,0625;0;0
181811;0,013888889;0,972222222;1980,883929;0,033519553;0,407821229;0,192982456;0,044692737;4,17;4,75;0,027777778;0,875;0,083333333;0;0
181814;0;0,87755102;1980,599448;0,023809524;0,323129252;0,058333333;0,013605442;7,14;4,305555556;0,020408163;0,908163265;0,051020408;0,020408163;0
181817;0,039106145;0,916201117;1961,341935;0,034042553;0,195744681;0,106145251;0,027659574;7,26;4,095709571;0,055865922;0,737430168;0,173184358;0,011173184;0,005586592
181818;0,020491803;0,954918033;1980,13449;0,022375215;0,271944923;0,081712062;0,04130809;3,455;4,860566449;0,020491803;0,864754098;0,102459016;0;0
181819;0,005952381;0,976190476;1969,254545;0,034313725;0,362745098;0,191780822;0,036764706;6,25;4,063400576;0,029761905;0,922619048;0,041666667;0,005952381;0
181820;0,006711409;0,906040268;1969,994269;0,032432432;0,27027027;0,184;0,051351351;5,61;4,526946108;0,046979866;0,771812081;0,161073826;0,013422819;0
181821;0,020933977;0,858064516;1978,848095;0,040863981;0,218914186;0,089903181;0,056625803;4,25;4,456862745;0,072463768;0,811594203;0,103059581;0,011272142;0
181901;0,094594595;0,858108108;1958,750923;0,040302267;0,277078086;0,181034483;0,01511335;10,81;4,600806452;0,162162162;0,709459459;0,087837838;0,013513514;0
181902;0;0,911111111;1971,753425;0,038626609;0,283261803;0,169014085;0,017167382;6,67;4,344186047;0;0,777777778;0,211111111;0;0
181904;0,03649635;0,905109489;1961,456587;0,049350649;0,187012987;0,025316456;0,012987013;5,84;4,314199396;0,02189781;0,861313869;0,094890511;0,00729927;0
181905;0,039473684;0,868421053;1964,040179;0,022857143;0,245714286;0,044117647;0,022857143;10,53;4,54954955;0,092105263;0,736842105;0,013157895;0,092105263;0
181906;0,012345679;0,790123457;1966,748603;0,028037383;0,242990654;0,181818182;0,023364486;9,88;4,271186441;0,172839506;0,777777778;0,024691358;0;0
181908;0,020689655;0,931034483;1971,389085;0,024324324;0,272972973;0,07079646;0,037837838;6,9;4,588028169;0,110344828;0,75862069;0,089655172;0,006896552;0
181913;0,028368794;0,936170213;1975,848513;0,009929078;0,35177305;0,166666667;0,028368794;3,55;4,481624758;0,042553191;0,907801418;0,031914894;0,003546099;0
181914;0,148425787;0,740573152;1977,771277;0,042648709;0,181257015;0,115523466;0,076318743;6,15;4,846883469;0,370314843;0,328335832;0,125937031;0,139430285;0
181917;0,09352518;0,833333333;1977,252232;0,022038567;0,201101928;0,082758621;0,022038567;13,67;4,196261682;0,136690647;0,625899281;0,079136691;0,071942446;0
181918;0,038461538;0,903846154;1975,889571;0,029577465;0,274647887;0,174074074;0,029577465;11,5;4,345211581;0,061538462;0,796153846;0,084615385;0,015384615;0
181919;0,037974684;0,860759494;1982,836111;0,027777778;0,288888889;0,035087719;0,022222222;4,08;4,123595506;0,037974684;0,924050633;0,037974684;0;0
181920;0,0078125;0,9765625;1974,091071;0,030864198;0,237654321;0,165217391;0,009259259;5,885;4,608856089;0,0234375;0,875;0,09375;0,0078125;0
181921;0,045454545;0,787878788;1979,405444;0,046875;0,20703125;0,112359551;0,0234375;10,575;4,613569322;0,080808081;0,772727273;0,055555556;0,035353535;0
182004;0,032490975;0,898916968;1978,036717;0,039440204;0,180661578;0,06744868;0,050890585;8,66;4,580046404;0,083032491;0,678700361;0,202166065;0,018050542;0
182005;0,01384083;0,968858131;1970,569948;0,037809648;0,209908735;0,076923077;0,015645372;9;4,094567404;0,100346021;0,802768166;0,055363322;0,003460208;0
182006;0,004310345;0,974137931;1957,451654;0,0330033;0,252475248;0,118226601;0,00330033;10,78;4,217008798;0,047413793;0,831896552;0,068965517;0,004310345;0
182009;0,007751938;0,906976744;1978,463808;0,01532567;0,501915709;0,140625;0,007662835;7,75;4,091954023;0,046511628;0,92248062;0,007751938;0,007751938;0
182011;0,012578616;0,949685535;1976,309375;0,028151775;0,238678091;0,147058824;0,020807834;8,325;4,441747573;0,075471698;0,773584906;0,088050314;0,028301887;0
182012;0;0,900452489;1952,148282;0,038869258;0,238515901;0,090909091;0,030035336;7,35;4,554327808;0,058823529;0,814479638;0,076923077;0,004524887;0
182013;0,024406332;0,84762533;1969,016766;0,055830389;0,150530035;0,12911796;0,064782097;6,455;4,511996161;0,275725594;0,503957784;0,098944591;0,073218997;0,003298153
182102;0,041441441;0,87027027;1973,054676;0,045454545;0,223202171;0,122356495;0,053595658;7,39;4,731671554;0,12972973;0,740540541;0,054054054;0,054054054;0,003603604
182103;0,083459788;0,934650456;1971,099078;0,026578073;0,281838317;0,115231788;0,052048726;5,77;4,697761194;0,107738998;0,779969651;0,081942337;0,013657056;0
182105;0,033333333;0,898333333;1963,081418;0,027237354;0,319066148;0,134020619;0,038261997;4,83;4,654475457;0,065;0,828333333;0,075;0,01;0
182106;0,061290323;0,961290323;1981,355533;0,031969309;0,274936061;0,108761329;0,024296675;3,87;4,634297521;0,061290323;0,864516129;0,05483871;0;0,003225806
182107;0,038461538;0,901098901;1955,327744;0,027210884;0,333333333;0,105633803;0,022675737;2,75;4,685185185;0,071428571;0,71978022;0,203296703;0,005494505;0
182108;0,02826087;0,832608696;1969,90268;0,022818792;0,326845638;0,075376884;0,053020134;8,04;4,636492221;0,141304348;0,695652174;0,095652174;0,045652174;0
182109;0,067204301;0,948855989;1972,006472;0,028350515;0,320103093;0,107309487;0,041752577;5,65;4,560162602;0,041666667;0,823924731;0,114247312;0,001344086;0,001344086
182110;0,079365079;0,920454545;1970,839937;0,025800712;0,278469751;0,119565217;0,056939502;5,9;4,705787781;0,06122449;0,825396825;0,079365079;0,009070295;0,002267574
182111;0,0859375;0,8984375;1973,964888;0,028132992;0,251918159;0,121782178;0,076300085;4,24;4,712446352;0,060267857;0,8046875;0,090401786;0,021205357;0,001116071
182116;0,059859155;0,897887324;1980,558366;0,021220159;0,289124668;0,099644128;0,057029178;6,34;4,904669261;0,049295775;0,792253521;0,14084507;0,007042254;0,003521127
182118;0,030674847;0,923868313;1972,934915;0,023290759;0,247182569;0,102941176;0,034560481;7,77;4,599496222;0,036809816;0,867075665;0,061349693;0,008179959;0
182122;0,063157895;0,918421053;1972,224876;0,032520325;0,257113821;0,124031008;0,069105691;7,37;4,737430168;0,107894737;0,747368421;0,081578947;0,044736842;0,002631579
182127;0,02862254;0,95706619;1970,758393;0,025554808;0,3066577;0,094812165;0,025554808;4,155;4,651162791;0,082289803;0,817531306;0,069767442;0,003577818;0,001788909
182128;0,06504065;0,972899729;1969,084371;0,032943677;0,283740701;0,109289617;0,037194474;6,22;4,529239766;0,040650407;0,913279133;0,027100271;0,002710027;0
182129;0,08566108;0,918063315;1974,181081;0,038404727;0,282865583;0,120629371;0,029542097;6,595;4,652173913;0,087523277;0,793296089;0,08566108;0,00744879;0,005586592
182130;0,011961722;0,971291866;1973,430163;0,019462465;0,288229842;0,100208768;0,02502317;9,215;3,838449111;0,023923445;0,956937799;0,011961722;0;0
182131;0,035185185;0,940740741;1972,060452;0,030178326;0,294238683;0,129893238;0,050068587;8,47;4,566513761;0,05;0,844444444;0,090740741;0,001851852;0,001851852
182132;0,119023398;0,766531027;1973,630245;0,044249513;0,216179337;0,098221504;0,10662768;7,995;4,709500275;0,278738555;0,468463886;0,062563581;0,160732452;0,000508647
182133;0,057996485;0,915492958;1973,794253;0,04045853;0,281186784;0,087947883;0,057316251;4,265;4,767251462;0,082601054;0,83831283;0,063268893;0,003514938;0
182203;0;0,915422886;1961,53726;0,034798535;0,250915751;0,054054054;0,014652015;18,91;4,903846154;0,064676617;0,900497512;0,034825871;0;0
182204;0,028571429;0,959183673;1970,525413;0,015652174;0,429565217;0,087719298;0,071304348;1,63;4,922391858;0,053061224;0,710204082;0,191836735;0,008163265;0
182205;0,00591716;0,955621302;1979,194126;0,039215686;0,252723312;0,15282392;0,021786492;7,69;4,856733524;0,017751479;0,911242604;0,065088757;0;0
182206;0,014962594;0,932668329;1978,245953;0,042380523;0,247069432;0,193154034;0,023444545;10,47;4,531755915;0,027431421;0,877805486;0,059850374;0,004987531;0
182208;0,017264276;0,784860558;1979,46547;0,037968442;0,236686391;0,124851367;0,080374753;4,57;4,808304498;0,136786189;0,66002656;0,152722444;0,034528552;0
182301;0,105074821;0,739102147;1984,567906;0,055744232;0,1395948;0,125615186;0,141234337;5,79;4,74884308;0,323357189;0,405335068;0,135328562;0,100845804;0,000650618
182304;0,025547445;0,899543379;1980,138817;0,036101083;0,226124056;0,14052795;0,042008533;7,12;4,674628793;0,116788321;0,696167883;0,135948905;0,005474453;0,000912409
182305;0,01981982;0,935135135;1979,060916;0,019741321;0,293396869;0,136082474;0,042205582;5,05;4,619373777;0,030630631;0,846846847;0,081081081;0,005405405;0
182306;0,083990981;0,847065463;1986,218653;0,054726368;0,156616915;0,135607676;0,104477612;5,92;4,67475292;0,175873732;0,573844419;0,182638106;0,046786922;0,003382187
182307;0,052742616;0,924050633;1979,499351;0,022997033;0,216617211;0,147208122;0,06305638;7,38;4,859922179;0,078059072;0,767932489;0,122362869;0,004219409;0,004219409
182310;0,007978723;0,973404255;1970,741587;0,016427105;0,411704312;0,155462185;0,026694045;2,39;4,841978287;0,010638298;0,904255319;0,069148936;0;0
182315;0,080131723;0,812294182;1981,702483;0,046957175;0,143876784;0,083717358;0,116453794;7,46;4,50671785;0,126234907;0,630076839;0,192096597;0,027442371;0,005488474
182316;0,021148036;0,930513595;1980,254537;0,022892239;0,308207705;0,158069884;0,050251256;4,68;4,83911368;0,063444109;0,776435045;0,135951662;0,004531722;0
182317;0,054283291;0,91588785;1978,360582;0,030769231;0,267076923;0,116719243;0,045230769;8,23;4,712526767;0,078880407;0,79389313;0,102629347;0,007633588;0
182318;0,097205346;0,868772783;1987,775487;0,072955975;0,122851153;0,093344156;0,144234801;4,98;4,805747126;0,136087485;0,603888214;0,181044957;0,057108141;0,004860267
182319;0,081734779;0,832220367;1984,033712;0,042419031;0,173402121;0,113986445;0,110060189;7,92;4,843123209;0,179316097;0,540450375;0,169307756;0,047539616;0,003336113
182320;0,08125;0,9046875;1980,355263;0,033772181;0,243846594;0,114047288;0,027475673;6,41;4,714839961;0,075;0,7921875;0,1015625;0,00625;0,0015625
182321;0,135995683;0,720628045;1981,603465;0,050919378;0,13437058;0,090976331;0,216205294;6,26;4,678606002;0,344846195;0,316783594;0,095520777;0,214247167;0,000539665
182322;0,032327586;0,933045356;1969,588511;0,024449878;0,295843521;0,082191781;0,04808476;6,9;4,551682692;0,127155172;0,693965517;0,118534483;0,019396552;0,002155172
182323;0,111390022;0,809987437;1986,077538;0,048138639;0,135323064;0,10748156;0,146127514;5,59;4,73892358;0,21650455;0,475054911;0,207091308;0,079385002;0,000941324
182325;0,036082474;0,924398625;1979,045721;0,031230083;0,221797323;0,153618907;0,044614404;6,19;4,68115942;0,073883162;0,786941581;0,10137457;0,005154639;0,001718213
182327;0,091540404;0,881713555;1981,594414;0,052105487;0,153339005;0,106703146;0,082518077;10,35;4,617966903;0,103535354;0,715909091;0,138888889;0,022727273;0,000631313
182329;0,023529412;0,92745098;1984,83891;0,032116788;0,30729927;0,123287671;0,029927007;7,06;4,602230483;0,064705882;0,87254902;0,043137255;0,001960784;0
182335;0,017886179;0,939837398;1982,702679;0,02209596;0,307449495;0,12920354;0,034722222;5,415;4,835355286;0,05203252;0,845528455;0,074796748;0,004878049;0
182336;0,035992218;0,897738446;1974,36657;0,031172512;0,296493092;0,139066789;0,041091038;6,976666667;4,540556542;0,081712062;0,810311284;0,065175097;0,000972763;0,001945525
182337;0,032534247;0,953767123;1978,017609;0,036714375;0,231487243;0,169343066;0,051649035;6,23;4,449388209;0,128424658;0,738013699;0,080479452;0,006849315;0,001712329
182338;0,07615894;0,835540839;1985,23176;0,04788627;0,156004489;0,125103563;0,060980172;8,81;4,752808989;0,098233996;0,760485651;0,109271523;0,008830022;0,005518764
182339;0,12239694;0,73480663;1981,827664;0,05620646;0,143128562;0,103743655;0,200443319;6,19;4,627694317;0,411389715;0,275818105;0,093072673;0,177645559;0,001699958
182340;0,048816568;0,897928994;1972,396587;0,030769231;0,211282051;0,119212963;0,055897436;6,21;4,567085954;0,134615385;0,696745562;0,087278107;0,00739645;0,00147929
182341;0,140130747;0,595104969;1971,607425;0,050832266;0,185958173;0,115410555;0,214212548;7,676666667;4,512238203;0,566427668;0,17471531;0,035849852;0,184943062;0,001581611
182401;0,010781671;0,929919137;1967,759972;0,024390244;0,296585366;0,117647059;0,04;9,43;4,626928471;0,029649596;0,900269542;0,043126685;0,005390836;0
182403;0,018416206;0,939001848;1965,683333;0,035667964;0,263294423;0,05801105;0,046044099;7,92;4,571609632;0,042357274;0,88213628;0,049723757;0,007366483;0
182407;0,017699115;0,991150442;1967,131769;0,045138889;0,399305556;0,103896104;0,006944444;13,27;4,949458484;0,017699115;0,946902655;0,008849558;0;0
182409;0,021113244;0,926782274;1973,326682;0,033519553;0,259776536;0,102941176;0,047486034;7,68;4,691772885;0,057581574;0,819577735;0,086372361;0,003838772;0,001919386
182410;0,028653295;0,893678161;1968,980833;0,025974026;0,265151515;0,163204748;0,037878788;4,87;4,414285714;0,100286533;0,76217765;0,063037249;0,017191977;0
182411;0,016129032;0,958064516;1970,673721;0,020151134;0,314861461;0,086687307;0,026448363;6,13;4,113345521;0,038709677;0,925806452;0,019354839;0;0
182413;0,020599251;0,926415094;1968,442507;0,032899246;0,282385195;0,105263158;0,043865661;6,825;4,509633911;0,050561798;0,872659176;0,039325843;0,014981273;0,003745318
182414;0,037128713;0,918114144;1967,486862;0,02175884;0,246600181;0,115303983;0,054397099;6,125;4,512618297;0,094059406;0,794554455;0,081683168;0,004950495;0
182415;0,036619718;0,769121813;1979,743322;0,035052579;0,233350025;0,087982833;0,08462694;6,05;4,708478513;0,263380282;0,563380282;0,091549296;0,035211268;0
310101;0,009632224;0,941330998;1974,443225;0,045454545;0,198232323;0,116719243;0,059027778;12,35;4,746696035;0,128721541;0,03765324;0;0,003502627;0,003502627
310102;0,006055363;0,819204152;1971,780391;0,047739488;0,226683528;0,123076923;0,074296554;14,36;4,451856514;0,128892734;0,019896194;0;0,005190311;0,005190311
310103;0,00661157;0,849586777;1982,311542;0,046048538;0,215308027;0,119266055;0,051026758;17,52;4,482088025;0,12892562;0,036363636;0;0,009917355;0,004958678
310104;0,00530504;0,941644562;1980,050642;0,033519553;0,297206704;0,177018634;0,036871508;7,43;4,737142857;0,217506631;0,055702918;0;0;0
310105;0,012048193;0,855421687;1989,202899;0,014705882;0,284313725;0,1375;0,078431373;13,25;4,708029197;0,048192771;0,012048193;0;0;0
310106;0,036900369;0,789667897;1993,276066;0,039035591;0,163030999;0,096525097;0,013777268;27,68;4,802380952;0,302583026;0;0;0;0
310107;0,019774011;0,870056497;1976,75817;0,0330033;0,267326733;0,146258503;0,03080308;8,47;4,506868132;0,177966102;0,064971751;0;0,014124294;0,005649718
310108;0,021818182;0,898181818;1985,441685;0,049715909;0,255681818;0,092592593;0,055397727;10,18;4,911255411;0,261818182;0,149090909;0,003636364;0,003636364;0
310201;0,012785208;0,718393068;1972,618234;0,065662182;0,084176582;0,198202405;0,046035806;33,99;4,730509356;0,103855232;0,007081039;0;0,009441385;0,00393391
310202;0,009104704;0,895295903;1980,809656;0,04197901;0,139930035;0,19682959;0,005997001;26,1;4,34902411;0,182094082;0,051593323;0;0,001517451;0,001517451
310203;0,007526178;0,823452342;1978,081491;0,057551855;0,104878761;0,164804469;0,027363911;30,6;4,532975231;0,129253927;0,015706806;0,00065445;0,01145288;0,003272251
310204;0,014128728;0,948194662;1971,677616;0,059552168;0,139113864;0,130712009;0,022391615;26,37;4,812729498;0,149136578;0,039246468;0;0,001569859;0
310205;0,011011011;0,873747495;1980,295455;0,043793416;0,131078224;0,155621742;0,01359106;35,44;4,755148741;0,142142142;0,139139139;0,001001001;0,006006006;0,001001001
310301;0,017292282;0,616293795;1959,931989;0,030127276;0,205896568;0,139715832;0,109231513;22,44;4,464285714;0,176296921;0,014761704;0,000421763;0,005482919;0,002952341
310302;0,022362664;0,813806514;1979,68876;0,036263244;0,203850172;0,130816791;0,072526489;29,17;4,773644106;0,248420029;0,072435586;0,000486145;0,012639767;0,003403014
310303;0,026789635;0,575637643;1964,782297;0,034776679;0,241561541;0,113981763;0,152062734;22,09;4,572432432;0,191480018;0,011857708;0,000878349;0,00702679;0,004391744
310304;0,016464293;0,665088514;1964,992916;0,033403235;0,207384661;0,136843816;0,114065309;20,44;4,546023415;0,177814365;0,022844207;0,000617411;0,008643754;0,004527681
310305;0,016103954;0,704797868;1974,721835;0,051488041;0,113383239;0,159440057;0,086653277;28,53;4,274135091;0,175810751;0,020657486;0,000333185;0,010439805;0,003665038
310306;0,019114688;0,735649547;1974,640824;0,033095491;0,200394717;0,142309034;0,08607864;23,94;4,689363817;0,236418511;0,051810865;0,002515091;0,012072435;0,005533199
310307;0,029492525;0,693858845;1975,616127;0,047583082;0,11597432;0,129777464;0,171299094;22,8;4,479530704;0,179802705;0,009864741;0,000406793;0,009152853;0,001932269
310308;0,021677328;0,58413376;1955,705985;0,041385948;0,213666987;0,140416908;0,13625739;22,07;4,386174636;0,206823028;0,008528785;0,000355366;0,009594883;0,002487562
310309;0,013844173;0,731141199;1977,362307;0,038678743;0,14832179;0,16522304;0,081513053;24,28;4,55341144;0,203155184;0,028010303;0,000321958;0,007405023;0,006761108
310310;0,06087735;0,492390331;1950,611927;0,038027108;0,238704819;0,120414673;0,22439759;18,98;4,256457565;0,206803939;0,007162041;0,00179051;0,011638317;0,003581021
310401;0,008158508;0,769230769;1985,652681;0,067789647;0,112161052;0,148804252;0,076006574;20,16;4,605847953;0,102564103;0,031468531;0;0,008158508;0,003496503
310402;0,018755328;0,956521739;1986,808123;0,047400612;0,089704383;0,193588163;0,028797146;21,06;4,847231955;0,106564365;0,010230179;0;0,000852515;0,00170503
310403;0,009032944;0,87882009;1977,618952;0,036869225;0,145078181;0,17519084;0,067519545;19,31;4,496791708;0,108129649;0,016206164;0;0,00664187;0,003719447
310404;0,007470651;0,921024546;1973,302036;0,033885252;0,211397767;0,176583493;0,058529072;18,89;4,459564541;0,085378869;0,054429029;0;0,004268943;0
310405;0,005681818;0,9375;1979,686217;0,03030303;0,170068027;0,140449438;0,032776747;16,67;4,285502959;0,21969697;0,196969697;0;0,015151515;0,005681818
310501;0,007843137;0,86745098;1978,664917;0,053329796;0,181745821;0,160574413;0,037145131;20,63;4,461363636;0,142745098;0,025882353;0;0,005490196;0,007058824
310502;0;0,840425532;1979,994863;0,036821705;0,217054264;0,132701422;0,083333333;23,4;4,807560137;0,10106383;0,021276596;0;0,021276596;0
310503;0,004889976;0,840978593;1966,167723;0,049377321;0,185274197;0,139271654;0,068385405;18,58;4,563569117;0,08190709;0,023227384;0,000611247;0,001833741;0,004889976
310601;0,015384615;0,969230769;1983,764706;0,018867925;0,27672956;0,081967213;0,006289308;16,92;4,513368984;0,015384615;0,169230769;0;0;0
310602;0,006116208;0,873088685;1982,283944;0,034772182;0,248201439;0,049450549;0,041966427;12,08;4,936507937;0,093272171;0,093272171;0,001529052;0,00764526;0
310603;0;0,951456311;1974,069444;0,013157895;0,315789474;0,17721519;0,01754386;6,8;4,518518519;0,145631068;0,077669903;0;0;0
310604;0;0,815450644;1988,246959;0,042682927;0,217987805;0,244525547;0,051829268;7,3;4,905109489;0,072961373;0,034334764;0;0,004291845;0
310701;0,006198347;0,89738292;1971,93057;0,043430816;0,142514186;0,152492669;0,046922741;23,83;4,666836475;0,091597796;0,021349862;0,00137741;0,005509642;0,000688705
310702;0,012195122;0,863675958;1977,169931;0,046296296;0,165604129;0,11024735;0,071493625;21,04;4,503824757;0,131968641;0,030923345;0,00087108;0,007404181;0,00261324
310703;0,005277045;0,894459103;1981,40824;0,036224976;0,234509056;0,136986301;0,027645377;18,47;4,392857143;0,137203166;0,073878628;0;0,002638522;0,002638522
310704;0,012820513;0,902313625;1963,833089;0,062283737;0,207612457;0,139534884;0,038927336;20,77;4,680119581;0,1;0,041025641;0;0;0,005128205
310802;0,008943782;0,759164535;1977,195455;0,041347832;0,12283528;0,199946823;0,038528662;25,17;4,566486036;0,29088586;0,165247019;0,002555366;0,009795571;0,001277683
310803;0,013865845;0,868673699;1984,493479;0,073348168;0,067143102;0,106546951;0,129493324;22,94;4,616461969;0,237141503;0,030457454;0,000948092;0,012088173;0,001777672
310804;0,012030075;0,890977444;1982,961559;0,06082423;0,151439921;0,140960163;0,088133069;15,79;4,733695652;0,210526316;0,069172932;0,001503759;0,015037594;0,007518797
310805;0,008917714;0,881589619;1977,275507;0,053986711;0,147702104;0,136452242;0,072259136;18;4,621657313;0,151195784;0,044183218;0,000405351;0,005269558;0,004864208
310806;0,009146341;0,917682927;1975,331473;0,045940171;0,180555556;0,118993135;0,053418803;14,63;4,504587156;0,216463415;0,326219512;0,00304878;0,033536585;0,006097561
310901;0,010989011;0,906593407;1968,042945;0,024213075;0,251815981;0,1125;0,04842615;10,44;4,75617284;0,131868132;0,082417582;0;0;0
310902;0,003241491;0,94165316;1968,582885;0,031269943;0,239948947;0,165302782;0,041480536;11,18;4,567567568;0,132901135;0,184764992;0,001620746;0,004862237;0,003241491
310903;0,004962779;0,906534326;1983,891936;0,040610687;0,214656489;0,14006734;0,061068702;13,15;4,752075263;0,167080232;0,224152192;0;0,005789909;0,003308519
310904;0,008474576;0,943972835;1974,696926;0,028513238;0,27562797;0,182495345;0,038696538;9,15;4,781765276;0,261016949;0,149152542;0;0,005084746;0,005084746
310905;0,02247191;0,93258427;1969,810526;0,035326087;0,216032609;0,111111111;0,029891304;13,86;4,907894737;0,104868914;0,138576779;0;0,003745318;0
310906;0;0,990825688;1980,394737;0,015686275;0,305882353;0,121212121;0,023529412;3,67;4,494736842;0,064220183;0,082568807;0;0;0
311001;0;0,923847695;1981,684352;0,034398034;0,262899263;0,127226463;0,027846028;15,83;4,155995343;0,070140281;0,046092184;0;0;0
311002;0,005928854;0,881422925;1978,016199;0,032281731;0,218635363;0,141831239;0,043286867;9,49;4,555434783;0,092885375;0,0256917;0,001976285;0,001976285;0
311003;0,006700168;0,90201005;1979,651839;0,040458745;0,216310927;0,101582015;0,052564511;13,74;4,461303462;0,175879397;0,068676717;0,001675042;0,008375209;0,000837521
320101;0,015293537;0,803067788;1987,448429;0,050884552;0,133321175;0,188957476;0,071311326;17,66;4,593349687;0,141095215;0,010360138;0;0,004440059;0,00049334
410101;0,019138756;0,736585366;1983,795714;0,058430718;0,088480801;0,111111111;0,056761269;20,1;4,627507163;0,229665072;0,086124402;0;0,019138756;0,004784689
410102;0,006024096;0,813253012;1972,265679;0,054320988;0,17037037;0,102272727;0,037037037;12,05;4,256684492;0,108433735;0,102409639;0;0,006024096;0
410103;0,017621145;0,831858407;1962,831108;0,042517007;0,141156463;0,08627451;0,022108844;22,91;4,139941691;0,198237885;0,110132159;0,004405286;0,004405286;0
410104;0,031690141;0,827464789;1961,998656;0,063020214;0,114149822;0,059299191;0,020214031;20,77;4,652291105;0,232394366;0,098591549;0;0,014084507;0,003521127
410105;0,027322404;0,629562044;1975,728669;0,055787111;0,133055466;0,088152327;0,076627124;14,3;4,520718232;0,402550091;0,099271403;0;0,011839709;0,001821494
420101;0,013365735;0,854191981;1973,669838;0,063113146;0,102027469;0,174496644;0,030085023;30,5;4,828681424;0,161603888;0,046172539;0;0,014580802;0,001215067
420102;0,018518519;0,858998145;1980,512777;0,071317022;0,076002082;0,103485839;0,035918792;22,78;4,909556314;0,222222222;0,112962963;0;0,011111111;0
420103;0,060344828;0,801357187;1975,135291;0,057449963;0,107301705;0,120283019;0,085618977;19,95;4,835932987;0,266009852;0,105295567;0,002463054;0,022167488;0
420104;0,026137464;0,779825412;1974,733731;0,06837374;0,091800599;0,146485529;0,037319531;28,36;4,715731371;0,213939981;0,039690223;0;0,01839303;0,001936108
420105;0;0,8046875;1963,550251;0,053030303;0,169191919;0,126506024;0,017676768;9,38;4,525423729;0,0859375;0,015625;0,0078125;0,0078125;0,0078125
420201;0,006060606;0,866666667;1954,366795;0,029816514;0,245412844;0,025477707;0,02293578;13,33;4,568627451;0,290909091;0,012121212;0,006060606;0;0
420202;0,005405405;0,805405405;1977,814894;0,05046729;0,164485981;0,144329897;0,014953271;16,76;4,508695652;0,237837838;0,037837838;0,005405405;0,037837838;0
420203;0,003436426;0,807560137;1960,540486;0,071090047;0,171800948;0,171014493;0,036729858;10,65;4,60164271;0,085910653;0,04467354;0,006872852;0,006872852;0
420204;0,018367347;0,859183673;1963,326236;0,055182699;0,17300522;0,093603744;0,070096943;7,14;4,749307479;0,232653061;0,048979592;0,002040816;0,004081633;0
420206;0,0125;0,8375;1945,158482;0,06352459;0,149590164;0,131067961;0,014344262;22,5;4,432432432;0,11875;0,05;0;0,01875;0
420207;0,054545455;0,860606061;1976,534274;0,054736842;0,195789474;0,090909091;0,029473684;33,33;4,407258065;0,042424242;0,024242424;0;0;0
420208;0;0,858490566;1951,451515;0,031034483;0,175862069;0,008064516;0,006896552;5,66;4,865853659;0,981132075;0;0;0;0
420209;0;0,895833333;1981,077181;0,039215686;0,17254902;0,090909091;0,031372549;14,58;4,795918367;0,25;0;0;0;0
420210;0,010869565;0,880434783;1970,7975;0,06959707;0,146520147;0,154471545;0,04029304;21,74;4,510309278;0,065217391;0,032608696;0;0;0
420301;0,012398665;0,817748092;1972,187208;0,05616709;0,097657353;0,132922535;0,042478126;20,7;4,751763047;0,264186934;0,067715784;0;0,007629948;0,000953743
420303;0,008982036;0,867069486;1959,43568;0,055607044;0,121408712;0,112871287;0,032437442;17,37;4,202933985;0,215568862;0,04491018;0;0,008982036;0,002994012
420304;0,02358888;0,81618887;1967,666307;0,06004902;0,085784314;0,130307467;0,066666667;21,4;4,505169867;0,232518955;0,138163437;0;0,01516428;0,00252738
420305;0,016216216;0,891598916;1967,090588;0,049217002;0,088739746;0,125;0,023862789;30,54;4,651551313;0,240540541;0,059459459;0;0,002702703;0,005405405
420306;0,060386473;0,786706949;1973,497104;0,055049505;0,101188119;0,11023931;0,161188119;14,98;4,889210717;0,407608696;0,115942029;0;0,024758454;0,001811594
420307;0,021442495;0,780487805;1966,11244;0,054973822;0,105875509;0,132537313;0,055264689;23,88;4,822906641;0,289473684;0,078947368;0;0,011695906;0,000974659
420308;0,027118644;0,848639456;1975,076555;0,070681931;0,073668492;0,164383562;0,074664012;24,92;4,736842105;0,276271186;0,205084746;0;0,011864407;0
420309;0,01594533;0,826879271;1980,469216;0,064290261;0,084659453;0,136246787;0,013367282;23,23;4,239171375;0,25284738;0,066059226;0;0,004555809;0
420310;0,014184397;0,879432624;1981,394404;0,053701016;0,141509434;0,108108108;0,028301887;15,84;4,430451128;0,047281324;0,054373522;0;0;0,002364066
420311;0,013927577;0,863509749;1971,160225;0,038290294;0,167408727;0,166666667;0,012466607;17,27;4,921095008;0,077994429;0,064066852;0;0,011142061;0,002785515
420312;0,10770235;0,686479425;1964,891304;0,046040982;0,176827726;0,109559613;0,190235264;13,71;4,698372966;0,453655352;0,062663185;0,001305483;0,032637076;0,001305483
420313;0,087316176;0,748734468;1965,488268;0,04330974;0,15958881;0,097585855;0,174924166;13,01;4,757882883;0,416360294;0,044117647;0,000919118;0,019301471;0,000459559
420314;0,198139214;0,727712509;1970,722459;0,054507879;0,121028158;0,10492724;0,189485921;13,58;4,710151803;0,449000689;0,05375603;0;0,017918677;0,00068918
420315;0,027334852;0,900798176;1974,741159;0,052894212;0,085163007;0,105227427;0,088822355;18,34;4,743512974;0,277904328;0,164009112;0,001138952;0,020501139;0,002277904
420316;0,003831418;0,881226054;1946,258224;0,036519871;0,13104189;0,098236776;0,008592911;12,26;4,570446735;0,214559387;0,034482759;0;0,003831418;0,003831418
420317;0,050330033;0,820809249;1985,229037;0,056622354;0,085425899;0,126831733;0,100196947;18,4;4,73136646;0,26650165;0,159240924;0,000825083;0,031353135;0,00330033
420318;0,050641026;0,798579729;1977,076194;0,059813463;0,105433901;0,150959488;0,087996756;21,09;4,693950178;0,28974359;0,091025641;0;0,023076923;0,000641026
420319;0;0,813688213;1959,330303;0,060818713;0,086549708;0,117359413;0,01754386;19,39;4,334375;0,171102662;0,038022814;0;0,011406844;0
420320;0,010771993;0,787387387;1966,713615;0,044833242;0,115910334;0,121546961;0,02952433;20,65;4,850157729;0,195691203;0,053859964;0,001795332;0,016157989;0
420321;0,04057971;0,896952104;1968,716724;0,061838204;0,084709869;0,101160862;0,099534096;16,67;4,92087156;0,256521739;0,275362319;0;0,026086957;0,001449275
420322;0;0,850241546;1960,544164;0,0592686;0,110970996;0,118918919;0,015132409;30,92;4,706624606;0,15942029;0,15942029;0;0,014492754;0
420323;0,005263158;0,847368421;1977,830357;0,063540091;0,08623298;0,092783505;0,019667171;15,79;4,810714286;0,257894737;0,105263158;0;0,021052632;0
420324;0,009756098;0,804878049;1962,513258;0,048076923;0,139423077;0,084942085;0,012820513;11,71;4,356862745;0,170731707;0,131707317;0,014634146;0,07804878;0
420325;0,04315197;0,794559099;1968,928643;0,044766072;0,142376304;0,119727891;0,124200606;16,14;4,851851852;0,329268293;0,075984991;0;0,01782364;0,002814259
420401;0;0,8;1954,487277;0,044989775;0,141104294;0,145;0,020449898;16,97;4,858974359;0,084848485;0,084848485;0;0,024242424;0
420402;0,016806723;0,798319328;1959,797078;0,052924791;0,186629526;0,140625;0,019498607;18,49;4,672354949;0,109243697;0,016806723;0;0;0
420403;0,008438819;0,801687764;1965,335326;0,047949965;0,147324531;0,159235669;0,041000695;12,24;4,925925926;0,278481013;0,181434599;0,002109705;0,021097046;0
420404;0,015915119;0,853723404;1946,856436;0,044964029;0,138489209;0,096629213;0,045863309;13;4,683366733;0,180371353;0,177718833;0;0,013262599;0,00530504
420405;0,020661157;0,808539945;1969,166667;0,043035632;0,144840352;0,165118679;0,052753355;16,39;4,852156057;0,191460055;0,097796143;0;0,015151515;0
420406;0,017094017;0,777777778;1975,219715;0,044328553;0,125162973;0,135135135;0,011734029;24,36;4,829736211;0,123931624;0,02991453;0;0,012820513;0,004273504
420501;0,142372881;0,789830508;1975,647436;0,079959514;0,052631579;0,149494949;0,066801619;27,12;4,679487179;0,230508475;0,108474576;0,003389831;0,016949153;0
420502;0,006269592;0,836990596;1944,051683;0,061892131;0,116710875;0,204545455;0,00795756;38,87;4,678132678;0,106583072;0,097178683;0;0,018808777;0
420503;0,005540166;0,853185596;1967,52668;0,068576389;0,106770833;0,109343936;0,024305556;22,44;4,491803279;0,238227147;0,08033241;0,002770083;0,008310249;0,002770083
420504;0,011363636;0,920454545;1985,773077;0,049295775;0,154929577;0,179487179;0,014084507;18,18;4,214285714;0,193181818;0,056818182;0;0,011363636;0
420505;0,003663004;0,846153846;1978,423343;0,057894737;0,123684211;0,146163216;0,031052632;26,01;4,480392157;0,144688645;0,06959707;0;0,014652015;0,001831502
420506;0,023542601;0,907968575;1975,026074;0,069783431;0,076658646;0,083447332;0,090065315;18,61;4,623843782;0,270179372;0,227578475;0;0,033632287;0
420507;0;0,896457766;1965,209024;0,056916996;0,123320158;0,086206897;0,02055336;24,52;4,533962264;0,114441417;0,04359673;0;0,010899183;0
420508;0,023113208;0,716375649;1984,58876;0,107489285;0,050755696;0,159846196;0,032596436;31,37;4,792825112;0,167924528;0,083018868;0,000471698;0,012735849;0
420509;0,027096774;0,841085271;1978,069395;0,059381443;0,081649485;0,100308642;0,114226804;15,23;4,76128266;0,323870968;0,101935484;0,001290323;0,014193548;0
420510;0,031496063;0,784399649;1964,361792;0,066532258;0,102066532;0,182831661;0,0625;23,53;4,755180353;0,231846019;0,081364829;0,000874891;0,011373578;0
420511;0,01937046;0,822033898;1967,313079;0,068135593;0,096271186;0,159851301;0,04779661;26,27;4,754166667;0,202179177;0,08716707;0,002421308;0,00968523;0
420512;0,014195584;0,881141046;1975,102941;0,073648361;0,09152831;0,166007905;0,024265645;28,08;4,660326087;0,168769716;0,070977918;0;0,009463722;0,003154574
420513;0,005263158;0,886842105;1983,445652;0,05254902;0,112156863;0,124794745;0,025098039;26,58;4,532608696;0,226315789;0,071052632;0;0,005263158;0,002631579
420514;0,014925373;0,845771144;1964,911638;0,064615385;0,149230769;0,077220077;0,024615385;16,92;4,814977974;0,278606965;0,039800995;0;0,009950249;0
420601;0,013645224;0,818359375;1978,126783;0,069910515;0,108501119;0,16407355;0,031319911;18,91;4,927099842;0,167641326;0,056530214;0;0,011695906;0
420602;0,006072874;0,76417004;1965,012383;0,053566394;0,109952072;0,189443239;0,010995207;34,11;4,620188195;0,110323887;0,027327935;0;0,009109312;0,001012146
420603;0,029411765;0,833333333;1938,316176;0,052631579;0,13655761;0,051948052;0,048364154;24,51;4,691176471;0,647058824;0,049019608;0;0,014705882;0
420604;0,03125;0,819607843;1972,403904;0,052651373;0,14328695;0,157894737;0,05189921;26,43;4,877877878;0,158854167;0,04296875;0;0,005208333;0,001302083
420605;0,018604651;0,823255814;1981,354772;0,060308555;0,096072931;0,113530327;0,091865358;17,67;4,96049896;0,186046512;0,072093023;0;0,013953488;0,002325581
420606;0,021084337;0,779456193;1981,688119;0,072332731;0,100361664;0,14893617;0,05244123;15,36;4,891089109;0,147590361;0,087349398;0,006024096;0,012048193;0
430101;0,010067114;0,859060403;1984,047619;0,042175361;0,135405105;0,056689342;0,042175361;12,42;4,303398058;0,315436242;0,124161074;0,003355705;0,036912752;0
430102;0,02027027;0,532731377;1977,523965;0,034167339;0,198009147;0,128235294;0,112187248;13,21;4,84375;0,385135135;0,057807808;0,002252252;0,034534535;0,003753754
430103;0,032293987;0,733853007;1981,686683;0,033393829;0,212704174;0,101077051;0,11215971;10,24;4,851674641;0,453229399;0,053452116;0,001113586;0,038975501;0
430104;0,038552321;0,69866247;1977,927953;0,041040462;0,176011561;0,076405868;0,189595376;9,28;4,762927605;0,449252557;0,162863887;0,001573564;0,052714398;0,001573564
430105;0,055408971;0,659630607;1951,937349;0,027225131;0,263874346;0,067961165;0,168586387;9,76;4,656019656;0,430079156;0,039577836;0,002638522;0,031662269;0,002638522
430106;0,034482759;0,86637931;1983,656766;0,048295455;0,139204545;0,067901235;0,038352273;9,91;4,772277228;0,392241379;0,146551724;0;0,021551724;0
430107;0;0,895287958;1986,853191;0,031189084;0,196881092;0,1171875;0,027290448;6,81;4,773913043;0,267015707;0,073298429;0;0,015706806;0
430108;0,023584906;0,858156028;1986,787781;0,060532688;0,10976594;0,080597015;0,102502018;8,73;4,885298869;0,356132075;0,20754717;0,004716981;0,021226415;0
430109;0,019480519;0,874025974;1977,469526;0,053578569;0,120751699;0,129296236;0,036785286;9,22;4,806157355;0,251948052;0,083116883;0;0,031168831;0,001298701
430110;0,011560694;0,829479769;1981,716883;0,046755725;0,107824427;0,080882353;0,058206107;9,54;4,794270833;0,317919075;0,176300578;0;0,040462428;0
430111;0,00990099;0,905940594;1972,146853;0,053097345;0,215929204;0,088607595;0,042477876;10,4;4,713261649;0,272277228;0,079207921;0;0,034653465;0
430112;0,012154696;0,851605759;1976,492233;0,048435171;0,130402385;0,076329992;0,055886736;10,06;4,751214772;0,312707182;0,096132597;0;0,027624309;0,002209945
430113;0,006802721;0,879545455;1949,012976;0,042386185;0,18288854;0,073883162;0,025117739;9,52;4,591623037;0,306122449;0,083900227;0,002267574;0,0430839;0,002267574
430114;0,01529052;0,851681957;1991,816138;0,064044377;0,105900151;0,059059059;0,076651538;13,3;4,607190413;0,339449541;0,151376147;0;0,041284404;0,003058104
430115;0,024045262;0,724186704;1981,869397;0,033;0,1335;0,091273821;0,0975;11,17;4,715170279;0,386138614;0,108910891;0,001414427;0,018387553;0
430116;0,034280936;0,791457286;1973,483858;0,063880756;0,092893266;0,088057237;0,073462869;14,97;4,78785489;0,252508361;0,138795987;0;0,04264214;0,00083612
430117;0;0,853448276;1978,490566;0,059701493;0,194029851;0,082191781;0,023880597;17,24;4,571428571;0,310344828;0,120689655;0,00862069;0,034482759;0
430118;0,018927445;0,67402734;1987,837732;0,052830189;0,083018868;0,123404255;0,084048027;14,2;4,786692759;0,336487907;0,171398528;0,003154574;0,01997897;0
430119;0,022759602;0,881934566;1978,283664;0,055820611;0,151717557;0,087309645;0,041507634;11,24;4,462569832;0,240398293;0,098150782;0;0,039829303;0
430201;0,0041841;0,89958159;1965,502547;0,031424581;0,165502793;0,102893891;0,030027933;5,23;4,721561969;0,326359833;0,073221757;0;0,054393305;0
430202;0,011450382;0,81870229;1982,51793;0,048455056;0,171348315;0,061255743;0,066713483;10,69;4,955942623;0,311068702;0,129770992;0;0,047709924;0
430203;0,028340081;0,823770492;1971,440594;0,050561798;0,125;0,107142857;0,042134831;9,72;4,705685619;0,380566802;0,109311741;0;0,04048583;0
430204;0,023640662;0,888888889;1976,876782;0,057120501;0,138497653;0,1024;0,045383412;11,35;4,816326531;0,380614657;0,139479905;0,004728132;0,063829787;0
430205;0,015238095;0,913957935;1963,001637;0,042032622;0,12923463;0,079947575;0,051442911;8,57;4,866776316;0,297142857;0,081904762;0,001904762;0,051428571;0,001904762
430206;0,014655172;0,851724138;1967,038226;0,046741453;0,109508547;0,098121086;0,041399573;10;4,884468248;0,295689655;0,097413793;0,000862069;0,048275862;0
430207;0,048293089;0,660542797;1966,769927;0,049177877;0,136621824;0,127802691;0,068310912;11,82;4,816167897;0,340965862;0,072023314;0,00041632;0,052456286;0,001665279
430208;0;0,891891892;1979,537879;0,045685279;0,164974619;0,117647059;0,020304569;6,76;4,762626263;0,182432432;0,094594595;0,006756757;0,013513514;0
430209;0,016085791;0,89516129;1964,269142;0,051470588;0,118566176;0,096892139;0,044117647;7,24;4,843822844;0,300268097;0,120643432;0;0,056300268;0
430210;0,01384083;0,901384083;1951,267457;0,045887962;0,162097735;0,08590604;0,029797378;8,13;4,868525896;0,262975779;0,062283737;0;0,017301038;0
430211;0,040229885;0,856321839;1980,457338;0,04995005;0,137862138;0,061440678;0,117882118;6,61;4,883561644;0,278735632;0,261494253;0,005747126;0,097701149;0,002873563
440101;0,002331002;0,925407925;1976,521711;0,044708029;0,236313869;0,087155963;0,02189781;7,46;4,464473684;0,17016317;0,009324009;0;0,009324009;0
440102;0,02;0,868;1951,805281;0,045387994;0,193265007;0,154639175;0,029282577;14,4;4,805324459;0,168;0,02;0;0,012;0
440103;0,016556291;0,836120401;1956,833333;0,052631579;0,220095694;0,080357143;0,041866029;8,61;4,810590631;0,208609272;0,026490066;0;0;0
440104;0,018181818;0,731411229;1951,759847;0,041666667;0,170608108;0,086146682;0,079954955;6,67;4,745076586;0,240909091;0,060606061;0;0,01969697;0
450101;0,034836066;0,766393443;1977,240798;0,054117647;0,176470588;0,035117057;0,068235294;8,81;4,806800618;0,258196721;0,055327869;0;0,014344262;0
450102;0;0,987012987;1960,259358;0,031818182;0,245454545;0,043956044;0,022727273;16,88;4,887700535;0,181818182;0,12987013;0,012987013;0,025974026;0
450103;0,020725389;0,725388601;1986,324961;0,04;0,20097561;0,047619048;0,021463415;11,4;4,389937107;0,183937824;0,044041451;0;0,018134715;0,002590674
450104;0,007751938;0,875968992;1962,789729;0,048322148;0,217449664;0,115384615;0,016107383;15,12;4,712621359;0,201550388;0,042635659;0;0;0
450105;0;0,813829787;1984,539039;0,031496063;0,208661417;0,102678571;0,053149606;7,98;4,382262997;0,281914894;0,085106383;0,005319149;0,021276596;0
450201;0,013888889;0,777777778;1981,494774;0,029411765;0,248663102;0,098591549;0,050802139;30,56;4,561797753;0,159722222;0,041666667;0;0,020833333;0
450202;0,009708738;0,849514563;1940,777136;0,030075188;0,242481203;0,107758621;0,020676692;13,59;4,462085308;0,305825243;0,038834951;0;0,014563107;0
450203;0,032846715;0,813868613;1970,95585;0,040376851;0,162853297;0,090909091;0,009421265;11,31;4,657079646;0,233576642;0,069343066;0;0,01459854;0
450204;0,012383901;0,826625387;1965,826037;0,048723898;0,178654292;0,06940874;0,06612529;10,53;4,336633663;0,244582043;0,111455108;0;0,015479876;0
450205;0,045602606;0,761437908;1968,720764;0,055432373;0,168514412;0,079812207;0,066518847;15,31;4,802409639;0,302931596;0,084690554;0,003257329;0,016286645;0
450206;0,032520325;0,70596206;1961,541565;0,047355164;0,173803526;0,086866598;0,073551637;11,25;4,761377614;0,376693767;0,050135501;0,001355014;0,009485095;0,002710027
460101;0,007518797;0,857142857;1960,40896;0,020408163;0,285714286;0,051724138;0,023323615;14,29;4,777456647;0,127819549;0,067669173;0;0,007518797;0,007518797
460102;0,01650165;0,818481848;1975,731912;0,041620422;0,193118757;0,068153656;0,075471698;13,53;4,720930233;0,264026403;0,04950495;0,001650165;0,008250825;0
460103;0,00330033;0,887788779;1984,712751;0,037914692;0,232227488;0,073369565;0,035545024;8,91;4,314159292;0,211221122;0,085808581;0;0,00990099;0
460104;0,008902077;0,896142433;1977,972424;0,038918919;0,242162162;0,054545455;0,055135135;5,04;4,226744186;0,237388724;0,080118694;0,002967359;0,011869436;0
460105;0,007751938;0,92248062;1983,414894;0,045454545;0,229946524;0,053571429;0,045454545;7,75;4,802431611;0,15503876;0,100775194;0;0,023255814;0
460106;0,00617284;0,864197531;1969,359107;0,037825059;0,196217494;0,093406593;0,037825059;12,35;4,751724138;0,185185185;0,111111111;0,00617284;0,018518519;0
460201;0,023474178;0,873239437;1988,504213;0,047923323;0,164536741;0,07266436;0,022364217;14,55;4,921126761;0,253521127;0,079812207;0;0,028169014;0
460202;0,024221453;0,892733564;1974,170578;0,049878345;0,209245742;0,077348066;0,060827251;9;4,797421731;0,283737024;0,076124567;0;0,010380623;0
460203;0,031007752;0,879844961;1973,034884;0,046875;0,170572917;0,043715847;0,048177083;9,69;4,970930233;0,220930233;0,081395349;0,003875969;0,019379845;0
460204;0,039955605;0,807991121;1987,63851;0,039132119;0,163889965;0,064516129;0,068190624;10,54;4,907019143;0,332963374;0,114317425;0,002219756;0,013318535;0
460205;0,011764706;0,923529412;1992,011905;0,020833333;0,183333333;0,093023256;0,054166667;12,94;4,541916168;0,194117647;0,052941176;0;0,005882353;0
460206;0,019083969;0,935114504;1980,896465;0,038860104;0,248704663;0,051987768;0,055699482;9,92;4,77721519;0,221374046;0,026717557;0;0,007633588;0
460301;0;0,899038462;1989,992457;0,040219378;0,237659963;0,050691244;0,029250457;6,25;4,627155172;0,125;0,052884615;0;0;0
460302;0,006329114;0,848101266;1955,66383;0,061611374;0,194312796;0,063953488;0,045023697;13,92;4,525164114;0,278481013;0,107594937;0;0,037974684;0
460303;0,043478261;0,869565217;1972,288793;0,017361111;0,284722222;0,096491228;0,065972222;6,96;4,939655172;0,313043478;0,156521739;0,008695652;0,017391304;0
460304;0,007067138;0,797153025;1987,117359;0,041717791;0,136196319;0,086206897;0,051533742;17,31;4,714640199;0,335689046;0,09540636;0;0,007067138;0
460305;0,017353579;0,77826087;1980,806092;0,037234043;0,193768997;0,071192053;0,096504559;13,02;4,90922619;0,349240781;0,117136659;0;0,023861171;0,002169197
470101;0,032432432;0,832432432;1962,448317;0,063786008;0,12345679;0,073059361;0,067901235;12,97;4,898795181;0,259459459;0,210810811;0,010810811;0,032432432;0
470102;0,031460674;0,817977528;1991,642984;0,044308633;0,161955691;0,124590164;0,03132162;11,91;4,866548043;0,269662921;0,065168539;0;0,011235955;0
470103;0,022792023;0,908571429;1971,28245;0,042998897;0,209481808;0,087962963;0,018743109;9,97;4,827522936;0,256410256;0,082621083;0;0,037037037;0
470104;0,046616541;0,798496241;1990,376953;0,068983676;0,110584518;0,099304866;0,068457083;13,08;4,799479167;0,344360902;0,084210526;0,001503759;0,02406015;0
470105;0,034545455;0,850909091;1995,37037;0,052369077;0,127182045;0,083743842;0,046134663;12;4,913265306;0,358181818;0,085454545;0;0,023636364;0
470106;0,048439182;0,690732759;1970,178213;0,037634409;0,164598842;0,080791426;0,105459057;13,78;4,859737639;0,441334769;0,048439182;0;0,016146394;0
470107;0,091549296;0,720657277;1966,91939;0,042179262;0,146748682;0,072164948;0,111599297;12,68;4,908496732;0,370892019;0,103286385;0,004694836;0,014084507;0,002347418
470108;0,081229418;0,704070407;1970,776285;0,043325527;0,191647151;0,072131148;0,147150664;10,1;4,833530106;0,465422613;0,097694841;0,001097695;0,025246981;0,003293085
470109;0,026315789;0,875;1994,405751;0,050065876;0,108036891;0,089371981;0,067193676;13,16;4,836538462;0,308270677;0,097744361;0,003759398;0,007518797;0
470110;0,051903114;0,85467128;1994,036011;0,053956835;0,134292566;0,058823529;0,105515588;7,27;4,919220056;0,352941176;0,152249135;0;0,020761246;0
470111;0;0,941176471;1982,813333;0,048;0,14;0,058333333;0,044;12,94;4,707207207;0,505882353;0,094117647;0;0,023529412;0
470112;0,013513514;0,87755102;1998,574286;0,058548009;0,112412178;0,148148148;0,028103044;9,46;4,925714286;0,364864865;0,081081081;0;0;0
470113;0,041958042;0,895104895;1996,514368;0,044887781;0,187032419;0,07253886;0,014962594;13,99;4,843930636;0,440559441;0,076923077;0;0,013986014;0
480101;0,013888889;0,75;1936,899543;0,04950495;0,193069307;0,024096386;0,04950495;22,22;4,279069767;0,236111111;0,083333333;0;0;0
480102;0;0,878787879;1949,274725;0;0,276315789;0,08;0,026315789;12,12;3,588888889;0,484848485;0,03030303;0;0,03030303;0
480103;0,010204082;0,806122449;1948,978723;0,042801556;0,159533074;0,023809524;0,050583658;14,29;4,428571429;0,387755102;0,091836735;0;0,020408163;0
480104;0;0,846153846;1932,543103;0,010752688;0,247311828;0;0,010752688;15,38;4,465517241;0;0,230769231;0;0,025641026;0
480105;0,008658009;0,744588745;1973,572289;0,049441786;0,180223285;0,078688525;0,062200957;14,29;4,317220544;0,316017316;0,121212121;0;0,03030303;0
480106;0,013333333;0,906666667;1963,451754;0,067961165;0,174757282;0,056818182;0,072815534;18,67;4,17699115;0,253333333;0,2;0,013333333;0,026666667;0
480107;0;0,95;1973,333333;0,046511628;0,23255814;0;0;0;4,5;0,25;0;0;0,05;0
480201;0;0,72;1980,653061;0,077922078;0,207792208;0,057142857;0,025974026;8;4,469387755;0,32;0,28;0;0;0
480202;0,020408163;0,816326531;1933,613095;0,0078125;0,203125;0,145454545;0,015625;14,29;4,904761905;0,306122449;0,102040816;0;0,040816327;0
480203;0;0,82962963;1977,834146;0,044568245;0,270194986;0,08;0,022284123;11,11;4,289215686;0,207407407;0,007407407;0;0,037037037;0
480204;0,030448718;0,729166667;1962,446615;0,044637681;0,15826087;0,075774971;0,085797101;15,22;4,526666667;0,4375;0,084935897;0,004807692;0,011217949;0,003205128
490101;0,006493506;0,681818182;1934,480663;0,055813953;0,165116279;0,063241107;0,051162791;18,83;4,286516854;0,181818182;0,045454545;0;0;0
;;;;;;;;;;;;;;
