NUTS_3;LAU1_NAT_CODE;LAU2_NAT_CODE;CHANGE;NAME_1;NAME_2_LAT;POP;AREA
PT16D;0101;010103;no;Aguada de Cima;Aguada de Cima;4013;28393100
PT16D;0101;010109;no;Fermentelos;Fermentelos;3258;8582000
PT16D;0101;010112;no;Macinhata do Vouga;Macinhata do Vouga;3406;31954400
PT16D;0101;010119;no;Valongo do Vouga;Valongo do Vouga;4877;43201100
PT16D;0101;010121;30/09/2013;Uni?o das freguesias de Águeda e Borralha;Uni?o das freguesias de Águeda e Borralha;13576;36029300
PT16D;0101;010122;30/09/2013;Uni?o das freguesias de Barrô e Aguada de Baixo;Uni?o das freguesias de Barrô e Aguada de Baixo;3209;10190100
PT16D;0101;010123;30/09/2013;Uni?o das freguesias de Belazaima do Ch?o, Castanheira do Vouga e Agad?o;Uni?o das freguesias de Belazaima do Ch?o, Castanheira do Vouga e Agad?o;1611;88090300
PT16D;0101;010124;30/09/2013;Uni?o das freguesias de Recard?es e Espinhel;Uni?o das freguesias de Recard?es e Espinhel;6036;19917800
PT16D;0101;010125;30/09/2013;Uni?o das freguesias de Travassô e Óis da Ribeira;Uni?o das freguesias de Travassô e Óis da Ribeira;2305;11121900
PT16D;0101;010126;30/09/2013;Uni?o das freguesias de Trofa, Segad?es e Lamas do Vouga;Uni?o das freguesias de Trofa, Segad?es e Lamas do Vouga;4630;16068100
PT16D;0101;010127;30/09/2013;Uni?o das freguesias do Préstimo e Macieira de Alcoba;Uni?o das freguesias do Préstimo e Macieira de Alcoba;808;41726400
PT16D;0102;010202;no;Alquerubim;Alquerubim;2381;15358600
PT16D;0102;010203;no;Angeja;Angeja;2073;21251700
PT16D;0102;010204;no;Branca;Branca;5621;30288600
PT16D;0102;010206;no;Ribeira de Fráguas;Ribeira de Fráguas;1713;26745400
PT16D;0102;010209;30/09/2013;Albergaria-a-Velha e Valmaior;Albergaria-a-Velha e Valmaior;10568;46996400
PT16D;0102;010210;30/09/2013;S?o Jo?o de Loure e Frossos;S?o Jo?o de Loure e Frossos;2896;18184200
PT16D;0103;010304;no;Avel?s de Caminho;Avel?s de Caminho;1252;6448700
PT16D;0103;010305;no;Avel?s de Cima;Avel?s de Cima;2185;40578000
PT16D;0103;010307;no;Moita;Moita;2484;34176100
PT16D;0103;010309;no;Sangalhos;Sangalhos;4068;16904200
PT16D;0103;010310;no;S?o Lourenço do Bairro;S?o Lourenço do Bairro;2414;15383100
PT16D;0103;010312;no;Vila Nova de Monsarros;Vila Nova de Monsarros;1713;23720400
PT16D;0103;010313;no;Vilarinho do Bairro;Vilarinho do Bairro;2764;25563300
PT16D;0103;010316;30/09/2013;Uni?o das freguesias de Amoreira da Gândara, Paredes do Bairro e Ancas;Uni?o das freguesias de Amoreira da Gândara, Paredes do Bairro e Ancas;2675;22064200
PT16D;0103;010317;30/09/2013;Uni?o das freguesias de Arcos e Mogofores;Uni?o das freguesias de Arcos e Mogofores;6331;14393000
PT16D;0103;010318;30/09/2013;Uni?o das freguesias de Tamengos, Aguim e Óis do Bairro;Uni?o das freguesias de Tamengos, Aguim e Óis do Bairro;3264;17403900
PT11A;0104;010402;no;Alvarenga;Alvarenga;1223;38766000
PT11A;0104;010407;no;Chave;Chave;1253;10905300
PT11A;0104;010409;no;Escariz;Escariz;2222;17984600
PT11A;0104;010411;no;Fermedo;Fermedo;1340;11105300
PT11A;0104;010413;no;Mansores;Mansores;1081;14075400
PT11A;0104;010414;no;Moldes;Moldes;1257;28005100
PT11A;0104;010415;no;Rossas;Rossas;1599;11111800
PT11A;0104;010416;no;Santa Eulália;Santa Eulália;2253;23047600
PT11A;0104;010417;no;S?o Miguel do Mato;S?o Miguel do Mato;598;17104700
PT11A;0104;010418;no;Tropeço;Tropeço;1150;17838700
PT11A;0104;010419;no;Urrô;Urrô;1029;10787500
PT11A;0104;010420;no;Várzea;Várzea;540;1791000
PT11A;0104;010421;30/09/2013;Uni?o das freguesias de Arouca e Burgo;Uni?o das freguesias de Arouca e Burgo;5178;15244100
PT11A;0104;010422;30/09/2013;Uni?o das freguesias de Cabreiros e Albergaria da Serra;Uni?o das freguesias de Cabreiros e Albergaria da Serra;231;31231600
PT11A;0104;010423;30/09/2013;Uni?o das freguesias de Canelas e Espiunca;Uni?o das freguesias de Canelas e Espiunca;1183;35729400
PT11A;0104;010424;30/09/2013;Uni?o das freguesias de Covelo de Paivó e Janarde;Uni?o das freguesias de Covelo de Paivó e Janarde;222;44377000
PT16D;0105;010501;no;Aradas;Aradas;9157;8927700
PT16D;0105;010502;no;Cacia;Cacia;7354;35754900
PT16D;0105;010505;no;Esgueira;Esgueira;13431;17148500
PT16D;0105;010508;no;Oliveirinha;Oliveirinha;4817;12070700
PT16D;0105;010510;no;S?o Bernardo;S?o Bernardo;4960;3935600
PT16D;0105;010511;no;S?o Jacinto;S?o Jacinto;993;13837100
PT16D;0105;010513;no;Santa Joana;Santa Joana;8094;5845500
PT16D;0105;010515;30/09/2013;Eixo e Eirol;Eixo e Eirol;6324;22415600
PT16D;0105;010516;30/09/2013;Requeixo, Nossa Senhora de Fátima e Nariz;Requeixo, Nossa Senhora de Fátima e Nariz;4564;32319500
PT16D;0105;010517;30/09/2013;Uni?o das freguesias de Glória e Vera Cruz;Uni?o das freguesias de Glória e Vera Cruz;18756;45320700
PT11C;0106;010602;no;Fornos;Fornos;1439;4110100
PT11C;0106;010606;no;Real;Real;1300;33106500
PT11C;0106;010607;no;Santa Maria de Sardoura;Santa Maria de Sardoura;2538;10063300
PT11C;0106;010608;no;S?o Martinho de Sardoura;S?o Martinho de Sardoura;1931;4312200
PT11C;0106;010610;30/09/2013;Uni?o das freguesias de Raiva, Pedorido e Paraíso;Uni?o das freguesias de Raiva, Pedorido e Paraíso;4694;49372800
PT11C;0106;010611;30/09/2013;Uni?o das freguesias de Sobrado e Bairros;Uni?o das freguesias de Sobrado e Bairros;4831;14040400
PT11A;0107;010702;no;Espinho;Espinho;9832;1766200
PT11A;0107;010704;no;Paramos;Paramos;3515;5871700
PT11A;0107;010705;no;Silvalde;Silvalde;6673;5454800
PT11A;0107;010706;30/09/2013;Uni?o das freguesias de Anta e Guetim;Uni?o das freguesias de Anta e Guetim;11766;7964000
PT16D;0108;010801;no;Avanca;Avanca;6189;21067300
PT16D;0108;010805;no;Pardilhó;Pardilhó;4176;15702500
PT16D;0108;010806;no;Salreu;Salreu;3815;16539100
PT16D;0108;010808;30/09/2013;Uni?o das freguesias de Beduído e Veiros;Uni?o das freguesias de Beduído e Veiros;10047;31842500
PT16D;0108;010809;30/09/2013;Uni?o das freguesias de Canelas e Fermel?;Uni?o das freguesias de Canelas e Fermel?;2770;23021900
PT11A;0109;010901;no;Argoncilhe;Argoncilhe;8420;8213400
PT11A;0109;010902;no;Arrifana;Arrifana;6551;5294700
PT11A;0109;010904;no;Escap?es;Escap?es;3309;4304000
PT11A;0109;010907;no;Fi?es;Fi?es;7991;6378200
PT11A;0109;010908;no;Fornos;Fornos;3397;3136400
PT11A;0109;010913;no;Lourosa;Lourosa;8636;5774000
PT11A;0109;010914;no;Milheirós de Poiares;Milheirós de Poiares;3791;7865100
PT11A;0109;010916;no;Mozelos;Mozelos;7142;5809400
PT11A;0109;010917;no;Nogueira da Regedoura;Nogueira da Regedoura;5790;5099200
PT11A;0109;010918;no;S?o Paio de Oleiros;S?o Paio de Oleiros;4069;3905300
PT11A;0109;010919;no;Paços de Brand?o;Paços de Brand?o;4867;3556200
PT11A;0109;010921;no;Rio Me?o;Rio Me?o;4931;6683400
PT11A;0109;010922;no;Romariz;Romariz;3023;11079900
PT11A;0109;010924;no;Sanguedo;Sanguedo;3600;4565600
PT11A;0109;010925;no;Santa Maria de Lamas;Santa Maria de Lamas;5073;3754500
PT11A;0109;010926;no;S?o Jo?o de Ver;S?o Jo?o de Ver;10579;15374500
PT11A;0109;010932;30/09/2013;Uni?o das freguesias de Caldas de S?o Jorge e Pigeiros;Uni?o das freguesias de Caldas de S?o Jorge e Pigeiros;3897;10640000
PT11A;0109;010933;30/09/2013;Uni?o das freguesias de Canedo, Vale e Vila Maior;Uni?o das freguesias de Canedo, Vale e Vila Maior;9455;43696000
PT11A;0109;010934;30/09/2013;Uni?o das freguesias de Lob?o, Gi?o, Louredo e Guisande;Uni?o das freguesias de Lob?o, Gi?o, Louredo e Guisande;9860;23582200
PT11A;0109;010935;30/09/2013;Uni?o das freguesias de Santa Maria da Feira, Travanca, Sanfins e Espargo;Uni?o das freguesias de Santa Maria da Feira, Travanca, Sanfins e Espargo;18194;23362100
PT11A;0109;010936;30/09/2013;Uni?o das freguesias de S?o Miguel do Souto e Mosteirô;Uni?o das freguesias de S?o Miguel do Souto e Mosteirô;6734;13802600
PT16D;0110;011005;30/09/2013;Gafanha da Encarnaç?o;Gafanha da Encarnaç?o;5362;10982800
PT16D;0110;011006;30/09/2013;Gafanha da Nazaré;Gafanha da Nazaré;15240;16435900
PT16D;0110;011007;30/09/2013;Gafanha do Carmo;Gafanha do Carmo;1526;7054900
PT16D;0110;011008;30/09/2013;Ílhavo (S?o Salvador);Ílhavo (S?o Salvador);16470;39001900
PT16E;0111;011102;no;Barcouço;Barcouço;2152;21308900
PT16E;0111;011103;no;Casal Comba;Casal Comba;3183;18804200
PT16E;0111;011104;no;Luso;Luso;2593;16869400
PT16E;0111;011106;no;Pampilhosa;Pampilhosa;4098;13603400
PT16E;0111;011107;no;Vacariça;Vacariça;1945;18666700
PT16E;0111;011109;30/09/2013;Uni?o das freguesias da Mealhada, Ventosa do Bairro e Antes;Uni?o das freguesias da Mealhada, Ventosa do Bairro e Antes;6457;21404000
PT16D;0112;011201;no;Bunheiro;Bunheiro;2682;24792400
PT16D;0112;011202;no;Monte;Monte;1459;2285700
PT16D;0112;011203;no;Murtosa;Murtosa;3699;14549300
PT16D;0112;011204;no;Torreira;Torreira;2745;31460400
PT11A;0113;011301;no;Carregosa;Carregosa;3419;11817300
PT11A;0113;011302;no;Cesar;Cesar;3166;5427700
PT11A;0113;011303;no;Faj?es;Faj?es;3087;8122200
PT11A;0113;011304;no;Loureiro;Loureiro;3531;17133500
PT11A;0113;011305;no;Macieira de Sarnes;Macieira de Sarnes;1925;3868900
PT11A;0113;011310;no;Ossela;Ossela;2208;17886000
PT11A;0113;011315;no;S?o Martinho da Gândara;S?o Martinho da Gândara;1985;8131300
PT11A;0113;011318;no;S?o Roque;S?o Roque;5228;7052900
PT11A;0113;011319;no;Vila de Cucuj?es;Vila de Cucuj?es;10705;10421100
PT11A;0113;011320;30/09/2013;Uni?o das freguesias de Nogueira do Cravo e Pindelo;Uni?o das freguesias de Nogueira do Cravo e Pindelo;5390;12542200
PT11A;0113;011321;30/09/2013;Uni?o das freguesias de Oliveira de Azeméis, Santiago de Riba-Ul, Ul, Macinhata da Seixa e Madail;Uni?o das freguesias de Oliveira de Azeméis, Santiago de Riba-Ul, Ul, Macinhata da Seixa e Madail;20760;25944500
PT11A;0113;011322;30/09/2013;Uni?o das freguesias de Pinheiro da Bemposta, Travanca e Palmaz;Uni?o das freguesias de Pinheiro da Bemposta, Travanca e Palmaz;7207;32756400
PT16D;0114;011403;no;Oi?;Oi?;7722;26322400
PT16D;0114;011404;no;Oliveira do Bairro;Oliveira do Bairro;6250;22553300
PT16D;0114;011405;no;Palhaça;Palhaça;2627;10025600
PT16D;0114;011407;30/09/2013;Uni?o das freguesias de Bustos, Troviscal e Mamarrosa;Uni?o das freguesias de Bustos, Troviscal e Mamarrosa;6429;28418600
PT16D;0115;011502;no;Cortegaça;Cortegaça;3837;9228600
PT16D;0115;011503;no;Esmoriz;Esmoriz;11448;9167300
PT16D;0115;011504;no;Maceda;Maceda;3521;16079600
PT16D;0115;011507;no;Válega;Válega;6827;26830300
PT16D;0115;011509;30/09/2013;Uni?o das freguesias de Ovar, S?o Jo?o, Arada e S?o Vicente de Pereira Jus?;Uni?o das freguesias de Ovar, S?o Jo?o, Arada e S?o Vicente de Pereira Jus?;29765;86396700
PT11A;0116;011601;no;S?o Jo?o da Madeira;S?o Jo?o da Madeira;21713;7943000
PT16D;0117;011702;no;Couto de Esteves;Couto de Esteves;890;16423900
PT16D;0117;011704;no;Pessegueiro do Vouga;Pessegueiro do Vouga;1852;15854800
PT16D;0117;011705;no;Rocas do Vouga;Rocas do Vouga;1778;14818200
PT16D;0117;011706;no;Sever do Vouga;Sever do Vouga;2777;11580900
PT16D;0117;011708;no;Talhadas;Talhadas;1187;28641300
PT16D;0117;011710;30/09/2013;Uni?o das freguesias de Cedrim e Paradela;Uni?o das freguesias de Cedrim e Paradela;1554;18370000
PT16D;0117;011711;30/09/2013;Uni?o das freguesias de Silva Escura e Dornelas;Uni?o das freguesias de Silva Escura e Dornelas;2318;24186500
PT16D;0118;011801;no;Calv?o;Calv?o;2014;14844100
PT16D;0118;011804;no;Gafanha da Boa Hora;Gafanha da Boa Hora;2625;37215500
PT16D;0118;011805;no;Ouca;Ouca;1805;16271900
PT16D;0118;011807;no;Sosa;Sosa;3069;21693300
PT16D;0118;011810;no;Santo André de Vagos;Santo André de Vagos;2033;12694600
PT16D;0118;011812;30/09/2013;Uni?o das freguesias de Fonte de Ange?o e Cov?o do Lobo;Uni?o das freguesias de Fonte de Ange?o e Cov?o do Lobo;2165;17552500
PT16D;0118;011813;30/09/2013;Uni?o das freguesias de Ponte de Vagos e Santa Catarina;Uni?o das freguesias de Ponte de Vagos e Santa Catarina;2781;13321300
PT16D;0118;011814;30/09/2013;Uni?o das freguesias de Vagos e Santo António;Uni?o das freguesias de Vagos e Santo António;6359;31321900
PT11A;0119;011901;no;Ar?es;Ar?es;1459;40334700
PT11A;0119;011902;30/09/2013;S?o Pedro de Castel?es;S?o Pedro de Castel?es;7181;21099100
PT11A;0119;011903;no;Cepelos;Cepelos;1313;18928300
PT11A;0119;011905;no;Junqueira;Junqueira;1067;18038300
PT11A;0119;011906;30/09/2013;Macieira de Cambra;Macieira de Cambra;4747;18053000
PT11A;0119;011907;no;Roge;Roge;1752;17595800
PT11A;0119;011910;30/09/2013;Uni?o das freguesias de Vila Ch?, Codal e Vila Cova de Perrinho;Uni?o das freguesias de Vila Ch?, Codal e Vila Cova de Perrinho;5345;13285500
PT184;0201;020102;no;Ervidel;Ervidel;1005;38850800
PT184;0201;020103;no;Messejana;Messejana;892;113765600
PT184;0201;020104;no;S?o Jo?o de Negrilhos;S?o Jo?o de Negrilhos;1482;77018400
PT184;0201;020106;30/09/2013;Uni?o das freguesias de Aljustrel e Rio de Moinhos;Uni?o das freguesias de Aljustrel e Rio de Moinhos;5878;228839300
PT184;0202;020203;no;Rosário;Rosário;608;60688800
PT184;0202;020205;no;Santa Cruz;Santa Cruz;651;123380500
PT184;0202;020206;no;S?o Barnabé;S?o Barnabé;531;141673500
PT184;0202;020208;no;Aldeia dos Fernandes;Aldeia dos Fernandes;536;21258000
PT184;0202;020209;30/09/2013;Uni?o das freguesias de Almodôvar e Graça dos Padr?es;Uni?o das freguesias de Almodôvar e Graça dos Padr?es;4168;257065700
PT184;0202;020210;30/09/2013;Uni?o das freguesias de Santa Clara-a-Nova e Gomes Aires;Uni?o das freguesias de Santa Clara-a-Nova e Gomes Aires;955;173813700
PT184;0203;020301;no;Alvito;Alvito;1259;136523400
PT184;0203;020302;no;Vila Nova da Baronia;Vila Nova da Baronia;1245;128329800
PT184;0204;020401;no;Barrancos;Barrancos;1834;168417300
PT184;0205;020502;no;Baleiz?o;Baleiz?o;902;139742900
PT184;0205;020503;no;Beringel;Beringel;1301;15044400
PT184;0205;020504;no;Cabeça Gorda;Cabeça Gorda;1386;78156800
PT184;0205;020506;no;Nossa Senhora das Neves;Nossa Senhora das Neves;1747;53143800
PT184;0205;020510;no;Santa Clara de Louredo;Santa Clara de Louredo;864;71884800
PT184;0205;020516;no;S?o Matias;S?o Matias;569;70227700
PT184;0205;020519;30/09/2013;Uni?o das freguesias de Albernoa e Trindade;Uni?o das freguesias de Albernoa e Trindade;1032;209385000
PT184;0205;020520;30/09/2013;Uni?o das freguesias de Beja (Salvador e Santa Maria da Feira);Uni?o das freguesias de Beja (Salvador e Santa Maria da Feira);11133;22509100
PT184;0205;020521;30/09/2013;Uni?o das freguesias de Beja (Santiago Maior e S?o Jo?o Baptista);Uni?o das freguesias de Beja (Santiago Maior e S?o Jo?o Baptista);14015;51265500
PT184;0205;020522;30/09/2013;Uni?o das freguesias de Salvada e Quintos;Uni?o das freguesias de Salvada e Quintos;1352;199719400
PT184;0205;020523;30/09/2013;Uni?o das freguesias de Santa Vitória e Mombeja;Uni?o das freguesias de Santa Vitória e Mombeja;981;167097900
PT184;0205;020524;30/09/2013;Uni?o das freguesias de Trigaches e S?o Brissos;Uni?o das freguesias de Trigaches e S?o Brissos;572;68259300
PT184;0206;020603;no;Entradas;Entradas;649;76229000
PT184;0206;020604;no;Santa Bárbara de Padr?es;Santa Bárbara de Padr?es;943;66314700
PT184;0206;020605;no;S?o Marcos da Ataboeira;S?o Marcos da Ataboeira;338;104130700
PT184;0206;020606;30/09/2013;Uni?o das freguesias de Castro Verde e Casével;Uni?o das freguesias de Castro Verde e Casével;5346;322767800
PT184;0207;020701;no;Cuba;Cuba;3306;70092100
PT184;0207;020702;no;Faro do Alentejo;Faro do Alentejo;591;44675100
PT184;0207;020703;no;Vila Alva;Vila Alva;514;37197700
PT184;0207;020704;no;Vila Ruiva;Vila Ruiva;467;20122300
PT184;0208;020803;no;Figueira dos Cavaleiros;Figueira dos Cavaleiros;1346;154201900
PT184;0208;020804;no;Odivelas;Odivelas;542;110051300
PT184;0208;020807;30/09/2013;Uni?o das freguesias de Alfund?o e Peroguarda;Uni?o das freguesias de Alfund?o e Peroguarda;1227;88332000
PT184;0208;020808;30/09/2013;Uni?o das freguesias de Ferreira do Alentejo e Canhestros;Uni?o das freguesias de Ferreira do Alentejo e Canhestros;5140;295660400
PT184;0209;020901;no;Alcaria Ruiva;Alcaria Ruiva;849;216668700
PT184;0209;020902;no;Corte do Pinto;Corte do Pinto;857;71459500
PT184;0209;020903;no;Espírito Santo;Espírito Santo;335;135921500
PT184;0209;020904;no;Mértola;Mértola;2824;322770300
PT184;0209;020905;no;Santana de Cambas;Santana de Cambas;797;166721100
PT184;0209;020906;no;S?o Jo?o dos Caldeireiros;S?o Jo?o dos Caldeireiros;567;103954500
PT184;0209;020910;30/09/2013;Uni?o das freguesias de S?o Miguel do Pinheiro, S?o Pedro de Solis e S?o Sebasti?o dos Carros;Uni?o das freguesias de S?o Miguel do Pinheiro, S?o Pedro de Solis e S?o Sebasti?o dos Carros;1045;275377700
PT184;0210;021001;no;Amareleja;Amareleja;2564;108557200
PT184;0210;021002;no;Póvoa de S?o Miguel;Póvoa de S?o Miguel;888;187079300
PT184;0210;021008;no;Sobral da Adiça;Sobral da Adiça;1013;138195800
PT184;0210;021009;30/09/2013;Uni?o das freguesias de Moura (Santo Agostinho e S?o Jo?o Baptista) e Santo Amador;Uni?o das freguesias de Moura (Santo Agostinho e S?o Jo?o Baptista) e Santo Amador;8831;287418300
PT184;0210;021010;30/09/2013;Uni?o das freguesias de Safara e Santo Aleixo da Restauraç?o;Uni?o das freguesias de Safara e Santo Aleixo da Restauraç?o;1871;237204900
PT181;0211;021102;no;Relíquias;Relíquias;931;120082700
PT181;0211;021103;no;Sabóia;Sabóia;1152;155424100
PT181;0211;021106;no;S?o Luís;S?o Luís;1989;146646900
PT181;0211;021107;no;S?o Martinho das Amoreiras;S?o Martinho das Amoreiras;1006;144171600
PT181;0211;021111;no;Vila Nova de Milfontes;Vila Nova de Milfontes;5031;76481000
PT181;0211;021115;no;Luzianes-Gare;Luzianes-Gare;429;94356000
PT181;0211;021116;no;Boavista dos Pinheiros;Boavista dos Pinheiros;1633;37845300
PT181;0211;021117;no;Longueira/Almograve;Longueira/Almograve;1356;91690600
PT181;0211;021118;30/09/2013;Colos;Colos;1061;109769200
PT181;0211;021119;30/09/2013;Santa Clara-a-Velha;Santa Clara-a-Velha;873;163673500
PT181;0211;021120;30/09/2013;S?o Salvador e Santa Maria ;S?o Salvador e Santa Maria ;3119;120997400
PT181;0211;021121;30/09/2013;S?o Teotónio;S?o Teotónio;6439;347254600
PT181;0211;021122;30/09/2013;Vale de Santiago;Vale de Santiago;1047;112208700
PT184;0212;021203;no;Ourique;Ourique;2874;249695400
PT184;0212;021206;no;Santana da Serra;Santana da Serra;850;190942300
PT184;0212;021207;30/09/2013;Uni?o das freguesias de Garv?o e Santa Luzia;Uni?o das freguesias de Garv?o e Santa Luzia;1083;79146100
PT184;0212;021208;30/09/2013;Uni?o das freguesias de Panoias e Conceiç?o;Uni?o das freguesias de Panoias e Conceiç?o;582;143529800
PT184;0213;021302;no;Brinches;Brinches;1039;92401800
PT184;0213;021303;no;Pias;Pias;2852;163861600
PT184;0213;021307;no;Vila Verde de Ficalho;Vila Verde de Ficalho;1459;105394400
PT184;0213;021308;30/09/2013;Uni?o das freguesias de Serpa (Salvador e Santa Maria);Uni?o das freguesias de Serpa (Salvador e Santa Maria);6233;443727800
PT184;0213;021309;30/09/2013;Uni?o das freguesias de Vila Nova de S?o Bento e Vale de Vargo;Uni?o das freguesias de Vila Nova de S?o Bento e Vale de Vargo;4040;300247800
PT184;0214;021401;no;Pedróg?o;Pedróg?o;1151;125690500
PT184;0214;021402;no;Selmes;Selmes;894;137469000
PT184;0214;021403;no;Vidigueira;Vidigueira;2959;27829900
PT184;0214;021404;no;Vila de Frades;Vila de Frades;928;25621400
PT112;0301;030102;no;Barreiros;Barreiros;760;2986500
PT112;0301;030104;no;Bico;Bico;777;2293600
PT112;0301;030105;no;Caires;Caires;868;4715500
PT112;0301;030107;no;Carrazedo;Carrazedo;732;2707700
PT112;0301;030108;no;Dornelas;Dornelas;508;3386200
PT112;0301;030111;no;Fiscal;Fiscal;718;3896900
PT112;0301;030112;no;Go?es;Go?es;557;3027800
PT112;0301;030113;no;Lago;Lago;1910;3990100
PT112;0301;030118;no;Rendufe;Rendufe;1124;3062600
PT112;0301;030119;no;Bouro (Santa Maria);Bouro (Santa Maria);760;6919700
PT112;0301;030120;no;Bouro (Santa Marta);Bouro (Santa Marta);490;9499300
PT112;0301;030125;30/09/2013;Uni?o das freguesias de Amares e Figueiredo;Uni?o das freguesias de Amares e Figueiredo;2654;4560700
PT112;0301;030126;30/09/2013;Uni?o das freguesias de Caldelas, Sequeiros e Paranhos;Uni?o das freguesias de Caldelas, Sequeiros e Paranhos;1187;11372700
PT112;0301;030127;30/09/2013;Uni?o das freguesias de Ferreiros, Prozelo e Besteiros;Uni?o das freguesias de Ferreiros, Prozelo e Besteiros;4573;7337600
PT112;0301;030128;30/09/2013;Uni?o das freguesias de Torre e Portela;Uni?o das freguesias de Torre e Portela;626;3594700
PT112;0301;030129;30/09/2013;Uni?o das freguesias de Vilela, Seramil e Paredes Secas;Uni?o das freguesias de Vilela, Seramil e Paredes Secas;645;8602400
PT112;0302;030201;no;Abade de Neiva;Abade de Neiva;2024;7503600
PT112;0302;030202;no;Aborim;Aborim;891;6181200
PT112;0302;030203;no;Ad?es;Ad?es;790;2690300
PT112;0302;030205;no;Airó;Airó;913;3023400
PT112;0302;030206;no;Aldreu;Aldreu;904;4796700
PT112;0302;030208;no;Alvelos;Alvelos;2145;3381700
PT112;0302;030209;no;Arcozelo;Arcozelo;12840;3436800
PT112;0302;030210;no;Areias;Areias;1014;2511400
PT112;0302;030212;no;Balug?es;Balug?es;841;2726100
PT112;0302;030213;no;Barcelinhos;Barcelinhos;1781;2757000
PT112;0302;030215;no;Barqueiros;Barqueiros;1957;8066400
PT112;0302;030216;no;Cambeses;Cambeses;1300;3311800
PT112;0302;030218;no;Carapeços;Carapeços;2277;8116000
PT112;0302;030220;no;Carvalhal;Carvalhal;1391;2579800
PT112;0302;030221;30/09/2013;Carvalhas;Carvalhas;691;3494500
PT112;0302;030224;no;Cossourado;Cossourado;825;6441200
PT112;0302;030228;no;Cristelo;Cristelo;1875;7714800
PT112;0302;030234;no;Fornelos;Fornelos;803;4291800
PT112;0302;030235;no;Fragoso;Fragoso;2193;12588300
PT112;0302;030237;no;Gilmonde;Gilmonde;1516;5577700
PT112;0302;030242;no;Lama;Lama;1271;3267200
PT112;0302;030243;no;Lijó;Lijó;2306;4419200
PT112;0302;030244;no;Macieira de Rates;Macieira de Rates;2083;7849500
PT112;0302;030245;no;Manhente;Manhente;1703;3910800
PT112;0302;030247;no;Martim;Martim;2375;5317000
PT112;0302;030252;no;Moure;Moure;925;2543100
PT112;0302;030254;no;Oliveira;Oliveira;1004;5457700
PT112;0302;030255;no;Palme;Palme;1073;8314500
PT112;0302;030256;no;Panque;Panque;680;6289500
PT112;0302;030257;no;Paradela;Paradela;850;8358500
PT112;0302;030259;no;Pereira;Pereira;1318;3848100
PT112;0302;030260;no;Perelhal;Perelhal;1749;6803100
PT112;0302;030261;no;Pousa;Pousa;2272;6631600
PT112;0302;030263;no;Remelhe;Remelhe;1309;6124100
PT112;0302;030264;no;Roriz;Roriz;2152;6533900
PT112;0302;030265;no;Rio Covo (Santa Eugénia);Rio Covo (Santa Eugénia);1483;3134100
PT112;0302;030268;no;Galegos (Santa Maria);Galegos (Santa Maria);2987;4588200
PT112;0302;030272;no;Galegos (S?o Martinho);Galegos (S?o Martinho);1930;3122400
PT112;0302;030277;no;Tamel (S?o Veríssimo);Tamel (S?o Veríssimo);3025;3325600
PT112;0302;030279;no;Silva;Silva;913;2179600
PT112;0302;030282;no;Ucha;Ucha;1420;4269400
PT112;0302;030283;no;Várzea;Várzea;1904;2952100
PT112;0302;030287;no;Vila Seca;Vila Seca;1197;4342500
PT112;0302;030290;30/09/2013;Uni?o das freguesias de Alheira e Igreja Nova;Uni?o das freguesias de Alheira e Igreja Nova;1456;10171200
PT112;0302;030291;30/09/2013;Uni?o das freguesias de Alvito (S?o Pedro e S?o Martinho) e Couto;Uni?o das freguesias de Alvito (S?o Pedro e S?o Martinho) e Couto;1438;8543800
PT112;0302;030292;30/09/2013;Uni?o das freguesias de Areias de Vilar e Encourados;Uni?o das freguesias de Areias de Vilar e Encourados;1879;10167700
PT112;0302;030293;30/09/2013;Uni?o das freguesias de Barcelos, Vila Boa e Vila Frescainha (S?o Martinho e S?o Pedro);Uni?o das freguesias de Barcelos, Vila Boa e Vila Frescainha (S?o Martinho e S?o Pedro);11108;9299100
PT112;0302;030294;30/09/2013;Uni?o das freguesias de Campo e Tamel (S?o Pedro Fins);Uni?o das freguesias de Campo e Tamel (S?o Pedro Fins);1521;4806000
PT112;0302;030295;30/09/2013;Uni?o das freguesias de Carreira e Fonte Coberta;Uni?o das freguesias de Carreira e Fonte Coberta;2033;5288400
PT112;0302;030296;30/09/2013;Uni?o das freguesias de Chorente, Góios, Courel, Pedra Furada e Gueral;Uni?o das freguesias de Chorente, Góios, Courel, Pedra Furada e Gueral;2568;16091700
PT112;0302;030297;30/09/2013;Uni?o das freguesias de Creixomil e Mariz;Uni?o das freguesias de Creixomil e Mariz;1208;6976700
PT112;0302;030298;30/09/2013;Uni?o das freguesias de Durr?es e Tregosa;Uni?o das freguesias de Durr?es e Tregosa;1409;6728500
PT112;0302;030299;30/09/2013;Uni?o das freguesias de Gamil e Mid?es;Uni?o das freguesias de Gamil e Mid?es;1386;5835500
PT112;0303;030301;no;Adaúfe;Adaúfe;3711;10805100
PT112;0303;030312;no;Espinho;Espinho;1181;4475800
PT112;0303;030313;no;Espor?es;Espor?es;1709;4740700
PT112;0303;030315;no;Figueiredo;Figueiredo;1198;2026700
PT112;0303;030319;no;Gualtar;Gualtar;5286;2735800
PT112;0303;030322;no;Lamas;Lamas;842;1253500
PT112;0303;030325;no;Mire de Tib?es;Mire de Tib?es;2437;4357100
PT112;0303;030330;no;Padim da Graça;Padim da Graça;1521;3393700
PT112;0303;030331;no;Palmeira;Palmeira;5468;8879600
PT112;0303;030334;no;Pedralva;Pedralva;1110;8068200
PT112;0303;030336;no;Priscos;Priscos;1341;3649100
PT112;0303;030338;no;Ruilhe;Ruilhe;1142;2203500
PT112;0303;030349;no;Braga (S?o Vicente);Braga (S?o Vicente);13236;2550400
PT112;0303;030351;no;Braga (S?o Vítor);Braga (S?o Vítor);29642;4083800
PT112;0303;030354;no;Sequeira;Sequeira;1811;4350500
PT112;0303;030355;no;Sobreposta;Sobreposta;1301;5980300
PT112;0303;030356;no;Tadim;Tadim;1143;2680400
PT112;0303;030357;no;Tebosa;Tebosa;1129;2586200
PT112;0303;030363;30/09/2013;Uni?o das freguesias de Arentim e Cunha;Uni?o das freguesias de Arentim e Cunha;1530;5720500
PT112;0303;030364;30/09/2013;Uni?o das freguesias de Braga (Maximinos, Sé e Cividade);Uni?o das freguesias de Braga (Maximinos, Sé e Cividade);14572;2566900
PT112;0303;030365;30/09/2013;Uni?o das freguesias de Braga (S?o José de S?o Lázaro e S?o Jo?o do Souto);Uni?o das freguesias de Braga (S?o José de S?o Lázaro e S?o Jo?o do Souto);14301;2431700
PT112;0303;030366;30/09/2013;Uni?o das freguesias de Cabreiros e Passos (S?o Juli?o);Uni?o das freguesias de Cabreiros e Passos (S?o Juli?o);2165;4790500
PT112;0303;030367;30/09/2013;Uni?o das freguesias de Celeirós, Aveleda e Vimieiro;Uni?o das freguesias de Celeirós, Aveleda e Vimieiro;6671;7569000
PT112;0303;030368;30/09/2013;Uni?o das freguesias de Crespos e Pousada;Uni?o das freguesias de Crespos e Pousada;1347;7338200
PT112;0303;030369;30/09/2013;Uni?o das freguesias de Escudeiros e Penso (Santo Est?v?o e S?o Vicente);Uni?o das freguesias de Escudeiros e Penso (Santo Est?v?o e S?o Vicente);1864;8036600
PT112;0303;030370;30/09/2013;Uni?o das freguesias de Este (S?o Pedro e S?o Mamede);Uni?o das freguesias de Este (S?o Pedro e S?o Mamede);3837;9794900
PT112;0303;030371;30/09/2013;Uni?o das freguesias de Ferreiros e Gondizalves;Uni?o das freguesias de Ferreiros e Gondizalves;9148;4256200
PT112;0303;030372;30/09/2013;Uni?o das freguesias de Guisande e Oliveira (S?o Pedro);Uni?o das freguesias de Guisande e Oliveira (S?o Pedro);1053;4709400
PT112;0303;030373;30/09/2013;Uni?o das freguesias de Lomar e Arcos;Uni?o das freguesias de Lomar e Arcos;6805;4012700
PT112;0303;030374;30/09/2013;Uni?o das freguesias de Merelim (S?o Paio), Panoias e Parada de Tib?es;Uni?o das freguesias de Merelim (S?o Paio), Panoias e Parada de Tib?es;5363;5359800
PT112;0303;030375;30/09/2013;Uni?o das freguesias de Merelim (S?o Pedro) e Frossos;Uni?o das freguesias de Merelim (S?o Pedro) e Frossos;3726;3148500
PT112;0303;030376;30/09/2013;Uni?o das freguesias de Morreira e Trandeiras;Uni?o das freguesias de Morreira e Trandeiras;1447;4542900
PT112;0303;030377;30/09/2013;Uni?o das freguesias de Nogueira, Frai?o e Lamaç?es;Uni?o das freguesias de Nogueira, Frai?o e Lamaç?es;13054;8395100
PT112;0303;030378;30/09/2013;Uni?o das freguesias de Nogueiró e Ten?es;Uni?o das freguesias de Nogueiró e Ten?es;5129;4427300
PT112;0303;030379;30/09/2013;Uni?o das freguesias de Real, Dume e Semelhe;Uni?o das freguesias de Real, Dume e Semelhe;11700;8465000
PT112;0303;030380;30/09/2013;Uni?o das freguesias de Santa Lucrécia de Algeriz e Navarra;Uni?o das freguesias de Santa Lucrécia de Algeriz e Navarra;994;6217500
PT112;0303;030381;30/09/2013;Uni?o das freguesias de Vilaça e Fradelos;Uni?o das freguesias de Vilaça e Fradelos;1580;2796200
PT119;0304;030401;no;Abadim;Abadim;571;15136400
PT119;0304;030404;no;Basto;Basto;938;5576100
PT119;0304;030405;no;Bucos;Bucos;554;17798500
PT119;0304;030406;no;Cabeceiras de Basto;Cabeceiras de Basto;711;24522400
PT119;0304;030407;no;Cavez;Cavez;1268;26791200
PT119;0304;030408;no;Faia;Faia;558;5149600
PT119;0304;030413;no;Pedraça;Pedraça;760;12168200
PT119;0304;030415;no;Rio Douro;Rio Douro;942;43114200
PT119;0304;030418;30/09/2013;Uni?o das freguesias de Alvite e Passos;Uni?o das freguesias de Alvite e Passos;1184;12189200
PT119;0304;030419;30/09/2013;Uni?o das freguesias de Arco de Baúlhe e Vila Nune;Uni?o das freguesias de Arco de Baúlhe e Vila Nune;2048;9038600
PT119;0304;030420;30/09/2013;Uni?o das freguesias de Gondi?es e Vilar de Cunhas;Uni?o das freguesias de Gondi?es e Vilar de Cunhas;421;41384700
PT119;0304;030421;30/09/2013;Uni?o das freguesias de Refojos de Basto, Outeiro e Painzela;Uni?o das freguesias de Refojos de Basto, Outeiro e Painzela;6755;28952600
PT11C;0305;030501;no;Agilde;Agilde;1227;9012100
PT11C;0305;030502;no;Arnóia;Arnóia;1702;18728900
PT11C;0305;030503;no;Borba de Montanha;Borba de Montanha;1294;10890300
PT11C;0305;030508;no;Codeçoso;Codeçoso;444;10698400
PT11C;0305;030510;no;Fervença;Fervença;1445;12047800
PT11C;0305;030515;no;Moreira do Castelo;Moreira do Castelo;627;6135100
PT11C;0305;030517;no;Rego;Rego;1241;17087800
PT11C;0305;030518;no;Ribas;Ribas;1068;8277900
PT11C;0305;030520;no;Basto (S?o Clemente);Basto (S?o Clemente);1524;15410600
PT11C;0305;030521;no;Vale de Bouro;Vale de Bouro;813;7891100
PT11C;0305;030523;30/09/2013;Uni?o das freguesias de Britelo, Gémeos e Ourilhe;Uni?o das freguesias de Britelo, Gémeos e Ourilhe;3670;17167000
PT11C;0305;030524;30/09/2013;Uni?o das freguesias de Caçarilhe e Infesta;Uni?o das freguesias de Caçarilhe e Infesta;758;11477000
PT11C;0305;030525;30/09/2013;Uni?o das freguesias de Canedo de Basto e Corgo;Uni?o das freguesias de Canedo de Basto e Corgo;1321;13231400
PT11C;0305;030526;30/09/2013;Uni?o das freguesias de Carvalho e Basto (Santa Tecla);Uni?o das freguesias de Carvalho e Basto (Santa Tecla);1001;10025000
PT11C;0305;030527;30/09/2013;Uni?o das freguesias de Veade, Gagos e Molares;Uni?o das freguesias de Veade, Gagos e Molares;1963;12989900
PT112;0306;030601;no;Antas;Antas;2221;9067300
PT112;0306;030608;no;Forj?es;Forj?es;2767;8304700
PT112;0306;030610;no;Gemeses;Gemeses;1078;5568600
PT112;0306;030615;no;Vila Ch?;Vila Ch?;1419;8502000
PT112;0306;030616;30/09/2013;Uni?o das freguesias de Apúlia e F?o;Uni?o das freguesias de Apúlia e F?o;7301;16285700
PT112;0306;030617;30/09/2013;Uni?o das freguesias de Belinho e Mar;Uni?o das freguesias de Belinho e Mar;3199;8946400
PT112;0306;030618;30/09/2013;Uni?o das freguesias de Esposende, Marinhas e Gandra;Uni?o das freguesias de Esposende, Marinhas e Gandra;11111;17314200
PT112;0306;030619;30/09/2013;Uni?o das freguesias de Fonte Boa e Rio Tinto;Uni?o das freguesias de Fonte Boa e Rio Tinto;1944;10378800
PT112;0306;030620;30/09/2013;Uni?o das freguesias de Palmeira de Faro e Curvos;Uni?o das freguesias de Palmeira de Faro e Curvos;3214;11042200
PT119;0307;030705;no;Armil;Armil;735;4648200
PT119;0307;030708;no;Estor?os;Estor?os;1508;5904400
PT119;0307;030709;no;Fafe;Fafe;15703;7969900
PT119;0307;030712;no;Fornelos;Fornelos;1374;2446600
PT119;0307;030714;no;Gol?es;Gol?es;2135;4699200
PT119;0307;030716;no;Medelo;Medelo;1602;2517100
PT119;0307;030719;no;Passos;Passos;1076;4096400
PT119;0307;030722;no;Quinch?es;Quinch?es;2278;10608500
PT119;0307;030723;no;Regadas;Regadas;1661;5902400
PT119;0307;030724;no;Revelhe;Revelhe;849;4910700
PT119;0307;030725;no;Ribeiros;Ribeiros;640;4958000
PT119;0307;030726;no;Ar?es (Santa Cristina);Ar?es (Santa Cristina);1538;3950500
PT119;0307;030728;no;S?o Gens;S?o Gens;1703;14797200
PT119;0307;030729;no;Silvares (S?o Martinho);Silvares (S?o Martinho);1325;6292900
PT119;0307;030730;no;Ar?es (S?o Rom?o);Ar?es (S?o Rom?o);3295;5721300
PT119;0307;030733;no;Travassós;Travassós;1539;8142200
PT119;0307;030736;no;Vinhós;Vinhós;642;2877900
PT119;0307;030737;30/09/2013;Uni?o das freguesias de Aboim, Felgueiras, Gontim e Pedraído;Uni?o das freguesias de Aboim, Felgueiras, Gontim e Pedraído;826;25678400
PT119;0307;030738;30/09/2013;Uni?o das freguesias de Agrela e Seraf?o;Uni?o das freguesias de Agrela e Seraf?o;1180;9193300
PT119;0307;030739;30/09/2013;Uni?o das freguesias de Antime e Silvares (S?o Clemente);Uni?o das freguesias de Antime e Silvares (S?o Clemente);2046;5574700
PT119;0307;030740;30/09/2013;Uni?o das freguesias de Ardeg?o, Arnozela e Seid?es;Uni?o das freguesias de Ardeg?o, Arnozela e Seid?es;1083;9783000
PT119;0307;030741;30/09/2013;Uni?o das freguesias de Cep?es e Fareja;Uni?o das freguesias de Cep?es e Fareja;2265;7389600
PT119;0307;030742;30/09/2013;Uni?o das freguesias de Freitas e Vila Cova;Uni?o das freguesias de Freitas e Vila Cova;804;11477800
PT119;0307;030743;30/09/2013;Uni?o das freguesias de Monte e Queimadela;Uni?o das freguesias de Monte e Queimadela;801;20372400
PT119;0307;030744;30/09/2013;Uni?o das freguesias de Moreira do Rei e Várzea Cova;Uni?o das freguesias de Moreira do Rei e Várzea Cova;2025;29168400
PT119;0308;030801;no;Ald?o;Ald?o;1293;1551500
PT119;0308;030804;no;Azurém;Azurém;8348;2900100
PT119;0308;030806;no;Barco;Barco;1510;3016100
PT119;0308;030807;no;Brito;Brito;4939;5903000
PT119;0308;030808;no;Caldelas;Caldelas;5723;2693600
PT119;0308;030812;no;Costa;Costa;5155;4710500
PT119;0308;030813;no;Creixomil;Creixomil;9641;3006900
PT119;0308;030815;no;Ferment?es;Ferment?es;5707;3755600
PT119;0308;030820;no;Gonça;Gonça;1051;7026000
PT119;0308;030821;no;Gondar;Gondar;2837;2508500
PT119;0308;030823;no;Guardizela;Guardizela;2474;3975700
PT119;0308;030824;no;Infantas;Infantas;1764;6494400
PT119;0308;030827;no;Longos;Longos;1372;7236100
PT119;0308;030828;no;Lordelo;Lordelo;4287;4972500
PT119;0308;030830;no;Mes?o Frio;Mes?o Frio;4173;4130300
PT119;0308;030831;no;Moreira de Cónegos;Moreira de Cónegos;4853;4724700
PT119;0308;030832;no;Nespereira;Nespereira;2578;3688300
PT119;0308;030835;no;Pencelo;Pencelo;1258;2398400
PT119;0308;030836;no;Pinheiro;Pinheiro;1234;1932700
PT119;0308;030837;no;Polvoreira;Polvoreira;3495;3294800
PT119;0308;030838;no;Ponte;Ponte;6610;6011000
PT119;0308;030840;no;Ronfe;Ronfe;4462;5020500
PT119;0308;030842;no;Prazins (Santa Eufémia);Prazins (Santa Eufémia);1221;2234800
PT119;0308;030850;no;Selho (S?o Cristóv?o);Selho (S?o Cristóv?o);2357;2664300
PT119;0308;030854;no;Selho (S?o Jorge);Selho (S?o Jorge);5729;5201600
PT119;0308;030857;no;Candoso (S?o Martinho);Candoso (S?o Martinho);1340;2208400
PT119;0308;030858;no;Sande (S?o Martinho);Sande (S?o Martinho);2533;3304300
PT119;0308;030865;no;S?o Torcato;S?o Torcato;3373;10385100
PT119;0308;030866;no;Serzedelo;Serzedelo;3630;5138600
PT119;0308;030868;no;Silvares;Silvares;2282;4488500
PT119;0308;030871;no;Urgezes;Urgezes;5259;3314800
PT119;0308;030875;30/09/2013;Uni?o das freguesias de Abaç?o e Gémeos;Uni?o das freguesias de Abaç?o e Gémeos;2694;6733700
PT119;0308;030876;30/09/2013;Uni?o das freguesias de Air?o Santa Maria, Air?o S?o Jo?o e Vermil;Uni?o das freguesias de Air?o Santa Maria, Air?o S?o Jo?o e Vermil;3657;7483400
PT119;0308;030877;30/09/2013;Uni?o das freguesias de Arosa e Castel?es;Uni?o das freguesias de Arosa e Castel?es;809;5523100
PT119;0308;030878;30/09/2013;Uni?o das freguesias de At?es e Rendufe;Uni?o das freguesias de At?es e Rendufe;2630;12089200
PT119;0308;030879;30/09/2013;Uni?o das freguesias de Briteiros Santo Est?v?o e Donim;Uni?o das freguesias de Briteiros Santo Est?v?o e Donim;2089;5938300
PT119;0308;030880;30/09/2013;Uni?o das freguesias de Briteiros S?o Salvador e Briteiros Santa Leocádia;Uni?o das freguesias de Briteiros S?o Salvador e Briteiros Santa Leocádia;1799;9388800
PT119;0308;030881;30/09/2013;Uni?o das freguesias de Candoso S?o Tiago e Mascotelos;Uni?o das freguesias de Candoso S?o Tiago e Mascotelos;3794;3859500
PT119;0308;030882;30/09/2013;Uni?o das freguesias de Conde e Gandarela;Uni?o das freguesias de Conde e Gandarela;2452;3641600
PT119;0308;030883;30/09/2013;Uni?o das freguesias de Leit?es, Oleiros e Figueiredo;Uni?o das freguesias de Leit?es, Oleiros e Figueiredo;1466;8977100
PT119;0308;030884;30/09/2013;Uni?o das freguesias de Oliveira, S?o Paio e S?o Sebasti?o;Uni?o das freguesias de Oliveira, S?o Paio e S?o Sebasti?o;8137;1554900
PT119;0308;030885;30/09/2013;Uni?o das freguesias de Prazins Santo Tirso e Corvite;Uni?o das freguesias de Prazins Santo Tirso e Corvite;1876;4587600
PT119;0308;030886;30/09/2013;Uni?o das freguesias de Sande S?o Lourenço e Balazar;Uni?o das freguesias de Sande S?o Lourenço e Balazar;1537;6457800
PT119;0308;030887;30/09/2013;Uni?o das freguesias de Sande Vila Nova e Sande S?o Clemente;Uni?o das freguesias de Sande Vila Nova e Sande S?o Clemente;3434;7253100
PT119;0308;030888;30/09/2013;Uni?o das freguesias de Selho S?o Lourenço e Gominh?es;Uni?o das freguesias de Selho S?o Lourenço e Gominh?es;2293;4152600
PT119;0308;030889;30/09/2013;Uni?o das freguesias de Serzedo e Calvos;Uni?o das freguesias de Serzedo e Calvos;2284;4504400
PT119;0308;030890;30/09/2013;Uni?o das freguesias de Souto Santa Maria, Souto S?o Salvador e Gondomar;Uni?o das freguesias de Souto Santa Maria, Souto S?o Salvador e Gondomar;2096;13869300
PT119;0308;030891;30/09/2013;Uni?o das freguesias de Tabuadelo e S?o Faustino;Uni?o das freguesias de Tabuadelo e S?o Faustino;2553;5048500
PT119;0309;030906;no;Covelas;Covelas;416;2909300
PT119;0309;030908;no;Ferreiros;Ferreiros;416;4400200
PT119;0309;030912;no;Galegos;Galegos;543;2942100
PT119;0309;030913;no;Garfe;Garfe;1000;5435800
PT119;0309;030914;no;Geraz do Minho;Geraz do Minho;546;4843300
PT119;0309;030915;no;Lanhoso;Lanhoso;720;6057900
PT119;0309;030917;no;Monsul;Monsul;770;3278700
PT119;0309;030919;no;Póvoa de Lanhoso (Nossa Senhora do Amparo);Póvoa de Lanhoso (Nossa Senhora do Amparo);5048;5703200
PT119;0309;030921;no;Rendufinho;Rendufinho;736;8365300
PT119;0309;030922;no;Santo Emili?o;Santo Emili?o;926;2137900
PT119;0309;030923;no;S?o Jo?o de Rei;S?o Jo?o de Rei;401;5462100
PT119;0309;030924;no;Serzedelo;Serzedelo;719;10063500
PT119;0309;030925;no;Sobradelo da Goma;Sobradelo da Goma;794;10119200
PT119;0309;030926;no;Taíde;Taíde;1613;6665300
PT119;0309;030927;no;Travassos;Travassos;698;4638200
PT119;0309;030929;no;Vilela;Vilela;615;4578500
PT119;0309;030930;30/09/2013;Uni?o das freguesias de Águas Santas e Moure;Uni?o das freguesias de Águas Santas e Moure;659;3911000
PT119;0309;030931;30/09/2013;Uni?o das freguesias de Calvos e Frades;Uni?o das freguesias de Calvos e Frades;753;8716100
PT119;0309;030932;30/09/2013;Uni?o das freguesias de Campos e Louredo;Uni?o das freguesias de Campos e Louredo;1485;5064300
PT119;0309;030933;30/09/2013;Uni?o das freguesias de Esperança e Brunhais;Uni?o das freguesias de Esperança e Brunhais;652;8209700
PT119;0309;030934;30/09/2013;Uni?o das freguesias de Fonte Arcada e Oliveira;Uni?o das freguesias de Fonte Arcada e Oliveira;1672;11058900
PT119;0309;030935;30/09/2013;Uni?o das freguesias de Verim, Friande e Ajude;Uni?o das freguesias de Verim, Friande e Ajude;736;10092400
PT112;0310;031001;no;Balança;Balança;341;3764900
PT112;0310;031003;no;Campo do Ger?s;Campo do Ger?s;162;68764800
PT112;0310;031004;no;Carvalheira;Carvalheira;386;9053400
PT112;0310;031008;no;Covide;Covide;343;18094800
PT112;0310;031009;no;Gondoriz;Gondoriz;295;7400800
PT112;0310;031010;no;Moimenta;Moimenta;741;3353800
PT112;0310;031012;no;Ribeira;Ribeira;242;2245200
PT112;0310;031013;no;Rio Caldo;Rio Caldo;892;13953700
PT112;0310;031014;no;Souto;Souto;494;4026100
PT112;0310;031015;no;Valdosende;Valdosende;630;12115200
PT112;0310;031017;no;Vilar da Veiga;Vilar da Veiga;1286;77825700
PT112;0310;031018;30/09/2013;Uni?o das freguesias de Chamoim e Vilar;Uni?o das freguesias de Chamoim e Vilar;440;12568200
PT112;0310;031019;30/09/2013;Uni?o das freguesias de Chorense e Monte;Uni?o das freguesias de Chorense e Monte;580;20263400
PT112;0310;031020;30/09/2013;Uni?o das freguesias de Cib?es e Brufe;Uni?o das freguesias de Cib?es e Brufe;421;24030700
PT119;0311;031105;no;Cantel?es;Cantel?es;828;11542600
PT119;0311;031107;no;Eira Vedra;Eira Vedra;702;5585900
PT119;0311;031108;no;Guilhofrei;Guilhofrei;961;11232500
PT119;0311;031109;no;Louredo;Louredo;436;7613700
PT119;0311;031110;no;Mosteiro;Mosteiro;774;10819200
PT119;0311;031111;no;Parada do Bouro;Parada do Bouro;469;7710600
PT119;0311;031112;no;Pinheiro;Pinheiro;447;10266300
PT119;0311;031113;no;Rossas;Rossas;1673;31566000
PT119;0311;031115;no;Salamonde;Salamonde;387;8370000
PT119;0311;031118;no;Tabuaças;Tabuaças;919;9682400
PT119;0311;031120;no;Vieira do Minho;Vieira do Minho;2239;7186400
PT119;0311;031122;30/09/2013;Uni?o das freguesias de Anissó e Soutelo;Uni?o das freguesias de Anissó e Soutelo;392;8151900
PT119;0311;031123;30/09/2013;Uni?o das freguesias de Anjos e Vilar do Ch?o;Uni?o das freguesias de Anjos e Vilar do Ch?o;589;24987600
PT119;0311;031124;30/09/2013;Uni?o das freguesias de Caniçada e Soengas;Uni?o das freguesias de Caniçada e Soengas;603;8989500
PT119;0311;031125;30/09/2013;Uni?o das freguesias de Ruiv?es e Campos;Uni?o das freguesias de Ruiv?es e Campos;923;44034600
PT119;0311;031126;30/09/2013;Uni?o das freguesias de Ventosa e Cova;Uni?o das freguesias de Ventosa e Cova;659;8704400
PT119;0312;031204;no;Bairro;Bairro;3598;3352700
PT119;0312;031206;no;Brufe;Brufe;2231;2489200
PT119;0312;031210;no;Castel?es;Castel?es;2021;3528500
PT119;0312;031212;no;Cruz;Cruz;1738;4131700
PT119;0312;031213;no;Del?es;Del?es;3917;2463200
PT119;0312;031215;no;Fradelos;Fradelos;3914;16803400
PT119;0312;031216;no;Gavi?o;Gavi?o;3747;4040900
PT119;0312;031219;no;Joane;Joane;8089;7315800
PT119;0312;031221;no;Landim;Landim;2834;4510000
PT119;0312;031223;no;Louro;Louro;2250;4980300
PT119;0312;031224;no;Lousado;Lousado;4057;5817700
PT119;0312;031225;no;Mogege;Mogege;1943;2868100
PT119;0312;031227;no;Nine;Nine;2974;4336100
PT119;0312;031230;no;Pedome;Pedome;2120;2630800
PT119;0312;031232;no;Pousada de Saramagos;Pousada de Saramagos;2234;2120300
PT119;0312;031233;no;Requi?o;Requi?o;3376;7416400
PT119;0312;031234;no;Riba de Ave;Riba de Ave;3425;2757200
PT119;0312;031235;no;Ribeir?o;Ribeir?o;8828;10290900
PT119;0312;031239;no;Oliveira (Santa Maria);Oliveira (Santa Maria);3420;4520800
PT119;0312;031241;no;Vale (S?o Martinho);Vale (S?o Martinho);2081;3601200
PT119;0312;031242;no;Oliveira (S?o Mateus);Oliveira (S?o Mateus);2714;2170500
PT119;0312;031247;no;Vermoim;Vermoim;2930;4714400
PT119;0312;031249;no;Vilarinho das Cambas;Vilarinho das Cambas;1366;8410600
PT119;0312;031250;30/09/2013;Uni?o das freguesias de Antas e Abade de Vermoim;Uni?o das freguesias de Antas e Abade de Vermoim;7362;5441900
PT119;0312;031251;30/09/2013;Uni?o das freguesias de Arnoso (Santa Maria e Santa Eulália) e Sezures;Uni?o das freguesias de Arnoso (Santa Maria e Santa Eulália) e Sezures;3543;8809000
PT119;0312;031252;30/09/2013;Uni?o das freguesias de Avidos e Lagoa;Uni?o das freguesias de Avidos e Lagoa;2653;4673300
PT119;0312;031253;30/09/2013;Uni?o das freguesias de Carreira e Bente;Uni?o das freguesias de Carreira e Bente;2576;3579700
PT119;0312;031254;30/09/2013;Uni?o das freguesias de Esmeriz e Cabeçudos;Uni?o das freguesias de Esmeriz e Cabeçudos;3684;7254100
PT119;0312;031255;30/09/2013;Uni?o das freguesias de Gondifelos, Caval?es e Outiz;Uni?o das freguesias de Gondifelos, Caval?es e Outiz;4890;16705600
PT119;0312;031256;30/09/2013;Uni?o das freguesias de Lemenhe, Mouquim e Jesufrei;Uni?o das freguesias de Lemenhe, Mouquim e Jesufrei;3217;9831700
PT119;0312;031257;30/09/2013;Uni?o das freguesias de Ruiv?es e Novais;Uni?o das freguesias de Ruiv?es e Novais;3012;4547900
PT119;0312;031258;30/09/2013;Uni?o das freguesias de Seide;Uni?o das freguesias de Seide;1542;2854700
PT119;0312;031259;30/09/2013;Uni?o das freguesias de Vale (S?o Cosme), Telhado e Portela;Uni?o das freguesias de Vale (S?o Cosme), Telhado e Portela;5401;13688300
PT119;0312;031260;30/09/2013;Uni?o das freguesias de Vila Nova de Famalic?o e Calendário;Uni?o das freguesias de Vila Nova de Famalic?o e Calendário;20145;8935800
PT112;0313;031304;no;Ati?es;Ati?es;520;4036500
PT112;0313;031308;no;Cabanelas;Cabanelas;2102;6740300
PT112;0313;031309;no;Cerv?es;Cerv?es;1981;10890500
PT112;0313;031311;no;Coucieiro;Coucieiro;531;4216700
PT112;0313;031313;no;Doss?os;Doss?os;500;3346700
PT112;0313;031316;no;Freiriz;Freiriz;1099;5842500
PT112;0313;031317;30/09/2013;G?me;G?me;551;1596700
PT112;0313;031323;30/09/2013;Lage;Lage;2895;4668000
PT112;0313;031324;no;Lanhas;Lanhas;581;1829600
PT112;0313;031325;no;Loureira;Loureira;1152;1759500
PT112;0313;031328;no;Moure;Moure;1421;4501700
PT112;0313;031330;no;Oleiros;Oleiros;1169;3779000
PT112;0313;031331;no;Parada de Gatim;Parada de Gatim;793;3215200
PT112;0313;031335;no;Pico;Pico;610;2801800
PT112;0313;031337;no;Ponte;Ponte;483;3412100
PT112;0313;031340;no;Sabariz;Sabariz;443;2070100
PT112;0313;031342;no;Vila de Prado;Vila de Prado;4472;5515100
PT112;0313;031350;no;Prado (S?o Miguel);Prado (S?o Miguel);717;5506000
PT112;0313;031352;no;Soutelo;Soutelo;2102;4171200
PT112;0313;031354;no;Turiz;Turiz;1746;3620300
PT112;0313;031355;no;Valdreu;Valdreu;516;17956600
PT112;0313;031359;30/09/2013;Aboim da Nóbrega e Gondomar;Aboim da Nóbrega e Gondomar;1058;14411700
PT112;0313;031360;30/09/2013;Uni?o das freguesias da Ribeira do Neiva;Uni?o das freguesias da Ribeira do Neiva;3807;33762500
PT112;0313;031361;30/09/2013;Uni?o das freguesias de Carreiras (S?o Miguel) e Carreiras (Santiago);Uni?o das freguesias de Carreiras (S?o Miguel) e Carreiras (Santiago);930;4404400
PT112;0313;031362;30/09/2013;Uni?o das freguesias de Escariz (S?o Mamede) e Escariz (S?o Martinho);Uni?o das freguesias de Escariz (S?o Mamede) e Escariz (S?o Martinho);749;5779300
PT112;0313;031363;30/09/2013;Uni?o das freguesias de Esqueiros, Nevogilde e Travassós;Uni?o das freguesias de Esqueiros, Nevogilde e Travassós;1035;5024900
PT112;0313;031364;30/09/2013;Uni?o das freguesias de Marrancos e Arcozelo;Uni?o das freguesias de Marrancos e Arcozelo;909;6488500
PT112;0313;031365;30/09/2013;Uni?o das freguesias de Oriz (Santa Marinha) e Oriz (S?o Miguel);Uni?o das freguesias de Oriz (Santa Marinha) e Oriz (S?o Miguel);571;6056400
PT112;0313;031366;30/09/2013;Uni?o das freguesias de Pico de Regalados, Gondi?es e Mós;Uni?o das freguesias de Pico de Regalados, Gondi?es e Mós;1515;9530200
PT112;0313;031367;30/09/2013;Uni?o das freguesias de Sande, Vilarinho, Barros e Gomide;Uni?o das freguesias de Sande, Vilarinho, Barros e Gomide;1564;12383300
PT112;0313;031368;30/09/2013;Uni?o das freguesias de Valbom (S?o Pedro), Passô e Valbom (S?o Martinho);Uni?o das freguesias de Valbom (S?o Pedro), Passô e Valbom (S?o Martinho);642;6185200
PT112;0313;031369;30/09/2013;Uni?o das freguesias do Vade;Uni?o das freguesias do Vade;1677;15639100
PT112;0313;031370;30/09/2013;Vila Verde e Barbudo;Vila Verde e Barbudo;7047;7523600
PT119;0314;031401;no;Santa Eulália;Santa Eulália;5619;5640500
PT119;0314;031404;no;Infias;Infias;1840;3113400
PT119;0314;031406;no;Vizela (Santo Adri?o);Vizela (Santo Adri?o);2280;3011500
PT119;0314;031408;30/09/2013;Uni?o das freguesias de Caldas de Vizela (S?o Miguel e S?o Jo?o);Uni?o das freguesias de Caldas de Vizela (S?o Miguel e S?o Jo?o);10633;7683800
PT119;0314;031409;30/09/2013;Uni?o das freguesias de Tagilde e Vizela (S?o Paio);Uni?o das freguesias de Tagilde e Vizela (S?o Paio);3364;5249000
PT11E;0401;040102;no;Alfândega da Fé;Alfândega da Fé;2055;40621200
PT11E;0401;040103;no;Cerejais;Cerejais;202;16999600
PT11E;0401;040111;no;Sambade;Sambade;475;31487900
PT11E;0401;040118;no;Vilar Ch?o;Vilar Ch?o;259;24549100
PT11E;0401;040119;no;Vilarelhos;Vilarelhos;275;12053500
PT11E;0401;040120;no;Vilares de Vilariça;Vilares de Vilariça;216;14919600
PT11E;0401;040121;30/09/2013;Uni?o das freguesias de Agrobom, Saldonha e Vale Pereiro;Uni?o das freguesias de Agrobom, Saldonha e Vale Pereiro;265;32603500
PT11E;0401;040122;30/09/2013;Uni?o das freguesias de Eucisia, Gouveia e Valverde;Uni?o das freguesias de Eucisia, Gouveia e Valverde;357;50820100
PT11E;0401;040123;30/09/2013;Uni?o das freguesias de Ferradosa e Sendim da Serra;Uni?o das freguesias de Ferradosa e Sendim da Serra;251;27057900
PT11E;0401;040124;30/09/2013;Uni?o das freguesias de Gebelim e Soeima;Uni?o das freguesias de Gebelim e Soeima;332;30597700
PT11E;0401;040125;30/09/2013;Uni?o das freguesias de Parada e Sendim da Ribeira;Uni?o das freguesias de Parada e Sendim da Ribeira;216;25043600
PT11E;0401;040126;30/09/2013;Uni?o das freguesias de Pombal e Vales;Uni?o das freguesias de Pombal e Vales;201;15192700
PT11E;0402;040201;no;Alfai?o;Alfai?o;173;17582500
PT11E;0402;040203;no;Babe;Babe;238;25616600
PT11E;0402;040204;no;Baçal;Baçal;484;28365600
PT11E;0402;040206;no;Carragosa;Carragosa;190;27771900
PT11E;0402;040209;no;Castro de Avel?s;Castro de Avel?s;460;13478700
PT11E;0402;040210;no;Coelhoso;Coelhoso;319;19781300
PT11E;0402;040212;no;Donai;Donai;446;15068600
PT11E;0402;040213;no;Espinhosela;Espinhosela;244;37028000
PT11E;0402;040215;no;França;França;238;53713000
PT11E;0402;040216;no;Gimonde;Gimonde;341;16495900
PT11E;0402;040217;no;Gondesende;Gondesende;194;12941800
PT11E;0402;040218;no;Gostei;Gostei;425;19492100
PT11E;0402;040219;no;Grijó de Parada;Grijó de Parada;296;31186600
PT11E;0402;040221;no;Macedo do Mato;Macedo do Mato;208;15541700
PT11E;0402;040224;no;Mós;Mós;178;11623000
PT11E;0402;040225;no;Nogueira;Nogueira;495;12071300
PT11E;0402;040226;no;Outeiro;Outeiro;301;40932100
PT11E;0402;040229;no;Parâmio;Parâmio;214;22565400
PT11E;0402;040230;no;Pinela;Pinela;219;22649200
PT11E;0402;040232;no;Quintanilha;Quintanilha;216;20302000
PT11E;0402;040233;no;Quintela de Lampaças;Quintela de Lampaças;215;19984800
PT11E;0402;040234;no;Rabal;Rabal;171;23371300
PT11E;0402;040236;no;Rebord?os;Rebord?os;546;26292000
PT11E;0402;040239;no;Salsas;Salsas;389;26118000
PT11E;0402;040240;no;Samil;Samil;1246;10247500
PT11E;0402;040241;no;Santa Comba de Rossas;Santa Comba de Rossas;304;8747700
PT11E;0402;040244;no;S?o Pedro de Sarracenos;S?o Pedro de Sarracenos;366;15908000
PT11E;0402;040246;no;Sendas;Sendas;183;19174300
PT11E;0402;040247;no;Serapicos;Serapicos;208;28249500
PT11E;0402;040248;no;Sortes;Sortes;296;21303800
PT11E;0402;040249;no;Zoio;Zoio;189;24391100
PT11E;0402;040250;30/09/2013;Uni?o das freguesias de Aveleda e Rio de Onor;Uni?o das freguesias de Aveleda e Rio de Onor;272;106352100
PT11E;0402;040251;30/09/2013;Uni?o das freguesias de Castrelos e Carrazedo;Uni?o das freguesias de Castrelos e Carrazedo;241;50530700
PT11E;0402;040252;30/09/2013;Uni?o das freguesias de Izeda, Calvelhe e Paradinha Nova;Uni?o das freguesias de Izeda, Calvelhe e Paradinha Nova;1212;72670100
PT11E;0402;040253;30/09/2013;Uni?o das freguesias de Parada e Faílde;Uni?o das freguesias de Parada e Faílde;657;52133000
PT11E;0402;040254;30/09/2013;Uni?o das freguesias de Rebordainhos e Pombares;Uni?o das freguesias de Rebordainhos e Pombares;187;24071600
PT11E;0402;040255;30/09/2013;Uni?o das freguesias de Rio Frio e Milh?o;Uni?o das freguesias de Rio Frio e Milh?o;364;63506300
PT11E;0402;040256;30/09/2013;Uni?o das freguesias de S?o Juli?o de Palácios e Deil?o;Uni?o das freguesias de S?o Juli?o de Palácios e Deil?o;400;80621300
PT11E;0402;040257;30/09/2013;Uni?o das freguesias de Sé, Santa Maria e Meixedo;Uni?o das freguesias de Sé, Santa Maria e Meixedo;22016;35692200
PT11D;0403;040304;no;Carrazeda de Ansi?es;Carrazeda de Ansi?es;1701;8960400
PT11D;0403;040306;no;Fonte Longa;Fonte Longa;301;13330100
PT11D;0403;040308;no;Linhares;Linhares;421;28641500
PT11D;0403;040309;no;Marzag?o;Marzag?o;315;16220200
PT11D;0403;040311;no;Parambos;Parambos;247;11175200
PT11D;0403;040312;no;Pereiros;Pereiros;235;14700800
PT11D;0403;040313;no;Pinhal do Norte;Pinhal do Norte;263;16814600
PT11D;0403;040314;no;Pombal;Pombal;324;16819700
PT11D;0403;040316;no;Seixo de Ansi?es;Seixo de Ansi?es;290;23992200
PT11D;0403;040318;no;Vilarinho da Castanheira;Vilarinho da Castanheira;415;28256200
PT11D;0403;040320;30/09/2013;Uni?o das freguesias de Amedo e Zedes;Uni?o das freguesias de Amedo e Zedes;462;23428100
PT11D;0403;040321;30/09/2013;Uni?o das freguesias de Belver e Mogo de Malta;Uni?o das freguesias de Belver e Mogo de Malta;433;19804900
PT11D;0403;040322;30/09/2013;Uni?o das freguesias de Castanheiro do Norte e Ribalonga;Uni?o das freguesias de Castanheiro do Norte e Ribalonga;519;20704300
PT11D;0403;040323;30/09/2013;Uni?o das freguesias de Lavandeira, Beira Grande e Selores;Uni?o das freguesias de Lavandeira, Beira Grande e Selores;447;36392700
PT11D;0404;040404;no;Ligares;Ligares;397;45692200
PT11D;0404;040406;no;Poiares;Poiares;411;40735400
PT11D;0404;040407;30/09/2013;Uni?o das freguesias de Freixo de Espada ? Cinta e Mazouco;Uni?o das freguesias de Freixo de Espada ? Cinta e Mazouco;2355;93447000
PT11D;0404;040408;30/09/2013;Uni?o das freguesias de Lagoaça e Fornos;Uni?o das freguesias de Lagoaça e Fornos;617;64268300
PT11E;0405;040502;no;Amendoeira;Amendoeira;427;15721900
PT11E;0405;040503;no;Arcas;Arcas;262;23015300
PT11E;0405;040507;no;Carrapatas;Carrapatas;197;6507800
PT11E;0405;040509;no;Chacim;Chacim;265;19429300
PT11E;0405;040510;no;Cortiços;Cortiços;296;24251600
PT11E;0405;040511;no;Corujas;Corujas;168;9907100
PT11E;0405;040514;no;Ferreira;Ferreira;194;19644600
PT11E;0405;040515;no;Grijó;Grijó;371;8905900
PT11E;0405;040516;no;Lagoa;Lagoa;312;35114000
PT11E;0405;040517;no;Lamalonga;Lamalonga;402;16972900
PT11E;0405;040518;no;Lamas;Lamas;278;7789600
PT11E;0405;040519;no;Lombo;Lombo;346;14403300
PT11E;0405;040520;no;Macedo de Cavaleiros;Macedo de Cavaleiros;6257;14911300
PT11E;0405;040521;no;Morais;Morais;644;52162700
PT11E;0405;040523;no;Olmos;Olmos;208;18703100
PT11E;0405;040524;no;Peredo;Peredo;258;22077600
PT11E;0405;040526;no;Salselas;Salselas;386;36310400
PT11E;0405;040528;30/09/2013;Sezulfe;Sezulfe;263;15218500
PT11E;0405;040530;no;Talhas;Talhas;316;43800300
PT11E;0405;040532;no;Vale Benfeito;Vale Benfeito;181;15135600
PT11E;0405;040533;no;Vale da Porca;Vale da Porca;286;17427300
PT11E;0405;040534;no;Vale de Prados;Vale de Prados;431;10367500
PT11E;0405;040536;no;Vilarinho de Agroch?o;Vilarinho de Agroch?o;235;13852600
PT11E;0405;040538;no;Vinhas;Vinhas;236;33019400
PT11E;0405;040539;30/09/2013;Uni?o das freguesias de Ala e Vilarinho do Monte;Uni?o das freguesias de Ala e Vilarinho do Monte;484;40770200
PT11E;0405;040540;30/09/2013;Uni?o das freguesias de Bornes e Burga;Uni?o das freguesias de Bornes e Burga;443;26045200
PT11E;0405;040541;30/09/2013;Uni?o das freguesias de Castel?os e Vilar do Monte;Uni?o das freguesias de Castel?os e Vilar do Monte;547;18838400
PT11E;0405;040542;30/09/2013;Uni?o das freguesias de Espadanedo, Edroso, Murçós e Soutelo Mourisco;Uni?o das freguesias de Espadanedo, Edroso, Murçós e Soutelo Mourisco;448;64130000
PT11E;0405;040543;30/09/2013;Uni?o das freguesias de Podence e Santa Combinha;Uni?o das freguesias de Podence e Santa Combinha;306;19455000
PT11E;0405;040544;30/09/2013;Uni?o das freguesias de Talhinhas e Bagueixe;Uni?o das freguesias de Talhinhas e Bagueixe;329;35252400
PT11E;0406;040604;no;Duas Igrejas;Duas Igrejas;599;49895700
PT11E;0406;040605;no;Genísio;Genísio;186;29467900
PT11E;0406;040607;no;Malhadas;Malhadas;344;27673900
PT11E;0406;040608;no;Miranda do Douro;Miranda do Douro;2254;35524600
PT11E;0406;040609;no;Palaçoulo;Palaçoulo;554;42371300
PT11E;0406;040611;no;Picote;Picote;301;19433700
PT11E;0406;040612;no;Póvoa;Póvoa;208;22537800
PT11E;0406;040613;no;S?o Martinho de Angueira;S?o Martinho de Angueira;307;36771200
PT11E;0406;040616;no;Vila Ch? de Braciosa;Vila Ch? de Braciosa;327;42937200
PT11E;0406;040618;30/09/2013;Uni?o das freguesias de Constantim e Cicouro;Uni?o das freguesias de Constantim e Cicouro;204;36330100
PT11E;0406;040619;30/09/2013;Uni?o das freguesias de Ifanes e Paradela;Uni?o das freguesias de Ifanes e Paradela;311;44698800
PT11E;0406;040620;30/09/2013;Uni?o das freguesias de Sendim e Atenor;Uni?o das freguesias de Sendim e Atenor;1487;58929300
PT11E;0406;040621;30/09/2013;Uni?o das freguesias de Silva e Águas Vivas;Uni?o das freguesias de Silva e Águas Vivas;400;40611600
PT11E;0407;040701;no;Abambres;Abambres;347;18816000
PT11E;0407;040702;no;Abreiro;Abreiro;257;24028000
PT11E;0407;040703;no;Aguieiras;Aguieiras;289;14722500
PT11E;0407;040704;no;Alvites;Alvites;237;17808900
PT11E;0407;040708;no;Bouça;Bouça;261;12989900
PT11E;0407;040709;no;Cabanelas;Cabanelas;386;18656500
PT11E;0407;040710;no;Caravelas;Caravelas;214;12565700
PT11E;0407;040711;no;Carvalhais;Carvalhais;1299;22038600
PT11E;0407;040712;no;Ced?es;Ced?es;338;25439600
PT11E;0407;040713;no;Cobro;Cobro;205;12312900
PT11E;0407;040714;no;Fradizela;Fradizela;234;12772600
PT11E;0407;040716;no;Frechas;Frechas;929;18541700
PT11E;0407;040718;no;Lamas de Orelh?o;Lamas de Orelh?o;394;19221800
PT11E;0407;040720;no;Mascarenhas;Mascarenhas;550;28138500
PT11E;0407;040721;no;Mirandela;Mirandela;11852;32449400
PT11E;0407;040722;no;Múrias;Múrias;281;22551300
PT11E;0407;040724;no;Passos;Passos;423;18387000
PT11E;0407;040727;no;S?o Pedro Velho;S?o Pedro Velho;329;23626100
PT11E;0407;040728;no;S?o Salvador;S?o Salvador;223;14213000
PT11E;0407;040729;no;Suç?es;Suç?es;574;36205000
PT11E;0407;040730;no;Torre de Dona Chama;Torre de Dona Chama;1105;27684000
PT11E;0407;040731;no;Vale de Asnes;Vale de Asnes;271;21417200
PT11E;0407;040732;no;Vale de Gouvinhas;Vale de Gouvinhas;319;17140200
PT11E;0407;040733;no;Vale de Salgueiro;Vale de Salgueiro;424;15167600
PT11E;0407;040734;no;Vale de Telhas;Vale de Telhas;283;15168000
PT11E;0407;040738;30/09/2013;Uni?o das freguesias de Avantos e Romeu;Uni?o das freguesias de Avantos e Romeu;376;27413900
PT11E;0407;040739;30/09/2013;Uni?o das freguesias de Avidagos, Navalho e Pereira;Uni?o das freguesias de Avidagos, Navalho e Pereira;531;33164900
PT11E;0407;040740;30/09/2013;Uni?o das freguesias de Barcel, Marmelos e Valverde da Gestosa;Uni?o das freguesias de Barcel, Marmelos e Valverde da Gestosa;415;48744900
PT11E;0407;040741;30/09/2013;Uni?o das freguesias de Franco e Vila Boa;Uni?o das freguesias de Franco e Vila Boa;334;26339100
PT11E;0407;040742;30/09/2013;Uni?o das freguesias de Freixeda e Vila Verde;Uni?o das freguesias de Freixeda e Vila Verde;170;21232000
PT11E;0408;040801;no;Azinhoso;Azinhoso;307;30802100
PT11E;0408;040802;no;Bemposta;Bemposta;602;37919100
PT11E;0408;040803;no;Bruçó;Bruçó;211;32380700
PT11E;0408;040804;no;Brunhoso;Brunhoso;216;20811700
PT11E;0408;040807;no;Castelo Branco;Castelo Branco;449;54311000
PT11E;0408;040808;no;Castro Vicente;Castro Vicente;337;34786500
PT11E;0408;040809;no;Meirinhos;Meirinhos;287;53401600
PT11E;0408;040811;no;Paradela;Paradela;156;20532900
PT11E;0408;040812;no;Penas Roias;Penas Roias;382;33279600
PT11E;0408;040813;no;Peredo da Bemposta;Peredo da Bemposta;188;18158900
PT11E;0408;040815;no;Saldanha;Saldanha;165;25901800
PT11E;0408;040817;no;S?o Martinho do Peso;S?o Martinho do Peso;355;52191500
PT11E;0408;040819;no;Tó;Tó;154;23684700
PT11E;0408;040820;no;Travanca;Travanca;172;21056700
PT11E;0408;040821;no;Urrós;Urrós;318;31939900
PT11E;0408;040822;no;Vale da Madre;Vale da Madre;156;11565400
PT11E;0408;040826;no;Vila de Ala;Vila de Ala;234;26725500
PT11E;0408;040829;30/09/2013;Uni?o das freguesias de Brunhozinho, Castanheira e Sanhoane;Uni?o das freguesias de Brunhozinho, Castanheira e Sanhoane;289;42763000
PT11E;0408;040830;30/09/2013;Uni?o das freguesias de Mogadouro, Valverde, Vale de Porco e Vilar de Rei;Uni?o das freguesias de Mogadouro, Valverde, Vale de Porco e Vilar de Rei;3887;103215800
PT11E;0408;040831;30/09/2013;Uni?o das freguesias de Remondes e Soutelo;Uni?o das freguesias de Remondes e Soutelo;341;36484600
PT11E;0408;040832;30/09/2013;Uni?o das freguesias de Vilarinho dos Galegos e Ventozelo;Uni?o das freguesias de Vilarinho dos Galegos e Ventozelo;336;48736100
PT11D;0409;040901;no;Açoreira;Açoreira;524;23980300
PT11D;0409;040903;no;Cabeça Boa;Cabeça Boa;428;26371900
PT11D;0409;040905;no;Carviçais;Carviçais;757;62999500
PT11D;0409;040906;no;Castedo;Castedo;236;17936200
PT11D;0409;040909;no;Horta da Vilariça;Horta da Vilariça;310;16421500
PT11D;0409;040910;no;Larinho;Larinho;365;29486100
PT11D;0409;040911;no;Lousa;Lousa;358;33937400
PT11D;0409;040913;no;Mós;Mós;246;59125900
PT11D;0409;040916;no;Torre de Moncorvo;Torre de Moncorvo;2891;36083600
PT11D;0409;040918;30/09/2013;Uni?o das freguesias de Adeganha e Cardanha;Uni?o das freguesias de Adeganha e Cardanha;574;64457900
PT11D;0409;040919;30/09/2013;Uni?o das freguesias de Felgar e Souto da Velha;Uni?o das freguesias de Felgar e Souto da Velha;1047;46931900
PT11D;0409;040920;30/09/2013;Uni?o das freguesias de Felgueiras e Maçores;Uni?o das freguesias de Felgueiras e Maçores;460;38929900
PT11D;0409;040921;30/09/2013;Uni?o das freguesias de Urrós e Peredo dos Castelhanos;Uni?o das freguesias de Urrós e Peredo dos Castelhanos;376;74894700
PT11E;0410;041002;no;Benlhevai;Benlhevai;234;11351100
PT11E;0410;041005;no;Freixiel;Freixiel;640;34737800
PT11E;0410;041009;no;Roios;Roios;150;15302700
PT11E;0410;041010;no;Sam?es;Sam?es;338;13477400
PT11E;0410;041011;no;Sampaio;Sampaio;159;8621800
PT11E;0410;041012;no;Santa Comba de Vilariça;Santa Comba de Vilariça;407;12186100
PT11E;0410;041013;no;Seixo de Manhoses;Seixo de Manhoses;469;9031700
PT11E;0410;041014;no;Trindade;Trindade;162;14981900
PT11E;0410;041015;no;Vale Frechoso;Vale Frechoso;189;19301200
PT11E;0410;041020;30/09/2013;Uni?o das freguesias de Assares e Lod?es;Uni?o das freguesias de Assares e Lod?es;241;14264800
PT11E;0410;041021;30/09/2013;Uni?o das freguesias de Candoso e Carvalho de Egas;Uni?o das freguesias de Candoso e Carvalho de Egas;272;10024900
PT11E;0410;041022;30/09/2013;Uni?o das freguesias de Valtorno e Mour?o;Uni?o das freguesias de Valtorno e Mour?o;364;19309100
PT11E;0410;041023;30/09/2013;Uni?o das freguesias de Vila Flor e Nabo;Uni?o das freguesias de Vila Flor e Nabo;2413;40257200
PT11E;0410;041024;30/09/2013;Uni?o das freguesias de Vilas Boas e Vilarinho das Azenhas;Uni?o das freguesias de Vilas Boas e Vilarinho das Azenhas;659;42963800
PT11E;0411;041103;no;Argozelo;Argozelo;701;29526700
PT11E;0411;041107;no;Carç?o;Carç?o;419;27338700
PT11E;0411;041108;no;Matela;Matela;228;44523100
PT11E;0411;041109;no;Pinelo;Pinelo;222;32994400
PT11E;0411;041110;no;Santulh?o;Santulh?o;423;49377400
PT11E;0411;041113;no;Vilar Seco;Vilar Seco;181;23415800
PT11E;0411;041114;no;Vimioso;Vimioso;1285;55343100
PT11E;0411;041115;30/09/2013;Uni?o das freguesias de Algoso, Campo de Víboras e Uva;Uni?o das freguesias de Algoso, Campo de Víboras e Uva;567;96531700
PT11E;0411;041116;30/09/2013;Uni?o das freguesias de Caçarelhos e Angueira;Uni?o das freguesias de Caçarelhos e Angueira;335;53155800
PT11E;0411;041117;30/09/2013;Uni?o das freguesias de Vale de Frades e Avelanoso;Uni?o das freguesias de Vale de Frades e Avelanoso;308;69378500
PT11E;0412;041201;no;Agroch?o;Agroch?o;280;17485200
PT11E;0412;041203;no;Candedo;Candedo;331;21439000
PT11E;0412;041204;no;Celas;Celas;269;37883800
PT11E;0412;041206;no;Edral;Edral;198;26162400
PT11E;0412;041207;no;Edrosa;Edrosa;151;21811300
PT11E;0412;041208;no;Ervedosa;Ervedosa;376;30153800
PT11E;0412;041215;no;Paçó;Paçó;191;16668100
PT11E;0412;041216;no;Penhas Juntas;Penhas Juntas;255;26353300
PT11E;0412;041219;no;Rebordelo;Rebordelo;618;21065500
PT11E;0412;041221;no;Santalha;Santalha;254;29035400
PT11E;0412;041226;no;Tuizelo;Tuizelo;387;31353000
PT11E;0412;041227;no;Vale das Fontes;Vale das Fontes;347;17761200
PT11E;0412;041229;no;Vila Boa de Ousilh?o;Vila Boa de Ousilh?o;184;8278500
PT11E;0412;041230;no;Vila Verde;Vila Verde;186;14884500
PT11E;0412;041232;no;Vilar de Ossos;Vilar de Ossos;269;17701900
PT11E;0412;041233;no;Vilar de Peregrinos;Vilar de Peregrinos;155;15993000
PT11E;0412;041234;no;Vilar Seco de Lomba;Vilar Seco de Lomba;235;22322700
PT11E;0412;041235;no;Vinhais;Vinhais;2245;32013300
PT11E;0412;041236;30/09/2013;Uni?o das freguesias de Curopos e Vale de Janeiro;Uni?o das freguesias de Curopos e Vale de Janeiro;313;36204400
PT11E;0412;041237;30/09/2013;Uni?o das freguesias de Moimenta e Montouto;Uni?o das freguesias de Moimenta e Montouto;278;43365600
PT11E;0412;041238;30/09/2013;Uni?o das freguesias de Nunes e Ousilh?o;Uni?o das freguesias de Nunes e Ousilh?o;257;21494800
PT11E;0412;041239;30/09/2013;Uni?o das freguesias de Quirás e Pinheiro Novo;Uni?o das freguesias de Quirás e Pinheiro Novo;286;59190000
PT11E;0412;041240;30/09/2013;Uni?o das freguesias de Sobreiro de Baixo e Alvaredos;Uni?o das freguesias de Sobreiro de Baixo e Alvaredos;369;26787600
PT11E;0412;041241;30/09/2013;Uni?o das freguesias de Soeira, Fresulfe e Mofreita;Uni?o das freguesias de Soeira, Fresulfe e Mofreita;224;46672100
PT11E;0412;041242;30/09/2013;Uni?o das freguesias de Travanca e Santa Cruz;Uni?o das freguesias de Travanca e Santa Cruz;171;23201700
PT11E;0412;041243;30/09/2013;Uni?o das freguesias de Vilar de Lomba e S?o Jomil;Uni?o das freguesias de Vilar de Lomba e S?o Jomil;237;29482100
PT16J;0501;050102;no;Caria;Caria;1921;39028100
PT16J;0501;050104;no;Inguias;Inguias;670;23204900
PT16J;0501;050105;no;Maçainhas;Maçainhas;356;18206500
PT16J;0501;050106;30/09/2013;Uni?o das freguesias de Belmonte e Colmeal da Torre;Uni?o das freguesias de Belmonte e Colmeal da Torre;3912;38319600
PT16H;0502;050201;no;Alcains;Alcains;5022;36944700
PT16H;0502;050202;no;Almaceda;Almaceda;677;72192700
PT16H;0502;050203;no;Benquerenças;Benquerenças;720;61031400
PT16H;0502;050205;no;Castelo Branco;Castelo Branco;35242;170262400
PT16H;0502;050211;no;Lardosa;Lardosa;961;44471400
PT16H;0502;050212;no;Louriçal do Campo;Louriçal do Campo;636;22305600
PT16H;0502;050214;no;Malpica do Tejo;Malpica do Tejo;517;246022200
PT16H;0502;050216;no;Monforte da Beira;Monforte da Beira;378;120354600
PT16H;0502;050220;no;Salgueiro do Campo;Salgueiro do Campo;891;30338600
PT16H;0502;050221;no;Santo André das Tojeiras;Santo André das Tojeiras;747;74874100
PT16H;0502;050222;no;S?o Vicente da Beira;S?o Vicente da Beira;1259;100002600
PT16H;0502;050223;no;Sarzedas;Sarzedas;1335;172049000
PT16H;0502;050225;no;Tinalhas;Tinalhas;585;16194900
PT16H;0502;050226;30/09/2013;Uni?o das freguesias de Cebolais de Cima e Retaxo;Uni?o das freguesias de Cebolais de Cima e Retaxo;1869;25126100
PT16H;0502;050227;30/09/2013;Uni?o das freguesias de Escalos de Baixo e Mata;Uni?o das freguesias de Escalos de Baixo e Mata;1216;70076500
PT16H;0502;050228;30/09/2013;Uni?o das freguesias de Escalos de Cima e Lousa;Uni?o das freguesias de Escalos de Cima e Lousa;1559;51235500
PT16H;0502;050229;30/09/2013;Uni?o das freguesias de Freixial e Juncal do Campo;Uni?o das freguesias de Freixial e Juncal do Campo;823;40667600
PT16H;0502;050230;30/09/2013;Uni?o das freguesias de Ninho do Açor e Sobral do Campo;Uni?o das freguesias de Ninho do Açor e Sobral do Campo;746;42969200
PT16H;0502;050231;30/09/2013;Uni?o das freguesias de Póvoa de Rio de Moinhos e Cafede;Uni?o das freguesias de Póvoa de Rio de Moinhos e Cafede;926;41072500
PT16J;0503;050302;no;Aldeia de S?o Francisco de Assis;Aldeia de S?o Francisco de Assis;632;16078400
PT16J;0503;050305;no;Boidobra;Boidobra;3246;16260000
PT16J;0503;050308;no;Cortes do Meio;Cortes do Meio;884;47402300
PT16J;0503;050309;no;Dominguizo;Dominguizo;1119;4949000
PT16J;0503;050310;no;Erada;Erada;709;43395200
PT16J;0503;050311;no;Ferro;Ferro;1700;30759100
PT16J;0503;050312;no;Orjais;Orjais;806;18897800
PT16J;0503;050314;no;Paul;Paul;1624;23992100
PT16J;0503;050315;no;Peraboa;Peraboa;953;27201200
PT16J;0503;050318;no;S?o Jorge da Beira;S?o Jorge da Beira;633;23050800
PT16J;0503;050322;no;Sobral de S?o Miguel;Sobral de S?o Miguel;418;23935200
PT16J;0503;050324;no;Tortosendo;Tortosendo;5624;17750600
PT16J;0503;050325;no;Unhais da Serra;Unhais da Serra;1398;29930800
PT16J;0503;050327;no;Verdelhos;Verdelhos;664;36492600
PT16J;0503;050332;30/09/2013;Uni?o das freguesias de Barco e Coutada;Uni?o das freguesias de Barco e Coutada;879;24025500
PT16J;0503;050333;30/09/2013;Uni?o das freguesias de Cantar-Galo e Vila do Carvalho;Uni?o das freguesias de Cantar-Galo e Vila do Carvalho;3974;15800600
PT16J;0503;050334;30/09/2013;Uni?o das freguesias de Casegas e Ourondo;Uni?o das freguesias de Casegas e Ourondo;797;48246600
PT16J;0503;050335;30/09/2013;Uni?o das freguesias de Covilh? e Canhoso;Uni?o das freguesias de Covilh? e Canhoso;19022;25949500
PT16J;0503;050336;30/09/2013;Uni?o das freguesias de Peso e Vales do Rio;Uni?o das freguesias de Peso e Vales do Rio;1411;15889700
PT16J;0503;050337;30/09/2013;Uni?o das freguesias de Teixoso e Sarzedo;Uni?o das freguesias de Teixoso e Sarzedo;4490;46693300
PT16J;0503;050338;30/09/2013;Uni?o das freguesias de Vale Formoso e Aldeia do Souto;Uni?o das freguesias de Vale Formoso e Aldeia do Souto;814;18900200
PT16J;0504;050401;no;Alcaide;Alcaide;616;16715100
PT16J;0504;050402;no;Alcaria;Alcaria;1180;21481400
PT16J;0504;050403;no;Alcongosta;Alcongosta;497;7310500
PT16J;0504;050406;no;Alpedrinha;Alpedrinha;1087;16186900
PT16J;0504;050408;no;Barroca;Barroca;496;23098700
PT16J;0504;050410;no;Bogas de Cima;Bogas de Cima;347;31242900
PT16J;0504;050411;no;Capinha;Capinha;494;39635800
PT16J;0504;050412;no;Castelejo;Castelejo;656;29518200
PT16J;0504;050413;no;Castelo Novo;Castelo Novo;406;40510900
PT16J;0504;050416;no;Fatela;Fatela;564;11265700
PT16J;0504;050419;no;Lavacolhos;Lavacolhos;236;19865300
PT16J;0504;050420;no;Orca;Orca;650;54983200
PT16J;0504;050421;no;P?ro Viseu;P?ro Viseu;728;19200800
PT16J;0504;050424;no;Silvares;Silvares;968;20245300
PT16J;0504;050425;no;Soalheira;Soalheira;891;12422900
PT16J;0504;050426;no;Souto da Casa;Souto da Casa;807;29369400
PT16J;0504;050427;no;Telhado;Telhado;618;17641500
PT16J;0504;050431;no;Enxames;Enxames;520;22483900
PT16J;0504;050432;30/09/2013;Tr?s Povos;Tr?s Povos;914;65956800
PT16J;0504;050433;30/09/2013;Uni?o das freguesias de Janeiro de Cima e Bogas de Baixo;Uni?o das freguesias de Janeiro de Cima e Bogas de Baixo;500;46360900
PT16J;0504;050434;30/09/2013;Uni?o das freguesias de Fund?o, Valverde, Donas, Aldeia de Joanes e Aldeia Nova do Cabo;Uni?o das freguesias de Fund?o, Valverde, Donas, Aldeia de Joanes e Aldeia Nova do Cabo;13434;57831400
PT16J;0504;050435;30/09/2013;Uni?o das freguesias de Póvoa de Atalaia e Atalaia do Campo;Uni?o das freguesias de Póvoa de Atalaia e Atalaia do Campo;1188;24181600
PT16J;0504;050436;30/09/2013;Uni?o das freguesias de Vale de Prazeres e Mata da Rainha;Uni?o das freguesias de Vale de Prazeres e Mata da Rainha;1416;72689000
PT16H;0505;050502;no;Aldeia de Santa Margarida;Aldeia de Santa Margarida;292;13621800
PT16H;0505;050505;no;Ladoeiro;Ladoeiro;1290;63284600
PT16H;0505;050506;no;Medelim;Medelim;272;30474200
PT16H;0505;050509;no;Oledo;Oledo;355;27665200
PT16H;0505;050510;no;Penha Garcia;Penha Garcia;748;128417900
PT16H;0505;050511;no;Proença-a-Velha;Proença-a-Velha;224;58001700
PT16H;0505;050512;no;Rosmaninhal;Rosmaninhal;537;266587800
PT16H;0505;050514;no;S?o Miguel de Acha;S?o Miguel de Acha;560;41260800
PT16H;0505;050516;no;Toul?es;Toul?es;237;36727900
PT16H;0505;050518;30/09/2013;Uni?o das freguesias de Idanha-a-Nova e Alcafozes;Uni?o das freguesias de Idanha-a-Nova e Alcafozes;2554;284781900
PT16H;0505;050519;30/09/2013;Uni?o das freguesias de Monfortinho e Salvaterra do Extremo;Uni?o das freguesias de Monfortinho e Salvaterra do Extremo;706;135387000
PT16H;0505;050520;30/09/2013;Uni?o das freguesias de Monsanto e Idanha-a-Velha;Uni?o das freguesias de Monsanto e Idanha-a-Velha;892;152730500
PT16H;0505;050521;30/09/2013;Uni?o das freguesias de Zebreira e Segura;Uni?o das freguesias de Zebreira e Segura;1049;177393800
PT16H;0506;050601;no;Álvaro;Álvaro;237;29408400
PT16H;0506;050603;no;Cambas;Cambas;309;48538400
PT16H;0506;050605;no;Isna;Isna;209;27941000
PT16H;0506;050606;no;Madeir?;Madeir?;171;26874300
PT16H;0506;050607;no;Mosteiro;Mosteiro;307;17695400
PT16H;0506;050609;no;Orvalho;Orvalho;678;33311300
PT16H;0506;050610;no;Sarnadas de S?o Sim?o;Sarnadas de S?o Sim?o;217;31003300
PT16H;0506;050611;no;Sobral;Sobral;160;19163900
PT16H;0506;050613;30/09/2013;Estreito-Vilar Barroco;Estreito-Vilar Barroco;1011;93512900
PT16H;0506;050614;30/09/2013;Oleiros-Amieira;Oleiros-Amieira;2422;143644200
PT16H;0507;050704;no;Aranhas;Aranhas;353;5476700
PT16H;0507;050706;no;Benquerença;Benquerença;575;28601500
PT16H;0507;050707;no;Meim?o;Meim?o;280;33116800
PT16H;0507;050708;no;Meimoa;Meimoa;373;28795400
PT16H;0507;050710;no;Penamacor;Penamacor;1577;373498600
PT16H;0507;050711;no;Salvador;Salvador;476;10486800
PT16H;0507;050712;no;Vale da Senhora da Póvoa;Vale da Senhora da Póvoa;257;19312300
PT16H;0507;050713;30/09/2013;Uni?o das freguesias de Aldeia do Bispo, Águas e Aldeia de Jo?o Pires;Uni?o das freguesias de Aldeia do Bispo, Águas e Aldeia de Jo?o Pires;1171;32709800
PT16H;0507;050714;30/09/2013;Uni?o das freguesias de Pedróg?o de S?o Pedro e Bemposta;Uni?o das freguesias de Pedróg?o de S?o Pedro e Bemposta;620;31709100
PT16H;0508;050802;no;Montes da Senhora;Montes da Senhora;748;36730400
PT16H;0508;050805;no;S?o Pedro do Esteval;S?o Pedro do Esteval;527;68499000
PT16H;0508;050807;30/09/2013;Uni?o das freguesias de Proença-a-Nova e Peral;Uni?o das freguesias de Proença-a-Nova e Peral;4969;171513700
PT16H;0508;050808;30/09/2013;Uni?o das freguesias de Sobreira Formosa e Alvito da Beira;Uni?o das freguesias de Sobreira Formosa e Alvito da Beira;2070;118656500
PT16I;0509;050901;no;Cabeçudo;Cabeçudo;957;10393800
PT16I;0509;050902;no;Carvalhal;Carvalhal;465;10020200
PT16I;0509;050903;no;Castelo;Castelo;1046;24574300
PT16I;0509;050911;no;Pedróg?o Pequeno;Pedróg?o Pequeno;753;36856900
PT16I;0509;050912;no;Sert?;Sert?;6196;80947500
PT16I;0509;050913;no;Troviscal;Troviscal;864;53370700
PT16I;0509;050914;no;Várzea dos Cavaleiros;Várzea dos Cavaleiros;820;34506400
PT16I;0509;050915;30/09/2013;Uni?o das freguesias de Cernache do Bonjardim, Nesperal e Palhais;Uni?o das freguesias de Cernache do Bonjardim, Nesperal e Palhais;3625;101586800
PT16I;0509;050916;30/09/2013;Uni?o das freguesias de Cumeada e Marmeleiro;Uni?o das freguesias de Cumeada e Marmeleiro;731;51732800
PT16I;0509;050917;30/09/2013;Uni?o das freguesias de Ermida e Figueiredo;Uni?o das freguesias de Ermida e Figueiredo;423;42742200
PT16I;0510;051001;no;Fundada;Fundada;638;36544300
PT16I;0510;051002;no;S?o Jo?o do Peso;S?o Jo?o do Peso;204;13050700
PT16I;0510;051003;no;Vila de Rei;Vila de Rei;2610;141950900
PT16H;0511;051101;no;Fratel;Fratel;608;97843800
PT16H;0511;051102;no;Perais;Perais;510;81951500
PT16H;0511;051103;no;Sarnadas de Ród?o;Sarnadas de Ród?o;637;59675400
PT16H;0511;051104;no;Vila Velha de Ród?o;Vila Velha de Ród?o;1766;90440900
PT16E;0601;060102;no;Arganil;Arganil;4002;34110100
PT16E;0601;060104;no;Benfeita;Benfeita;394;21769500
PT16E;0601;060105;no;Celavisa;Celavisa;182;15271900
PT16E;0601;060109;no;Folques;Folques;356;18356300
PT16E;0601;060111;no;Piód?o;Piód?o;178;36570200
PT16E;0601;060112;no;Pomares;Pomares;513;31517100
PT16E;0601;060113;no;Pombeiro da Beira;Pombeiro da Beira;1010;32649000
PT16E;0601;060114;no;S?o Martinho da Cortiça;S?o Martinho da Cortiça;1319;31542200
PT16E;0601;060115;no;Sarzedo;Sarzedo;685;11555500
PT16E;0601;060116;no;Secarias;Secarias;430;6940700
PT16E;0601;060119;30/09/2013;Uni?o das freguesias de Cepos e Teixeira;Uni?o das freguesias de Cepos e Teixeira;270;32711000
PT16E;0601;060120;30/09/2013;Uni?o das freguesias de Cerdeira e Moura da Serra;Uni?o das freguesias de Cerdeira e Moura da Serra;439;18423800
PT16E;0601;060121;30/09/2013;Uni?o das freguesias de Côja e Barril de Alva;Uni?o das freguesias de Côja e Barril de Alva;1708;24296300
PT16E;0601;060122;30/09/2013;Uni?o das freguesias de Vila Cova de Alva e Anseriz;Uni?o das freguesias de Vila Cova de Alva e Anseriz;659;17125800
PT16E;0602;060201;no;Anç?;Anç?;2625;18095800
PT16E;0602;060203;no;Cadima;Cadima;2963;26991300
PT16E;0602;060205;no;Cordinh?;Cordinh?;1034;9916900
PT16E;0602;060207;no;Febres;Febres;3352;22941800
PT16E;0602;060208;no;Murtede;Murtede;1431;20166700
PT16E;0602;060209;no;Ourent?;Ourent?;1208;18355200
PT16E;0602;060214;no;Tocha;Tocha;3992;78439500
PT16E;0602;060215;no;S?o Caetano;S?o Caetano;801;19038100
PT16E;0602;060218;no;Sanguinheira;Sanguinheira;1901;26604700
PT16E;0602;060220;30/09/2013;Uni?o das freguesias de Cantanhede e Pocariça;Uni?o das freguesias de Cantanhede e Pocariça;8839;54090000
PT16E;0602;060221;30/09/2013;Uni?o das freguesias de Cov?es e Camarneira;Uni?o das freguesias de Cov?es e Camarneira;2979;36859400
PT16E;0602;060222;30/09/2013;Uni?o das freguesias de Portunhos e Outil;Uni?o das freguesias de Portunhos e Outil;2045;30721500
PT16E;0602;060223;30/09/2013;Uni?o das freguesias de Sepins e Bolho;Uni?o das freguesias de Sepins e Bolho;1924;17613600
PT16E;0602;060224;30/09/2013;Uni?o das freguesias de Vilamar e Corticeiro de Cima;Uni?o das freguesias de Vilamar e Corticeiro de Cima;1501;11045800
PT16E;0603;060301;no;Almalagu?s;Almalagu?s;3111;23163900
PT16E;0603;060309;no;Brasfemes;Brasfemes;1969;9177900
PT16E;0603;060311;no;Ceira;Ceira;3701;12424900
PT16E;0603;060312;no;Cernache;Cernache;4048;19165200
PT16E;0603;060318;no;Santo António dos Olivais;Santo António dos Olivais;38936;19273300
PT16E;0603;060320;no;S?o Jo?o do Campo;S?o Jo?o do Campo;2073;7919500
PT16E;0603;060324;no;S?o Silvestre;S?o Silvestre;3122;10273400
PT16E;0603;060329;no;Torres do Mondego;Torres do Mondego;2402;16662900
PT16E;0603;060332;30/09/2013;Uni?o das freguesias de Antuzede e Vil de Matos;Uni?o das freguesias de Antuzede e Vil de Matos;3146;17623900
PT16E;0603;060333;30/09/2013;Uni?o das freguesias de Assafarge e Antanhol;Uni?o das freguesias de Assafarge e Antanhol;5302;19511300
PT16E;0603;060334;30/09/2013;Uni?o das freguesias de Coimbra (Sé Nova, Santa Cruz, Almedina e S?o Bartolomeu);Uni?o das freguesias de Coimbra (Sé Nova, Santa Cruz, Almedina e S?o Bartolomeu);13971;8334800
PT16E;0603;060335;30/09/2013;Uni?o das freguesias de Eiras e S?o Paulo de Frades;Uni?o das freguesias de Eiras e S?o Paulo de Frades;17921;24777100
PT16E;0603;060336;30/09/2013;Uni?o das freguesias de Santa Clara e Castelo Viegas;Uni?o das freguesias de Santa Clara e Castelo Viegas;11624;17627700
PT16E;0603;060337;30/09/2013;Uni?o das freguesias de S?o Martinho de Árvore e Lamarosa;Uni?o das freguesias de S?o Martinho de Árvore e Lamarosa;3102;20881700
PT16E;0603;060338;30/09/2013;Uni?o das freguesias de S?o Martinho do Bispo e Ribeira de Frades;Uni?o das freguesias de S?o Martinho do Bispo e Ribeira de Frades;16049;24677400
PT16E;0603;060339;30/09/2013;Uni?o das freguesias de Souselas e Bot?o;Uni?o das freguesias de Souselas e Bot?o;4680;33007000
PT16E;0603;060340;30/09/2013;Uni?o das freguesias de Taveiro, Ameal e Arzila;Uni?o das freguesias de Taveiro, Ameal e Arzila;4285;24339600
PT16E;0603;060341;30/09/2013;Uni?o das freguesias de Trouxemil e Torre de Vilela;Uni?o das freguesias de Trouxemil e Torre de Vilela;3954;10557800
PT16E;0604;060401;no;Anobra;Anobra;1316;16382900
PT16E;0604;060406;no;Ega;Ega;2835;32550600
PT16E;0604;060407;no;Furadouro;Furadouro;206;14412200
PT16E;0604;060410;no;Zambujal;Zambujal;402;18418000
PT16E;0604;060411;30/09/2013;Uni?o das freguesias de Condeixa-a-Velha e Condeixa-a-Nova;Uni?o das freguesias de Condeixa-a-Velha e Condeixa-a-Nova;8608;27653600
PT16E;0604;060412;30/09/2013;Uni?o das freguesias de Sebal e Belide;Uni?o das freguesias de Sebal e Belide;2723;12986100
PT16E;0604;060413;30/09/2013;Uni?o das freguesias de Vila Seca e Bem da Fé;Uni?o das freguesias de Vila Seca e Bem da Fé;988;16271400
PT16E;0605;060502;no;Alqueid?o;Alqueid?o;1752;19664800
PT16E;0605;060507;30/09/2013;Maiorca;Maiorca;2703;25135500
PT16E;0605;060508;no;Marinha das Ondas;Marinha das Ondas;3179;27412200
PT16E;0605;060512;30/09/2013;Tavarede;Tavarede;9441;10713600
PT16E;0605;060513;30/09/2013;Vila Verde;Vila Verde;2898;17292400
PT16E;0605;060514;no;S?o Pedro;S?o Pedro;2910;7005200
PT16E;0605;060515;no;Bom Sucesso;Bom Sucesso;2133;60361700
PT16E;0605;060518;30/09/2013;Moinhos da Gândara;Moinhos da Gândara;1265;10744300
PT16E;0605;060519;30/09/2013;Alhadas;Alhadas;4757;31844400
PT16E;0605;060520;30/09/2013;Buarcos;Buarcos;18454;15530400
PT16E;0605;060521;30/09/2013;Ferreira-a-Nova;Ferreira-a-Nova;2477;27830900
PT16E;0605;060522;30/09/2013;Lavos;Lavos;3999;42023600
PT16E;0605;060523;30/09/2013;Pai?o;Pai?o;3115;31187100
PT16E;0605;060524;30/09/2013;Quiaios;Quiaios;3042;52306500
PT16E;0606;060601;no;Alvares;Alvares;812;100573300
PT16E;0606;060604;no;Góis;Góis;2171;72871000
PT16E;0606;060605;30/09/2013;Vila Nova do Ceira;Vila Nova do Ceira;929;19701200
PT16E;0606;060606;30/09/2013;Uni?o das freguesias de Cadafaz e Colmeal;Uni?o das freguesias de Cadafaz e Colmeal;348;70156300
PT16E;0607;060704;no;Serpins;Serpins;1802;36122000
PT16E;0607;060706;no;Gândaras;Gândaras;1308;10040500
PT16E;0607;060707;30/09/2013;Uni?o das freguesias de Foz de Arouce e Casal de Ermio;Uni?o das freguesias de Foz de Arouce e Casal de Ermio;1438;19835300
PT16E;0607;060708;30/09/2013;Uni?o das freguesias de Lous? e Vilarinho;Uni?o das freguesias de Lous? e Vilarinho;13056;72402300
PT16E;0608;060801;no;Mira;Mira;7367;63143200
PT16E;0608;060802;no;Seixo;Seixo;1234;16231000
PT16E;0608;060803;no;Carapelhos;Carapelhos;717;4381200
PT16E;0608;060804;no;Praia de Mira;Praia de Mira;3147;40278500
PT16E;0609;060901;no;Lamas;Lamas;838;15660400
PT16E;0609;060902;no;Miranda do Corvo;Miranda do Corvo;7614;46519600
PT16E;0609;060905;no;Vila Nova;Vila Nova;970;26895400
PT16E;0609;060906;30/09/2013;Uni?o das freguesias de Semide e Rio Vide;Uni?o das freguesias de Semide e Rio Vide;3676;37302500
PT16E;0610;061002;no;Arazede;Arazede;5508;53447000
PT16E;0610;061003;no;Carapinheira;Carapinheira;2898;15900300
PT16E;0610;061005;no;Liceia;Liceia;1254;12690400
PT16E;0610;061006;no;Me?s do Campo;Me?s do Campo;1853;9743800
PT16E;0610;061008;no;Pereira;Pereira;3265;12339800
PT16E;0610;061009;no;Santo Var?o;Santo Var?o;1969;11846700
PT16E;0610;061010;no;Seixo de Gat?es;Seixo de Gat?es;1449;10898900
PT16E;0610;061011;no;Tentúgal;Tentúgal;2141;34291800
PT16E;0610;061014;no;Ereira;Ereira;649;7246300
PT16E;0610;061015;30/09/2013;Uni?o das freguesias de Abrunheira, Verride e Vila Nova da Barca;Uni?o das freguesias de Abrunheira, Verride e Vila Nova da Barca;1515;29500200
PT16E;0610;061016;30/09/2013;Uni?o das freguesias de Montemor-o-Velho e Gat?es;Uni?o das freguesias de Montemor-o-Velho e Gat?es;3670;31056900
PT16E;0611;061101;no;Aldeia das Dez;Aldeia das Dez;531;18694900
PT16E;0611;061102;no;Alvoco das Várzeas;Alvoco das Várzeas;320;11623000
PT16E;0611;061103;no;Avô;Avô;595;7172000
PT16E;0611;061104;no;Bobadela;Bobadela;759;5679600
PT16E;0611;061106;no;Lagares;Lagares;1398;13189600
PT16E;0611;061109;no;Lourosa;Lourosa;555;13935300
PT16E;0611;061110;no;Meruge;Meruge;555;7247000
PT16E;0611;061111;no;Nogueira do Cravo;Nogueira do Cravo;2309;14983600
PT16E;0611;061115;no;S?o Gi?o;S?o Gi?o;425;14549200
PT16E;0611;061118;no;Seixo da Beira;Seixo da Beira;1600;33729200
PT16E;0611;061119;no;Travanca de Lagos;Travanca de Lagos;1296;15826700
PT16E;0611;061122;30/09/2013;Uni?o das freguesias de Ervedal e Vila Franca da Beira;Uni?o das freguesias de Ervedal e Vila Franca da Beira;1394;28779500
PT16E;0611;061123;30/09/2013;Uni?o das freguesias de Lagos da Beira e Lajeosa;Uni?o das freguesias de Lagos da Beira e Lajeosa;1335;13511900
PT16E;0611;061124;30/09/2013;Uni?o das freguesias de Oliveira do Hospital e S?o Paio de Gramaços;Uni?o das freguesias de Oliveira do Hospital e S?o Paio de Gramaços;5708;13668700
PT16E;0611;061125;30/09/2013;Uni?o das freguesias de Penalva de Alva e S?o Sebasti?o da Feira;Uni?o das freguesias de Penalva de Alva e S?o Sebasti?o da Feira;1123;14495900
PT16E;0611;061126;30/09/2013;Uni?o das freguesias de Santa Ovaia e Vila Pouca da Beira;Uni?o das freguesias de Santa Ovaia e Vila Pouca da Beira;952;7430500
PT16E;0612;061201;no;Cabril;Cabril;231;35198600
PT16E;0612;061202;no;Dornelas do Z?zere;Dornelas do Z?zere;682;16436400
PT16E;0612;061204;no;Janeiro de Baixo;Janeiro de Baixo;669;40695100
PT16E;0612;061206;no;Pampilhosa da Serra;Pampilhosa da Serra;1389;100175100
PT16E;0612;061207;no;Pessegueiro;Pessegueiro;228;31996800
PT16E;0612;061209;no;Unhais-o-Velho;Unhais-o-Velho;458;39574400
PT16E;0612;061211;30/09/2013;Faj?o-Vidual;Faj?o-Vidual;317;79591000
PT16E;0612;061212;30/09/2013;Portela do Fojo-Machio;Portela do Fojo-Machio;507;52795000
PT16E;0613;061301;no;Carvalho;Carvalho;846;30135700
PT16E;0613;061302;no;Figueira de Lorv?o;Figueira de Lorv?o;2737;26678000
PT16E;0613;061304;no;Lorv?o;Lorv?o;3898;26951400
PT16E;0613;061307;no;Penacova;Penacova;3254;32416800
PT16E;0613;061310;no;Sazes do Lorv?o;Sazes do Lorv?o;749;17856200
PT16E;0613;061312;30/09/2013;Uni?o das freguesias de Friúmes e Paradela;Uni?o das freguesias de Friúmes e Paradela;870;22175300
PT16E;0613;061313;30/09/2013;Uni?o das freguesias de Oliveira do Mondego e Travanca do Mondego;Uni?o das freguesias de Oliveira do Mondego e Travanca do Mondego;1079;22580200
PT16E;0613;061314;30/09/2013;Uni?o das freguesias de S?o Pedro de Alva e S?o Paio de Mondego;Uni?o das freguesias de S?o Pedro de Alva e S?o Paio de Mondego;1818;37938700
PT16E;0614;061401;no;Cumeeira;Cumeeira;1072;21294400
PT16E;0614;061402;no;Espinhal;Espinhal;775;29384200
PT16E;0614;061403;no;Podentes;Podentes;485;17278300
PT16E;0614;061407;30/09/2013;Uni?o das freguesias de S?o Miguel, Santa Eufémia e Rabaçal;Uni?o das freguesias de S?o Miguel, Santa Eufémia e Rabaçal;3651;66843100
PT16E;0615;061501;no;Alfarelos;Alfarelos;1439;13984400
PT16E;0615;061504;no;Figueiró do Campo;Figueiró do Campo;1507;11270000
PT16E;0615;061506;no;Granja do Ulmeiro;Granja do Ulmeiro;1866;5051900
PT16E;0615;061508;no;Samuel;Samuel;1254;31372900
PT16E;0615;061509;no;Soure;Soure;7917;92324600
PT16E;0615;061510;no;Tapéus;Tapéus;338;13868700
PT16E;0615;061511;no;Vila Nova de Anços;Vila Nova de Anços;1113;20576300
PT16E;0615;061512;no;Vinha da Rainha;Vinha da Rainha;1397;20382900
PT16E;0615;061513;30/09/2013;Uni?o das freguesias de Degracias e Pombalinho;Uni?o das freguesias de Degracias e Pombalinho;1260;39473900
PT16E;0615;061514;30/09/2013;Uni?o das freguesias de Gesteira e Brunhós;Uni?o das freguesias de Gesteira e Brunhós;1154;16755100
PT16E;0616;061602;no;Candosa;Candosa;689;11391200
PT16E;0616;061603;no;Carapinha;Carapinha;402;9417500
PT16E;0616;061608;no;Mid?es;Mid?es;1725;20067100
PT16E;0616;061609;no;Mouronho;Mouronho;840;24023800
PT16E;0616;061611;no;Póvoa de Mid?es;Póvoa de Mid?es;582;9520000
PT16E;0616;061612;no;S?o Jo?o da Boa Vista;S?o Jo?o da Boa Vista;453;9853400
PT16E;0616;061614;no;Tábua;Tábua;3542;24811400
PT16E;0616;061616;30/09/2013;Uni?o das freguesias de Ázere e Covelo;Uni?o das freguesias de Ázere e Covelo;933;25474900
PT16E;0616;061617;30/09/2013;Uni?o das freguesias de Covas e Vila Nova de Oliveirinha;Uni?o das freguesias de Covas e Vila Nova de Oliveirinha;1378;21867100
PT16E;0616;061618;30/09/2013;Uni?o das freguesias de Espariz e Sinde;Uni?o das freguesias de Espariz e Sinde;1006;23524500
PT16E;0616;061619;30/09/2013;Uni?o das freguesias de Pinheiro de Coja e Meda de Mouros;Uni?o das freguesias de Pinheiro de Coja e Meda de Mouros;521;19835000
PT16E;0617;061701;no;Arrifana;Arrifana;1440;23842700
PT16E;0617;061702;no;Lavegadas;Lavegadas;204;11264200
PT16E;0617;061703;no;Poiares (Santo André);Poiares (Santo André);4306;28806900
PT16E;0617;061704;no;S?o Miguel de Poiares;S?o Miguel de Poiares;1331;20539200
PT187;0701;070103;no;Santiago Maior;Santiago Maior;2205;112993900
PT187;0701;070104;no;Capelins (Santo António);Capelins (Santo António);527;87135500
PT187;0701;070105;no;Terena (S?o Pedro);Terena (S?o Pedro);767;82969500
PT187;0701;070107;30/09/2013;Uni?o das freguesias de Alandroal (Nossa Senhora da Conceiç?o), S?o Brás dos Matos (Mina do Bugalho) e Juromenha (Nossa Senhora do Loreto);Uni?o das freguesias de Alandroal (Nossa Senhora da Conceiç?o), S?o Brás dos Matos (Mina do Bugalho) e Juromenha (Nossa Senhora do Loreto);2344;259579200
PT187;0702;070201;no;Arraiolos;Arraiolos;3386;146077000
PT187;0702;070202;no;Igrejinha;Igrejinha;932;84521200
PT187;0702;070206;no;Vimieiro;Vimieiro;1589;252557700
PT187;0702;070208;30/09/2013;Uni?o das freguesias de Gafanhoeira (S?o Pedro) e Sabugueiro;Uni?o das freguesias de Gafanhoeira (S?o Pedro) e Sabugueiro;890;83402700
PT187;0702;070209;30/09/2013;Uni?o das freguesias de S?o Gregório e Santa Justa;Uni?o das freguesias de S?o Gregório e Santa Justa;566;117186900
PT187;0703;070301;no;Borba (Matriz);Borba (Matriz);3779;41320100
PT187;0703;070302;no;Orada;Orada;740;50808200
PT187;0703;070303;no;Rio de Moinhos;Rio de Moinhos;2056;52854500
PT187;0703;070304;no;Borba (S?o Bartolomeu);Borba (S?o Bartolomeu);758;203800
PT187;0704;070401;no;Arcos;Arcos;1152;23894100
PT187;0704;070402;no;Glória;Glória;532;72746100
PT187;0704;070404;no;Évora Monte (Santa Maria);Évora Monte (Santa Maria);569;99384100
PT187;0704;070411;no;S?o Domingos de Ana Loura;S?o Domingos de Ana Loura;341;16297700
PT187;0704;070413;no;Veiros;Veiros;1036;39719200
PT187;0704;070414;30/09/2013;Uni?o das freguesias de Estremoz (Santa Maria e Santo André);Uni?o das freguesias de Estremoz (Santa Maria e Santo André);8662;63903800
PT187;0704;070415;30/09/2013;Uni?o das freguesias de S?o Bento do Cortiço e Santo Est?v?o;Uni?o das freguesias de S?o Bento do Cortiço e Santo Est?v?o;773;56966900
PT187;0704;070416;30/09/2013;Uni?o das freguesias de S?o Lourenço de Mamporc?o e S?o Bento de Ana Loura;Uni?o das freguesias de S?o Lourenço de Mamporc?o e S?o Bento de Ana Loura;556;43401300
PT187;0704;070417;30/09/2013;Uni?o das freguesias do Ameixial (Santa Vitória e S?o Bento);Uni?o das freguesias do Ameixial (Santa Vitória e S?o Bento);697;97486300
PT187;0705;070502;no;Nossa Senhora da Graça do Divor;Nossa Senhora da Graça do Divor;486;84135700
PT187;0705;070503;no;Nossa Senhora de Machede;Nossa Senhora de Machede;1123;185189300
PT187;0705;070506;no;S?o Bento do Mato;S?o Bento do Mato;1151;66554400
PT187;0705;070509;no;S?o Miguel de Machede;S?o Miguel de Machede;794;81524700
PT187;0705;070513;no;Torre de Coelheiros;Torre de Coelheiros;715;226239400
PT187;0705;070515;no;Canaviais;Canaviais;3442;19412300
PT187;0705;070522;30/09/2013;Uni?o das freguesias de Bacelo e Senhora da Saúde;Uni?o das freguesias de Bacelo e Senhora da Saúde;18233;46504800
PT187;0705;070523;30/09/2013;Uni?o das freguesias de Évora (S?o Mamede, Sé, S?o Pedro e Santo Ant?o);Uni?o das freguesias de Évora (S?o Mamede, Sé, S?o Pedro e Santo Ant?o);4738;1131500
PT187;0705;070524;30/09/2013;Uni?o das freguesias de Malagueira e Horta das Figueiras;Uni?o das freguesias de Malagueira e Horta das Figueiras;22379;64427200
PT187;0705;070525;30/09/2013;Uni?o das freguesias de Nossa Senhora da Tourega e Nossa Senhora de Guadalupe;Uni?o das freguesias de Nossa Senhora da Tourega e Nossa Senhora de Guadalupe;1151;263342200
PT187;0705;070526;30/09/2013;Uni?o das freguesias de S?o Manços e S?o Vicente do Pigeiro;Uni?o das freguesias de S?o Manços e S?o Vicente do Pigeiro;1302;193231700
PT187;0705;070527;30/09/2013;Uni?o das freguesias de S?o Sebasti?o da Giesteira e Nossa Senhora da Boa Fé;Uni?o das freguesias de S?o Sebasti?o da Giesteira e Nossa Senhora da Boa Fé;1082;75382600
PT187;0706;070601;no;Cabrela;Cabrela;649;192259100
PT187;0706;070605;no;Santiago do Escoural;Santiago do Escoural;1335;138704500
PT187;0706;070606;no;S?o Cristóv?o;S?o Cristóv?o;540;145920500
PT187;0706;070607;no;Ciborro;Ciborro;714;55493700
PT187;0706;070610;no;Foros de Vale de Figueira;Foros de Vale de Figueira;1070;67399200
PT187;0706;070611;30/09/2013;Uni?o das freguesias de Cortiçadas de Lavre e Lavre;Uni?o das freguesias de Cortiçadas de Lavre e Lavre;1561;213698400
PT187;0706;070612;30/09/2013;Uni?o das freguesias de Nossa Senhora da Vila, Nossa Senhora do Bispo e Silveiras;Uni?o das freguesias de Nossa Senhora da Vila, Nossa Senhora do Bispo e Silveiras;11568;419491200
PT187;0707;070701;no;Brotas;Brotas;451;83205100
PT187;0707;070702;no;Cabeç?o;Cabeç?o;1073;47427300
PT187;0707;070703;no;Mora;Mora;2522;127702000
PT187;0707;070704;no;Pavia;Pavia;932;185615900
PT187;0708;070801;no;Granja;Granja;605;92557100
PT187;0708;070802;no;Luz;Luz;290;50855000
PT187;0708;070803;no;Mour?o;Mour?o;1768;135217700
PT187;0709;070903;no;Monte do Trigo;Monte do Trigo;1240;107111900
PT187;0709;070905;no;Portel;Portel;2661;156438700
PT187;0709;070906;no;Santana;Santana;542;41951600
PT187;0709;070908;no;Vera Cruz;Vera Cruz;458;44615500
PT187;0709;070909;30/09/2013;Uni?o das freguesias de Amieira e Alqueva;Uni?o das freguesias de Amieira e Alqueva;691;177144600
PT187;0709;070910;30/09/2013;Uni?o das freguesias de S?o Bartolomeu do Outeiro e Oriola;Uni?o das freguesias de S?o Bartolomeu do Outeiro e Oriola;836;73743400
PT187;0710;071001;no;Montoito;Montoito;1298;61710700
PT187;0710;071002;no;Redondo;Redondo;5733;307798000
PT187;0711;071102;no;Corval;Corval;1389;96411600
PT187;0711;071103;no;Monsaraz;Monsaraz;782;88294200
PT187;0711;071104;no;Reguengos de Monsaraz;Reguengos de Monsaraz;7261;101720200
PT187;0711;071106;30/09/2013;Uni?o das freguesias de Campo e Campinho;Uni?o das freguesias de Campo e Campinho;1396;177571200
PT187;0712;071201;no;Vendas Novas;Vendas Novas;11123;157718100
PT187;0712;071202;no;Landeira;Landeira;723;64670700
PT187;0713;071301;no;Alcáçovas;Alcáçovas;2111;268004700
PT187;0713;071302;no;Viana do Alentejo;Viana do Alentejo;2742;94698700
PT187;0713;071303;no;Aguiar;Aguiar;890;30969400
PT187;0714;071401;no;Bencatel;Bencatel;1679;36208900
PT187;0714;071402;no;Ciladas;Ciladas;1071;107513700
PT187;0714;071404;no;Pardais;Pardais;546;17949300
PT187;0714;071406;30/09/2013;Nossa Senhora da Conceiç?o e S?o Bartolomeu;Nossa Senhora da Conceiç?o e S?o Bartolomeu;5023;33187000
PT150;0801;080102;no;Guia;Guia;4376;26800200
PT150;0801;080103;no;Paderne;Paderne;3304;52561700
PT150;0801;080104;no;Ferreiras;Ferreiras;6406;20125400
PT150;0801;080106;30/09/2013;Albufeira e Olhos de Água;Albufeira e Olhos de Água;26742;41176900
PT150;0802;080202;no;Gi?es;Gi?es;256;71798000
PT150;0802;080203;no;Martim Longo;Martim Longo;1030;128446600
PT150;0802;080205;no;Vaqueiros;Vaqueiros;497;143944300
PT150;0802;080206;30/09/2013;Uni?o das freguesias de Alcoutim e Pereiro;Uni?o das freguesias de Alcoutim e Pereiro;1134;231174400
PT150;0803;080301;no;Aljezur;Aljezur;3365;166759900
PT150;0803;080302;no;Bordeira;Bordeira;432;79872900
PT150;0803;080303;no;Odeceixe;Odeceixe;961;41905700
PT150;0803;080304;no;Rogil;Rogil;1126;34961100
PT150;0804;080401;no;Azinhal;Azinhal;522;68155900
PT150;0804;080402;no;Castro Marim;Castro Marim;3267;79348100
PT150;0804;080403;no;Odeleite;Odeleite;763;142241000
PT150;0804;080404;no;Altura;Altura;2195;11098700
PT150;0805;080503;30/09/2013;Santa Bárbara de Nexe;Santa Bárbara de Nexe;4116;38216400
PT150;0805;080506;30/09/2013;Montenegro;Montenegro;8149;21196800
PT150;0805;080507;30/09/2013;Uni?o das freguesias de Conceiç?o e Estoi;Uni?o das freguesias de Conceiç?o e Estoi;8176;68401500
PT150;0805;080508;30/09/2013;Uni?o das freguesias de Faro (Sé e S?o Pedro);Uni?o das freguesias de Faro (Sé e S?o Pedro);44578;74753100
PT150;0806;080602;no;Ferragudo;Ferragudo;1973;5409500
PT150;0806;080604;no;Porches;Porches;2011;15640600
PT150;0806;080607;30/09/2013;Uni?o das freguesias de Estômbar e Parchal;Uni?o das freguesias de Estômbar e Parchal;9004;28072400
PT150;0806;080608;30/09/2013;Uni?o das freguesias de Lagoa e Carvoeiro;Uni?o das freguesias de Lagoa e Carvoeiro;9987;39132000
PT150;0807;080703;no;Luz;Luz;3545;21783100
PT150;0807;080704;no;Odiáxere;Odiáxere;2984;31851300
PT150;0807;080707;30/09/2013;Uni?o das freguesias de Bensafrim e Bar?o de S?o Jo?o;Uni?o das freguesias de Bensafrim e Bar?o de S?o Jo?o;2425;130204000
PT150;0807;080708;30/09/2013;Uni?o das freguesias de Lagos (S?o Sebasti?o e Santa Maria);Uni?o das freguesias de Lagos (S?o Sebasti?o e Santa Maria);22095;29154400
PT150;0808;080801;30/09/2013;Almancil;Almancil;10677;62299500
PT150;0808;080802;no;Alte;Alte;1997;94333400
PT150;0808;080803;no;Ameixial;Ameixial;439;123849500
PT150;0808;080804;no;Boliqueime;Boliqueime;4973;46212800
PT150;0808;080805;no;Quarteira;Quarteira;21798;38156900
PT150;0808;080807;no;Salir;Salir;2775;187750600
PT150;0808;080808;no;Loulé (S?o Clemente);Loulé (S?o Clemente);17358;46195100
PT150;0808;080809;no;Loulé (S?o Sebasti?o);Loulé (S?o Sebasti?o);7433;62696300
PT150;0808;080812;30/09/2013;Uni?o das freguesias de Querença, Tôr e Benafim;Uni?o das freguesias de Querença, Tôr e Benafim;2713;102175100
PT150;0809;080901;no;Alferce;Alferce;441;96118300
PT150;0809;080902;no;Marmelete;Marmelete;787;139905800
PT150;0809;080903;no;Monchique;Monchique;4817;159280200
PT150;0810;081003;no;Olh?o;Olh?o;14914;12246500
PT150;0810;081004;no;Pech?o;Pech?o;3601;19787800
PT150;0810;081005;no;Quelfes;Quelfes;17246;28197500
PT150;0810;081006;30/09/2013;Uni?o das freguesias de Moncarapacho e Fuseta;Uni?o das freguesias de Moncarapacho e Fuseta;9635;70631900
PT150;0811;081101;no;Alvor;Alvor;6154;15253900
PT150;0811;081102;no;Mexilhoeira Grande;Mexilhoeira Grande;4029;91152600
PT150;0811;081103;no;Portim?o;Portim?o;45431;75656400
PT150;0812;081201;no;S?o Brás de Alportel;S?o Brás de Alportel;10662;153369200
PT150;0813;081303;no;Armaç?o de P?ra;Armaç?o de P?ra;4867;7990100
PT150;0813;081305;no;S?o Bartolomeu de Messines;S?o Bartolomeu de Messines;8430;239872100
PT150;0813;081306;no;S?o Marcos da Serra;S?o Marcos da Serra;1352;166066100
PT150;0813;081307;no;Silves;Silves;11014;174993000
PT150;0813;081309;30/09/2013;Uni?o das freguesias de Alcantarilha e P?ra;Uni?o das freguesias de Alcantarilha e P?ra;4972;46256100
PT150;0813;081310;30/09/2013;Uni?o das freguesias de Algoz e Tunes;Uni?o das freguesias de Algoz e Tunes;6491;44885000
PT150;0814;081401;no;Cachopo;Cachopo;716;203526500
PT150;0814;081404;no;Santa Catarina da Fonte do Bispo;Santa Catarina da Fonte do Bispo;1809;117588200
PT150;0814;081408;no;Santa Luzia;Santa Luzia;1455;8501100
PT150;0814;081410;30/09/2013;Uni?o das freguesias de Conceiç?o e Cabanas de Tavira;Uni?o das freguesias de Conceiç?o e Cabanas de Tavira;2519;69444400
PT150;0814;081411;30/09/2013;Uni?o das freguesias de Luz de Tavira e Santo Est?v?o;Uni?o das freguesias de Luz de Tavira e Santo Est?v?o;4535;59912300
PT150;0814;081412;30/09/2013;Uni?o das freguesias de Tavira (Santa Maria e Santiago);Uni?o das freguesias de Tavira (Santa Maria e Santiago);15133;147994500
PT150;0815;081501;no;Bar?o de S?o Miguel;Bar?o de S?o Miguel;451;14869200
PT150;0815;081502;no;Budens;Budens;1520;45603400
PT150;0815;081504;no;Sagres;Sagres;1909;34369100
PT150;0815;081506;30/09/2013;Vila do Bispo e Raposeira;Vila do Bispo e Raposeira;1378;84219000
PT150;0816;081601;no;Vila Nova de Cacela;Vila Nova de Cacela;3902;46034300
PT150;0816;081602;no;Vila Real de Santo António;Vila Real de Santo António;11946;10990900
PT150;0816;081603;no;Monte Gordo;Monte Gordo;3308;4224800
PT16G;0901;090102;no;Carapito;Carapito;442;17259800
PT16G;0901;090103;no;Cortiçada;Cortiçada;341;12653800
PT16G;0901;090105;no;Dornelas;Dornelas;690;23748700
PT16G;0901;090106;no;Eirado;Eirado;230;9241700
PT16G;0901;090107;no;Forninhos;Forninhos;222;9617300
PT16G;0901;090109;no;Pena Verde;Pena Verde;813;29400600
PT16G;0901;090110;no;Pinheiro;Pinheiro;232;15883200
PT16G;0901;090114;30/09/2013;Uni?o das freguesias de Aguiar da Beira e Coruche;Uni?o das freguesias de Aguiar da Beira e Coruche;1631;43357200
PT16G;0901;090115;30/09/2013;Uni?o das freguesias de Sequeiros e Gradiz;Uni?o das freguesias de Sequeiros e Gradiz;421;23924800
PT16G;0901;090116;30/09/2013;Uni?o das freguesias de Souto de Aguiar da Beira e Valverde;Uni?o das freguesias de Souto de Aguiar da Beira e Valverde;451;21678600
PT16J;0902;090203;no;Almeida;Almeida;1314;52423800
PT16J;0902;090207;no;Castelo Bom;Castelo Bom;216;25041400
PT16J;0902;090209;no;Freineda;Freineda;238;29239500
PT16J;0902;090210;no;Freixo;Freixo;182;17175300
PT16J;0902;090213;no;Malhada Sorda;Malhada Sorda;334;45774200
PT16J;0902;090219;no;Nave de Haver;Nave de Haver;358;41133300
PT16J;0902;090224;no;S?o Pedro de Rio Seco;S?o Pedro de Rio Seco;181;22585600
PT16J;0902;090227;no;Vale da Mula;Vale da Mula;182;16456400
PT16J;0902;090229;no;Vilar Formoso;Vilar Formoso;2219;15136900
PT16J;0902;090230;30/09/2013;Uni?o das freguesias de Amoreira, Parada e Cabreira;Uni?o das freguesias de Amoreira, Parada e Cabreira;383;31395400
PT16J;0902;090231;30/09/2013;Uni?o das freguesias de Azinhal, Peva e Vale Verde;Uni?o das freguesias de Azinhal, Peva e Vale Verde;326;47046900
PT16J;0902;090232;30/09/2013;Uni?o das freguesias de Castelo Mendo, Ade, Monteperobolso e Mesquitela;Uni?o das freguesias de Castelo Mendo, Ade, Monteperobolso e Mesquitela;266;41882900
PT16J;0902;090233;30/09/2013;Uni?o das freguesias de Junça e Naves;Uni?o das freguesias de Junça e Naves;192;32395600
PT16J;0902;090234;30/09/2013;Uni?o das freguesias de Leomil, Mido, Senouras e Aldeia Nova;Uni?o das freguesias de Leomil, Mido, Senouras e Aldeia Nova;221;42422800
PT16J;0902;090235;30/09/2013;Uni?o das freguesias de Malpartida e Vale de Coelha;Uni?o das freguesias de Malpartida e Vale de Coelha;215;29006700
PT16J;0902;090236;30/09/2013;Uni?o das freguesias de Miuzela e Porto de Ovelha;Uni?o das freguesias de Miuzela e Porto de Ovelha;415;28867900
PT16J;0903;090302;no;Baraçal;Baraçal;227;12223700
PT16J;0903;090304;no;Carrapichana;Carrapichana;216;5597900
PT16J;0903;090306;no;Forno Telheiro;Forno Telheiro;735;20763200
PT16J;0903;090307;no;Lajeosa do Mondego;Lajeosa do Mondego;698;12460800
PT16J;0903;090308;no;Linhares;Linhares;259;15713300
PT16J;0903;090309;no;Maçal do Ch?o;Maçal do Ch?o;160;15116600
PT16J;0903;090310;no;Mesquitela;Mesquitela;238;17012000
PT16J;0903;090311;no;Minhocal;Minhocal;175;10750600
PT16J;0903;090312;no;Prados;Prados;180;14234300
PT16J;0903;090314;no;Ratoeira;Ratoeira;303;7743000
PT16J;0903;090318;no;Vale de Azares;Vale de Azares;400;9054500
PT16J;0903;090322;no;Casas do Soeiro;Casas do Soeiro;499;5997400
PT16J;0903;090323;30/09/2013;Uni?o das freguesias de Açores e Velosa;Uni?o das freguesias de Açores e Velosa;466;20943600
PT16J;0903;090324;30/09/2013;Uni?o das freguesias de Celorico (S?o Pedro e Santa Maria) e Vila Boa do Mondego;Uni?o das freguesias de Celorico (S?o Pedro e Santa Maria) e Vila Boa do Mondego;2385;41098500
PT16J;0903;090325;30/09/2013;Uni?o das freguesias de Cortiçô da Serra, Vide entre Vinhas e Salgueirais;Uni?o das freguesias de Cortiçô da Serra, Vide entre Vinhas e Salgueirais;450;22336100
PT16J;0903;090326;30/09/2013;Uni?o das freguesias de Rapa e Cadafaz;Uni?o das freguesias de Rapa e Cadafaz;302;16171000
PT16J;0904;090403;no;Castelo Rodrigo;Castelo Rodrigo;517;32943400
PT16J;0904;090406;no;Escalh?o;Escalh?o;770;78807400
PT16J;0904;090408;no;Figueira de Castelo Rodrigo;Figueira de Castelo Rodrigo;2211;27880800
PT16J;0904;090410;no;Mata de Lobos;Mata de Lobos;383;36972900
PT16J;0904;090415;no;Vermiosa;Vermiosa;394;40055500
PT16J;0904;090418;30/09/2013;Uni?o das freguesias de Algodres, Vale de Afonsinho e Vilar de Amargo;Uni?o das freguesias de Algodres, Vale de Afonsinho e Vilar de Amargo;535;72361700
PT16J;0904;090419;30/09/2013;Uni?o das freguesias de Almofala e Escarigo;Uni?o das freguesias de Almofala e Escarigo;280;47336700
PT16J;0904;090420;30/09/2013;Uni?o das freguesias de Cinco Vilas e Reigada;Uni?o das freguesias de Cinco Vilas e Reigada;397;41590600
PT16J;0904;090421;30/09/2013;Uni?o das freguesias de Freixeda do Torr?o, Quint? de P?ro Martins e Penha de Águia;Uni?o das freguesias de Freixeda do Torr?o, Quint? de P?ro Martins e Penha de Águia;518;57725500
PT16J;0904;090422;30/09/2013;Uni?o das freguesias do Colmeal e Vilar Torpim;Uni?o das freguesias do Colmeal e Vilar Torpim;255;72900100
PT16J;0905;090501;no;Algodres;Algodres;349;10150900
PT16J;0905;090502;no;Casal Vasco;Casal Vasco;227;6734100
PT16J;0905;090504;no;Figueiró da Granja;Figueiró da Granja;414;11680800
PT16J;0905;090505;no;Fornos de Algodres;Fornos de Algodres;1627;15445100
PT16J;0905;090507;no;Infias;Infias;242;2781600
PT16J;0905;090509;no;Maceira;Maceira;229;8060500
PT16J;0905;090510;no;Matança;Matança;243;13815700
PT16J;0905;090511;no;Muxagata;Muxagata;241;9960500
PT16J;0905;090512;no;Queiriz;Queiriz;260;9736500
PT16J;0905;090517;30/09/2013;Uni?o das freguesias de Cortiçô e Vila Ch?;Uni?o das freguesias de Cortiçô e Vila Ch?;226;8044500
PT16J;0905;090518;30/09/2013;Uni?o das freguesias de Juncais, Vila Ruiva e Vila Soeiro do Ch?o;Uni?o das freguesias de Juncais, Vila Ruiva e Vila Soeiro do Ch?o;631;19871300
PT16J;0905;090519;30/09/2013;Uni?o das freguesias de Sobral Pichorro e Fuinhas;Uni?o das freguesias de Sobral Pichorro e Fuinhas;300;15168800
PT16J;0906;090602;no;Arcozelo;Arcozelo;717;24023900
PT16J;0906;090603;no;Cativelos;Cativelos;724;14106800
PT16J;0906;090605;no;Folgosinho;Folgosinho;499;51693500
PT16J;0906;090612;no;Nespereira;Nespereira;758;5384600
PT16J;0906;090613;no;Paços da Serra;Paços da Serra;601;10395500
PT16J;0906;090614;no;Ribamondego;Ribamondego;317;7553900
PT16J;0906;090617;no;S?o Paio;S?o Paio;828;15573600
PT16J;0906;090619;no;Vila Cort?s da Serra;Vila Cort?s da Serra;267;11062900
PT16J;0906;090620;no;Vila Franca da Serra;Vila Franca da Serra;262;11012300
PT16J;0906;090621;no;Vila Nova de Tazem;Vila Nova de Tazem;1708;15953600
PT16J;0906;090623;30/09/2013;Uni?o das freguesias de Aldeias e Mangualde da Serra;Uni?o das freguesias de Aldeias e Mangualde da Serra;492;37546300
PT16J;0906;090624;30/09/2013;Uni?o das freguesias de Figueiró da Serra e Freixo da Serra;Uni?o das freguesias de Figueiró da Serra e Freixo da Serra;362;12730400
PT16J;0906;090625;30/09/2013;Uni?o das freguesias de Gouveia (S?o Pedro e S?o Juli?o);Uni?o das freguesias de Gouveia (S?o Pedro e S?o Juli?o);3472;35455800
PT16J;0906;090626;30/09/2013;Uni?o das freguesias de Melo e Nabais;Uni?o das freguesias de Melo e Nabais;903;14446700
PT16J;0906;090627;30/09/2013;Uni?o das freguesias de Moimenta da Serra e Vinhó;Uni?o das freguesias de Moimenta da Serra e Vinhó;1230;14324000
PT16J;0906;090628;30/09/2013;Uni?o das freguesias de Rio Torto e Lagarinhos;Uni?o das freguesias de Rio Torto e Lagarinhos;906;19347800
PT16J;0907;090703;no;Aldeia do Bispo;Aldeia do Bispo;220;13169300
PT16J;0907;090704;no;Aldeia Viçosa;Aldeia Viçosa;341;7439300
PT16J;0907;090705;no;Alvendre;Alvendre;210;12937300
PT16J;0907;090706;no;Arrifana;Arrifana;661;15820700
PT16J;0907;090708;no;Avel?s da Ribeira;Avel?s da Ribeira;196;11300600
PT16J;0907;090709;no;Benespera;Benespera;297;18064000
PT16J;0907;090711;no;Casal de Cinza;Casal de Cinza;561;17968300
PT16J;0907;090712;no;Castanheira;Castanheira;345;24641200
PT16J;0907;090713;no;Cavadoude;Cavadoude;324;6647900
PT16J;0907;090714;no;Codesseiro;Codesseiro;205;9622000
PT16J;0907;090716;no;Faia;Faia;227;10001200
PT16J;0907;090717;no;Famalic?o;Famalic?o;615;16016400
PT16J;0907;090718;no;Fern?o Joanes;Fern?o Joanes;269;25064600
PT16J;0907;090721;no;Gonçalo Bocas;Gonçalo Bocas;227;6443800
PT16J;0907;090722;no;Jo?o Ant?o;Jo?o Ant?o;160;8782400
PT16J;0907;090723;no;Maçainhas;Maçainhas;1081;12200300
PT16J;0907;090724;no;Marmeleiro;Marmeleiro;361;29627600
PT16J;0907;090725;no;Meios;Meios;197;4834000
PT16J;0907;090728;no;Panoias de Cima;Panoias de Cima;608;11389600
PT16J;0907;090729;no;Pega;Pega;161;10634800
PT16J;0907;090730;no;P?ra do Moço;P?ra do Moço;831;20597600
PT16J;0907;090732;no;Porto da Carne;Porto da Carne;385;1983600
PT16J;0907;090734;no;Ramela;Ramela;218;10158600
PT16J;0907;090738;no;Santana da Azinha;Santana da Azinha;459;15943800
PT16J;0907;090744;no;Sobral da Serra;Sobral da Serra;242;11202500
PT16J;0907;090746;no;Vale de Estrela;Vale de Estrela;394;13938000
PT16J;0907;090747;no;Valhelhas;Valhelhas;396;20177100
PT16J;0907;090748;no;Vela;Vela;490;21000400
PT16J;0907;090749;no;Videmonte;Videmonte;478;53920800
PT16J;0907;090750;no;Vila Cort?s do Mondego;Vila Cort?s do Mondego;298;4383900
PT16J;0907;090751;no;Vila Fernando;Vila Fernando;491;16269500
PT16J;0907;090752;no;Vila Franca do De?o;Vila Franca do De?o;153;12991100
PT16J;0907;090753;no;Vila Garcia;Vila Garcia;320;15327300
PT16J;0907;090757;30/09/2013;Gonçalo;Gonçalo;1167;27104400
PT16J;0907;090758;30/09/2013;Guarda;Guarda;26565;37656300
PT16J;0907;090759;30/09/2013;Jarmelo S?o Miguel;Jarmelo S?o Miguel;295;17062700
PT16J;0907;090760;30/09/2013;Jarmelo S?o Pedro;Jarmelo S?o Pedro;311;31079700
PT16J;0907;090761;30/09/2013;Uni?o das freguesias de Avel?s de Ambom e Rocamondo;Uni?o das freguesias de Avel?s de Ambom e Rocamondo;158;13336700
PT16J;0907;090762;30/09/2013;Uni?o das freguesias de Corujeira e Trinta;Uni?o das freguesias de Corujeira e Trinta;524;12469900
PT16J;0907;090763;30/09/2013;Uni?o das freguesias de Mizarela, P?ro Soares e Vila Soeiro;Uni?o das freguesias de Mizarela, P?ro Soares e Vila Soeiro;246;14017900
PT16J;0907;090764;30/09/2013;Uni?o das freguesias de Pousade e Albardo;Uni?o das freguesias de Pousade e Albardo;270;16887700
PT16J;0907;090765;30/09/2013;Uni?o das freguesias de Rochoso e Monte Margarida;Uni?o das freguesias de Rochoso e Monte Margarida;300;23659200
PT16J;0907;090766;30/09/2013;Ad?o;Ad?o;284;28321700
PT16J;0908;090801;no;Sameiro;Sameiro;343;22028900
PT16J;0908;090802;no;Manteigas (Santa Maria);Manteigas (Santa Maria);1418;22300900
PT16J;0908;090803;no;Manteigas (S?o Pedro);Manteigas (S?o Pedro);1446;60881100
PT16J;0908;090804;no;Vale de Amoreira;Vale de Amoreira;223;16764600
PT16J;0909;090901;no;Aveloso;Aveloso;207;7457900
PT16J;0909;090902;no;Barreira;Barreira;177;25726700
PT16J;0909;090905;no;Coriscada;Coriscada;208;25187600
PT16J;0909;090907;no;Longroiva;Longroiva;286;41278100
PT16J;0909;090908;no;Marialva;Marialva;255;19206300
PT16J;0909;090912;no;Poço do Canto;Poço do Canto;443;16218500
PT16J;0909;090914;no;Rabaçal;Rabaçal;278;14040900
PT16J;0909;090915;no;Ranhados;Ranhados;252;25320200
PT16J;0909;090917;30/09/2013;Uni?o das freguesias de M?da, Outeiro de Gatos e Fonte Longa;Uni?o das freguesias de M?da, Outeiro de Gatos e Fonte Longa;2464;50945300
PT16J;0909;090918;30/09/2013;Uni?o das freguesias de Prova e Casteiç?o;Uni?o das freguesias de Prova e Casteiç?o;306;26026100
PT16J;0909;090919;30/09/2013;Uni?o das freguesias de Vale Flor, Carvalhal e Pai Penela;Uni?o das freguesias de Vale Flor, Carvalhal e Pai Penela;326;34641600
PT16J;0910;091009;no;Ervedosa;Ervedosa;190;12842300
PT16J;0910;091010;no;Freixedas;Freixedas;905;33108700
PT16J;0910;091012;no;Lamegal;Lamegal;253;21962400
PT16J;0910;091013;no;Lameiras;Lameiras;290;17763400
PT16J;0910;091014;no;Manigoto;Manigoto;186;15886800
PT16J;0910;091015;no;Pala;Pala;543;14241200
PT16J;0910;091017;no;Pinhel;Pinhel;3518;44652100
PT16J;0910;091018;no;Pínzio;Pínzio;453;27130000
PT16J;0910;091024;no;Souro Pires;Souro Pires;588;15672600
PT16J;0910;091027;no;Vascoveiro;Vascoveiro;186;18088500
PT16J;0910;091028;30/09/2013;Agregaç?o das freguesias Sul de Pinhel;Agregaç?o das freguesias Sul de Pinhel;434;40818300
PT16J;0910;091029;30/09/2013;Alverca da Beira/Bouça Cova;Alverca da Beira/Bouça Cova;567;19733600
PT16J;0910;091030;30/09/2013;Terras de Massueime;Terras de Massueime;274;12393800
PT16J;0910;091031;30/09/2013;Valbom/Bogalhal;Valbom/Bogalhal;251;32330000
PT16J;0910;091032;30/09/2013;Alto do Palurdo;Alto do Palurdo;242;47307300
PT16J;0910;091033;30/09/2013;Vale do Côa;Vale do Côa;235;52195300
PT16J;0910;091034;30/09/2013;Vale do Massueime;Vale do Massueime;305;24073400
PT16J;0910;091035;30/09/2013;Uni?o das freguesias de Atalaia e Safurd?o;Uni?o das freguesias de Atalaia e Safurd?o;207;34321600
PT16J;0911;091101;no;Águas Belas;Águas Belas;175;20568500
PT16J;0911;091102;no;Aldeia do Bispo;Aldeia do Bispo;286;13137000
PT16J;0911;091103;no;Aldeia da Ponte;Aldeia da Ponte;317;36690700
PT16J;0911;091106;no;Aldeia Velha;Aldeia Velha;431;20878800
PT16J;0911;091107;no;Alfaiates;Alfaiates;331;31434300
PT16J;0911;091109;no;Baraçal;Baraçal;190;16034500
PT16J;0911;091110;no;Bendada;Bendada;580;34598900
PT16J;0911;091111;no;Bismula;Bismula;193;19129600
PT16J;0911;091112;no;Casteleiro;Casteleiro;365;44502200
PT16J;0911;091113;no;Cerdeira;Cerdeira;229;23428700
PT16J;0911;091114;no;Fóios;Fóios;362;28309700
PT16J;0911;091118;no;Malcata;Malcata;332;21250000
PT16J;0911;091120;no;Nave;Nave;230;27126400
PT16J;0911;091123;no;Quadrazais;Quadrazais;457;40611600
PT16J;0911;091124;30/09/2013;Quintas de S?o Bartolomeu;Quintas de S?o Bartolomeu;180;10637200
PT16J;0911;091125;no;Rapoula do Côa;Rapoula do Côa;195;7939100
PT16J;0911;091126;no;Rebolosa;Rebolosa;222;8976300
PT16J;0911;091127;no;Rendo;Rendo;278;21511900
PT16J;0911;091133;no;Sortelha;Sortelha;444;39637600
PT16J;0911;091134;no;Souto;Souto;1224;28088600
PT16J;0911;091136;no;Vale de Espinho;Vale de Espinho;393;31608200
PT16J;0911;091138;no;Vila Boa;Vila Boa;243;8615500
PT16J;0911;091139;no;Vila do Touro;Vila do Touro;183;23313000
PT16J;0911;091141;30/09/2013;Uni?o das freguesias de Aldeia da Ribeira, Vilar Maior e Badamalos;Uni?o das freguesias de Aldeia da Ribeira, Vilar Maior e Badamalos;347;68785100
PT16J;0911;091142;30/09/2013;Uni?o das freguesias de Lajeosa e Forcalhos;Uni?o das freguesias de Lajeosa e Forcalhos;289;28930100
PT16J;0911;091143;30/09/2013;Uni?o das freguesias de Pousafoles do Bispo, Pena Lobo e Lomba;Uni?o das freguesias de Pousafoles do Bispo, Pena Lobo e Lomba;475;38163700
PT16J;0911;091144;30/09/2013;Uni?o das freguesias de Ruvina, Ruivós e Vale das Éguas;Uni?o das freguesias de Ruvina, Ruivós e Vale das Éguas;221;18424300
PT16J;0911;091145;30/09/2013;Uni?o das freguesias do Sabugal e Aldeia de Santo António;Uni?o das freguesias do Sabugal e Aldeia de Santo António;2741;56337700
PT16J;0911;091146;30/09/2013;Uni?o das freguesias de Santo Est?v?o e Moita;Uni?o das freguesias de Santo Est?v?o e Moita;413;29001700
PT16J;0911;091147;30/09/2013;Uni?o das freguesias de Seixo do Côa e Vale Longo;Uni?o das freguesias de Seixo do Côa e Vale Longo;218;25027400
PT16J;0912;091201;no;Alvoco da Serra;Alvoco da Serra;466;37568200
PT16J;0912;091205;no;Girabolhos;Girabolhos;317;17736500
PT16J;0912;091207;no;Loriga;Loriga;1053;36250300
PT16J;0912;091208;no;Paranhos;Paranhos;1503;21229100
PT16J;0912;091209;no;Pinhanços;Pinhanços;716;8325500
PT16J;0912;091210;no;Sabugueiro;Sabugueiro;478;40069300
PT16J;0912;091212;no;Sandomil;Sandomil;917;13223100
PT16J;0912;091213;no;Santa Comba;Santa Comba;834;11825200
PT16J;0912;091216;no;Santiago;Santiago;1205;7434900
PT16J;0912;091219;no;Sazes da Beira;Sazes da Beira;283;7792100
PT16J;0912;091221;no;Teixeira;Teixeira;187;15921100
PT16J;0912;091224;no;Travancinha;Travancinha;472;12470500
PT16J;0912;091225;no;Valezim;Valezim;310;12085200
PT16J;0912;091228;no;Vila Cova ? Coelheira;Vila Cova ? Coelheira;404;7676300
PT16J;0912;091230;30/09/2013;Uni?o das freguesias de Carragozela e Várzea de Meruge;Uni?o das freguesias de Carragozela e Várzea de Meruge;629;10078700
PT16J;0912;091231;30/09/2013;Uni?o das freguesias de Sameice e Santa Eulália;Uni?o das freguesias de Sameice e Santa Eulália;638;14269500
PT16J;0912;091232;30/09/2013;Uni?o das freguesias de Santa Marinha e S?o Martinho;Uni?o das freguesias de Santa Marinha e S?o Martinho;1629;15081000
PT16J;0912;091233;30/09/2013;Uni?o das freguesias de Seia, S?o Rom?o e Lapa dos Dinheiros;Uni?o das freguesias de Seia, S?o Rom?o e Lapa dos Dinheiros;9379;53795600
PT16J;0912;091234;30/09/2013;Uni?o das freguesias de Torrozelo e Folhadosa;Uni?o das freguesias de Torrozelo e Folhadosa;808;10204300
PT16J;0912;091235;30/09/2013;Uni?o das freguesias de Tourais e Lajes;Uni?o das freguesias de Tourais e Lajes;1713;26177300
PT16J;0912;091236;30/09/2013;Uni?o das freguesias de Vide e Cabeça;Uni?o das freguesias de Vide e Cabeça;761;56474600
PT16J;0913;091301;no;Aldeia Nova;Aldeia Nova;332;26811100
PT16J;0913;091303;no;Castanheira;Castanheira;194;9993400
PT16J;0913;091304;no;Cogula;Cogula;195;4636900
PT16J;0913;091305;no;Cótimos;Cótimos;220;13475300
PT16J;0913;091307;no;Fi?es;Fi?es;273;9624000
PT16J;0913;091309;no;Granja;Granja;151;9249900
PT16J;0913;091310;no;Guilheiro;Guilheiro;184;13679300
PT16J;0913;091311;no;Moimentinha;Moimentinha;229;6670400
PT16J;0913;091312;no;Moreira de Rei;Moreira de Rei;508;32929200
PT16J;0913;091313;no;Palhais;Palhais;196;4323900
PT16J;0913;091314;no;Póvoa do Concelho;Póvoa do Concelho;276;10834200
PT16J;0913;091315;no;Reboleiro;Reboleiro;324;4493500
PT16J;0913;091316;no;Rio de Mel;Rio de Mel;323;23359000
PT16J;0913;091321;no;Tamanhos;Tamanhos;250;8320600
PT16J;0913;091325;no;Valdujo;Valdujo;185;15310700
PT16J;0913;091330;30/09/2013;Uni?o das freguesias de Freches e Torres;Uni?o das freguesias de Freches e Torres;593;23854000
PT16J;0913;091331;30/09/2013;Uni?o das freguesias de Torre do Terrenho, Sebadelhe da Serra e Terrenho;Uni?o das freguesias de Torre do Terrenho, Sebadelhe da Serra e Terrenho;401;29394800
PT16J;0913;091332;30/09/2013;Uni?o das freguesias de Trancoso (S?o Pedro e Santa Maria) e Souto Maior;Uni?o das freguesias de Trancoso (S?o Pedro e Santa Maria) e Souto Maior;3420;58037700
PT16J;0913;091333;30/09/2013;Uni?o das freguesias de Vale do Seixo e Vila Garcia;Uni?o das freguesias de Vale do Seixo e Vila Garcia;245;20349900
PT16J;0913;091334;30/09/2013;Uni?o das freguesias de Vila Franca das Naves e Feital;Uni?o das freguesias de Vila Franca das Naves e Feital;1030;16037100
PT16J;0913;091335;30/09/2013;Uni?o das freguesias de Vilares e Carnic?es;Uni?o das freguesias de Vilares e Carnic?es;349;20139800
PT11D;0914;091401;no;Almendra;Almendra;386;54406500
PT11D;0914;091402;no;Castelo Melhor;Castelo Melhor;228;36772300
PT11D;0914;091403;no;Cedovim;Cedovim;338;32104200
PT11D;0914;091404;no;Ch?s;Ch?s;278;17601900
PT11D;0914;091405;no;Custóias;Custóias;202;10870300
PT11D;0914;091407;no;Horta;Horta;242;10066600
PT11D;0914;091410;no;Muxagata;Muxagata;309;26534200
PT11D;0914;091411;no;Num?o;Num?o;240;23049800
PT11D;0914;091412;no;Santa Comba;Santa Comba;208;30541800
PT11D;0914;091414;no;Sebadelhe;Sebadelhe;265;8078600
PT11D;0914;091415;no;Seixas;Seixas;335;12211200
PT11D;0914;091416;no;Touça;Touça;235;9394100
PT11D;0914;091418;30/09/2013;Freixo de Num?o;Freixo de Num?o;609;36349400
PT11D;0914;091419;30/09/2013;Vila Nova de Foz Côa;Vila Nova de Foz Côa;3437;90170800
PT16B;1001;100102;no;Alfeizer?o;Alfeizer?o;3854;27986800
PT16B;1001;100104;no;Bárrio;Bárrio;1523;15012800
PT16B;1001;100105;no;Benedita;Benedita;8635;29175500
PT16B;1001;100106;no;Cela;Cela;3264;25827100
PT16B;1001;100108;no;Évora de Alcobaça;Évora de Alcobaça;4485;42423800
PT16B;1001;100109;no;Maiorga;Maiorga;2050;10038100
PT16B;1001;100112;no;S?o Martinho do Porto;S?o Martinho do Porto;2868;14637300
PT16B;1001;100114;no;Turquel;Turquel;4561;40567300
PT16B;1001;100116;no;Vimeiro;Vimeiro;1948;20165700
PT16B;1001;100120;30/09/2013;Aljubarrota;Aljubarrota;6639;47942000
PT16B;1001;100121;30/09/2013;Uni?o das freguesias de Alcobaça e Vestiaria;Uni?o das freguesias de Alcobaça e Vestiaria;7009;9806100
PT16B;1001;100122;30/09/2013;Uni?o das freguesias de Coz, Alpedriz e Montes;Uni?o das freguesias de Coz, Alpedriz e Montes;3261;37474400
PT16B;1001;100123;30/09/2013;Uni?o das freguesias de Pataias e Martingança;Uni?o das freguesias de Pataias e Martingança;6591;87083900
PT16F;1002;100201;no;Almoster;Almoster;674;25840400
PT16F;1002;100204;no;Maç?s de Dona Maria;Maç?s de Dona Maria;1835;24542600
PT16F;1002;100205;no;Pelmá;Pelmá;736;30394900
PT16F;1002;100208;30/09/2013;Alvaiázere;Alvaiázere;2049;38516900
PT16F;1002;100209;30/09/2013;Pussos S?o Pedro;Pussos S?o Pedro;1993;41182800
PT16F;1003;100301;no;Alvorge;Alvorge;1227;39045200
PT16F;1003;100303;no;Avelar;Avelar;2169;8495800
PT16F;1003;100304;no;Ch?o de Couce;Ch?o de Couce;1992;23794900
PT16F;1003;100306;no;Pousaflores;Pousaflores;950;25274600
PT16F;1003;100307;no;Santiago da Guarda;Santiago da Guarda;3111;41233800
PT16F;1003;100309;30/09/2013;Ansi?o;Ansi?o;3643;38250000
PT16F;1004;100401;no;Batalha;Batalha;8548;28416400
PT16F;1004;100402;no;Reguengo do Fetal;Reguengo do Fetal;2169;28165500
PT16F;1004;100403;no;S?o Mamede;S?o Mamede;3560;41771600
PT16F;1004;100404;no;Golpilheira;Golpilheira;1528;5062500
PT16B;1005;100502;no;Carvalhal;Carvalhal;2634;32342400
PT16B;1005;100503;no;Roliça;Roliça;2808;22633900
PT16B;1005;100505;no;Pó;Pó;930;6769200
PT16B;1005;100506;30/09/2013;Uni?o das freguesias do Bombarral e Vale Covo;Uni?o das freguesias do Bombarral e Vale Covo;6821;29540000
PT16B;1006;100601;no;A dos Francos;A dos Francos;1701;18932100
PT16B;1006;100602;no;Alvorninha;Alvorninha;2987;37601400
PT16B;1006;100604;no;Carvalhal Benfeito;Carvalhal Benfeito;1279;13949000
PT16B;1006;100606;no;Foz do Arelho;Foz do Arelho;1339;9623900
PT16B;1006;100607;no;Landal;Landal;1051;10205000
PT16B;1006;100608;30/09/2013;Nadadouro;Nadadouro;1904;10600800
PT16B;1006;100609;no;Salir de Matos;Salir de Matos;2583;24593200
PT16B;1006;100611;no;Santa Catarina;Santa Catarina;3029;19978600
PT16B;1006;100615;30/09/2013;Vidais;Vidais;1155;21485000
PT16B;1006;100617;30/09/2013;Uni?o das freguesias de Caldas da Rainha - Nossa Senhora do Pópulo, Coto e S?o Gregório;Uni?o das freguesias de Caldas da Rainha - Nossa Senhora do Pópulo, Coto e S?o Gregório;18417;31688700
PT16B;1006;100618;30/09/2013;Uni?o das freguesias de Caldas da Rainha - Santo Onofre e Serra do Bouro;Uni?o das freguesias de Caldas da Rainha - Santo Onofre e Serra do Bouro;11926;27509300
PT16B;1006;100619;30/09/2013;Uni?o das freguesias de Tornada e Salir do Porto;Uni?o das freguesias de Tornada e Salir do Porto;4358;29527500
PT16F;1007;100703;30/09/2013;Uni?o das freguesias de Castanheira de P?ra e Coentral;Uni?o das freguesias de Castanheira de P?ra e Coentral;3191;66774500
PT16F;1008;100801;no;Aguda;Aguda;1106;39667700
PT16F;1008;100802;no;Arega;Arega;870;28641000
PT16F;1008;100803;no;Campelo;Campelo;278;51640500
PT16F;1008;100806;30/09/2013;Uni?o das freguesias de Figueiró dos Vinhos e Bairradas;Uni?o das freguesias de Figueiró dos Vinhos e Bairradas;3915;53490700
PT16F;1009;100901;no;Amor;Amor;4747;23484100
PT16F;1009;100902;no;Arrabal;Arrabal;2684;20085000
PT16F;1009;100907;no;Caranguejeira;Caranguejeira;4691;30989300
PT16F;1009;100909;no;Coimbr?o;Coimbr?o;1735;52193800
PT16F;1009;100913;no;Maceira;Maceira;9901;47027000
PT16F;1009;100915;no;Milagres;Milagres;3071;17354500
PT16F;1009;100921;no;Regueira de Pontes;Regueira de Pontes;2221;11546500
PT16F;1009;100925;no;Bajouca;Bajouca;2004;12273400
PT16F;1009;100926;no;Bidoeira de Cima;Bidoeira de Cima;2250;15614400
PT16F;1009;100932;30/09/2013;Uni?o das freguesias de Colmeias e Memória;Uni?o das freguesias de Colmeias e Memória;4085;46567400
PT16F;1009;100933;30/09/2013;Uni?o das freguesias de Leiria, Pousos, Barreira e Cortes;Uni?o das freguesias de Leiria, Pousos, Barreira e Cortes;31775;52264500
PT16F;1009;100934;30/09/2013;Uni?o das freguesias de Marrazes e Barosa;Uni?o das freguesias de Marrazes e Barosa;24684;32802300
PT16F;1009;100935;30/09/2013;Uni?o das freguesias de Monte Real e Carvide;Uni?o das freguesias de Monte Real e Carvide;5756;26031300
PT16F;1009;100936;30/09/2013;Uni?o das freguesias de Monte Redondo e Carreira;Uni?o das freguesias de Monte Redondo e Carreira;5564;50911200
PT16F;1009;100937;30/09/2013;Uni?o das freguesias de Parceiros e Azoia;Uni?o das freguesias de Parceiros e Azoia;6940;22986400
PT16F;1009;100938;30/09/2013;Uni?o das freguesias de Santa Catarina da Serra e Chainça;Uni?o das freguesias de Santa Catarina da Serra e Chainça;4870;41196600
PT16F;1009;100939;30/09/2013;Uni?o das freguesias de Santa Eufémia e Boa Vista;Uni?o das freguesias de Santa Eufémia e Boa Vista;4072;19547800
PT16F;1009;100940;30/09/2013;Uni?o das freguesias de Souto de Carpalhosa e Ortigosa;Uni?o das freguesias de Souto de Carpalhosa e Ortigosa;5834;42213100
PT16F;1010;101001;no;Marinha Grande;Marinha Grande;31434;135834500
PT16F;1010;101002;no;Vieira de Leiria;Vieira de Leiria;5845;43009000
PT16F;1010;101003;no;Moita;Moita;1420;8408400
PT16B;1011;101101;no;Famalic?o;Famalic?o;1740;21715000
PT16B;1011;101102;no;Nazaré;Nazaré;10309;42204600
PT16B;1011;101103;no;Valado dos Frades;Valado dos Frades;3109;18514700
PT16B;1012;101201;no;A dos Negros;A dos Negros;1489;17493800
PT16B;1012;101202;no;Amoreira;Amoreira;989;19906600
PT16B;1012;101203;no;Olho Marinho;Olho Marinho;1279;18118100
PT16B;1012;101207;no;Vau;Vau;952;31892000
PT16B;1012;101208;no;Gaeiras;Gaeiras;2331;10312800
PT16B;1012;101209;no;Usseira;Usseira;953;7240400
PT16B;1012;101210;30/09/2013;Santa Maria, S?o Pedro e Sobral da Lagoa;Santa Maria, S?o Pedro e Sobral da Lagoa;3779;36590700
PT16F;1013;101301;no;Graça;Graça;786;31436800
PT16F;1013;101302;no;Pedróg?o Grande;Pedróg?o Grande;2550;80252700
PT16F;1013;101303;no;Vila Facaia;Vila Facaia;579;17058000
PT16B;1014;101402;no;Atouguia da Baleia;Atouguia da Baleia;8954;47024200
PT16B;1014;101405;no;Serra d'El-Rei;Serra d'El-Rei;1401;8924600
PT16B;1014;101406;no;Ferrel;Ferrel;2649;13792600
PT16B;1014;101407;30/09/2013;Peniche;Peniche;14749;7808500
PT16F;1015;101501;no;Abiul;Abiul;2765;54144500
PT16F;1015;101503;no;Almagreira;Almagreira;3076;42611000
PT16F;1015;101504;no;Carnide;Carnide;1738;22312600
PT16F;1015;101505;no;Carriço;Carriço;3620;83051500
PT16F;1015;101506;no;Louriçal;Louriçal;4645;47661800
PT16F;1015;101508;no;Pelariga;Pelariga;2186;26345800
PT16F;1015;101509;no;Pombal;Pombal;17225;93975900
PT16F;1015;101510;no;Redinha;Redinha;2117;41385100
PT16F;1015;101513;no;Vermoil;Vermoil;2617;22802500
PT16F;1015;101514;no;Vila C?;Vila C?;1607;31569200
PT16F;1015;101515;no;Meirinhas;Meirinhas;1742;8887800
PT16F;1015;101518;30/09/2013;Uni?o das freguesias de Guia, Ilha e Mata Mourisca;Uni?o das freguesias de Guia, Ilha e Mata Mourisca;6489;80370500
PT16F;1015;101519;30/09/2013;Uni?o das freguesias de Santiago e S?o Sim?o de Litém e Albergaria dos Doze;Uni?o das freguesias de Santiago e S?o Sim?o de Litém e Albergaria dos Doze;5418;70884600
PT16F;1016;101602;no;Alqueid?o da Serra;Alqueid?o da Serra;1755;22103100
PT16F;1016;101605;no;Calvaria de Cima;Calvaria de Cima;2462;10715400
PT16F;1016;101606;no;Juncal;Juncal;3316;26635600
PT16F;1016;101608;no;Mira de Aire;Mira de Aire;3775;15623000
PT16F;1016;101609;no;Pedreiras;Pedreiras;2705;13223100
PT16F;1016;101610;no;S?o Bento;S?o Bento;835;41300100
PT16F;1016;101613;no;Serro Ventoso;Serro Ventoso;1026;32097700
PT16F;1016;101614;30/09/2013;Porto de Mós - S?o Jo?o Baptista e S?o Pedro;Porto de Mós - S?o Jo?o Baptista e S?o Pedro;6023;28189800
PT16F;1016;101615;30/09/2013;Uni?o das freguesias de Alvados e Alcaria;Uni?o das freguesias de Alvados e Alcaria;741;33306100
PT16F;1016;101616;30/09/2013;Uni?o das freguesias de Arrimal e Mendiga;Uni?o das freguesias de Arrimal e Mendiga;1704;38634400
PT16B;1101;110106;no;Carnota;Carnota;1678;18086000
PT16B;1101;110107;no;Meca;Meca;1719;14124900
PT16B;1101;110108;no;Olhalvo;Olhalvo;1907;8295600
PT16B;1101;110109;no;Ota;Ota;1289;46318900
PT16B;1101;110113;no;Ventosa;Ventosa;2173;22206100
PT16B;1101;110114;no;Vila Verde dos Francos;Vila Verde dos Francos;1162;28133700
PT16B;1101;110117;30/09/2013;Uni?o das freguesias de Abrigada e Cabanas de Torres;Uni?o das freguesias de Abrigada e Cabanas de Torres;4309;46150300
PT16B;1101;110118;30/09/2013;Uni?o das freguesias de Aldeia Galega da Merceana e Aldeia Gavinha;Uni?o das freguesias de Aldeia Galega da Merceana e Aldeia Gavinha;3221;27958200
PT16B;1101;110119;30/09/2013;Uni?o das freguesias de Alenquer (Santo Est?v?o e Triana);Uni?o das freguesias de Alenquer (Santo Est?v?o e Triana);10821;50081000
PT16B;1101;110120;30/09/2013;Uni?o das freguesias de Carregado e Cadafais;Uni?o das freguesias de Carregado e Cadafais;13441;24519800
PT16B;1101;110121;30/09/2013;Uni?o das freguesias de Ribafria e Pereiro de Palhacana;Uni?o das freguesias de Ribafria e Pereiro de Palhacana;1547;18344700
PT16B;1102;110201;no;Arranhó;Arranhó;2531;21474800
PT16B;1102;110202;no;Arruda dos Vinhos;Arruda dos Vinhos;8656;34378700
PT16B;1102;110203;no;Cardosas;Cardosas;836;6012800
PT16B;1102;110204;no;Santiago dos Velhos;Santiago dos Velhos;1368;16093100
PT185;1103;110301;no;Alcoentre;Alcoentre;3448;47053300
PT185;1103;110302;no;Aveiras de Baixo;Aveiras de Baixo;1317;18895900
PT185;1103;110303;no;Aveiras de Cima;Aveiras de Cima;4762;26155700
PT185;1103;110304;no;Azambuja;Azambuja;8190;83398900
PT185;1103;110306;no;Vale do Paraíso;Vale do Paraíso;880;4444000
PT185;1103;110307;no;Vila Nova da Rainha;Vila Nova da Rainha;926;24896800
PT185;1103;110310;30/09/2013;Uni?o das freguesias de Manique do Intendente, Vila Nova de S?o Pedro e Maçussa;Uni?o das freguesias de Manique do Intendente, Vila Nova de S?o Pedro e Maçussa;2291;57811900
PT16B;1104;110401;no;Alguber;Alguber;957;19261600
PT16B;1104;110407;no;Peral;Peral;905;16462100
PT16B;1104;110409;no;Vermelha;Vermelha;1288;11987000
PT16B;1104;110410;no;Vilar;Vilar;1684;16926800
PT16B;1104;110411;30/09/2013;Uni?o das freguesias de Cadaval e P?ro Moniz;Uni?o das freguesias de Cadaval e P?ro Moniz;3752;38426300
PT16B;1104;110412;30/09/2013;Uni?o das freguesias de Lamas e Cercal;Uni?o das freguesias de Lamas e Cercal;3632;57961100
PT16B;1104;110413;30/09/2013;Uni?o das freguesias de Painho e Figueiros;Uni?o das freguesias de Painho e Figueiros;2010;13868000
PT170;1105;110501;no;Alcabideche;Alcabideche;42162;39767400
PT170;1105;110506;no;S?o Domingos de Rana;S?o Domingos de Rana;57502;20364300
PT170;1105;110507;30/09/2013;Uni?o das freguesias de Carcavelos e Parede;Uni?o das freguesias de Carcavelos e Parede;45007;8109900
PT170;1105;110508;30/09/2013;Uni?o das freguesias de Cascais e Estoril;Uni?o das freguesias de Cascais e Estoril;61808;29160100
PT170;1106;110601;30/09/2013;Ajuda;Ajuda;15617;2876600
PT170;1106;110602;30/09/2013;Alcântara;Alcântara;13943;5074800
PT170;1106;110607;30/09/2013;Beato;Beato;12737;2459900
PT170;1106;110608;30/09/2013;Benfica;Benfica;36985;8025100
PT170;1106;110610;30/09/2013;Campolide;Campolide;15460;2774300
PT170;1106;110611;30/09/2013;Carnide;Carnide;19218;3689100
PT170;1106;110618;30/09/2013;Lumiar;Lumiar;45605;6574900
PT170;1106;110621;30/09/2013;Marvila;Marvila;37793;7122400
PT170;1106;110633;30/09/2013;Olivais;Olivais;33788;8088000
PT170;1106;110639;30/09/2013;S?o Domingos de Benfica;S?o Domingos de Benfica;33043;4294300
PT170;1106;110654;30/09/2013;Alvalade;Alvalade;31813;5341700
PT170;1106;110655;30/09/2013;Areeiro;Areeiro;20131;1742800
PT170;1106;110656;30/09/2013;Arroios;Arroios;31653;2127800
PT170;1106;110657;30/09/2013;Avenidas Novas;Avenidas Novas;21625;2994500
PT170;1106;110658;30/09/2013;Belém;Belém;16528;10427600
PT170;1106;110659;30/09/2013;Campo de Ourique;Campo de Ourique;22120;1651400
PT170;1106;110660;30/09/2013;Estrela;Estrela;20128;4604000
PT170;1106;110661;30/09/2013;Misericórdia;Misericórdia;13044;2192200
PT170;1106;110662;30/09/2013;Parque das Naç?es;Parque das Naç?es;21025;5435000
PT170;1106;110663;30/09/2013;Penha de França;Penha de França;27967;2710700
PT170;1106;110664;30/09/2013;Santa Clara;Santa Clara;22480;3355500
PT170;1106;110665;30/09/2013;Santa Maria Maior;Santa Maria Maior;12822;3011600
PT170;1106;110666;30/09/2013;Santo António;Santo António;11836;1494300
PT170;1106;110667;30/09/2013;S?o Vicente;S?o Vicente;15339;1985800
PT170;1107;110702;no;Bucelas;Bucelas;4663;33969000
PT170;1107;110705;no;Fanh?es;Fanh?es;2801;11629100
PT170;1107;110707;no;Loures;Loures;26769;32815000
PT170;1107;110708;no;Lousa;Lousa;3169;16522100
PT170;1107;110726;30/09/2013;Uni?o das freguesias de Moscavide e Portela;Uni?o das freguesias de Moscavide e Portela;21891;1656300
PT170;1107;110727;30/09/2013;Uni?o das freguesias de Sacavém e Prior Velho;Uni?o das freguesias de Sacavém e Prior Velho;24822;3885500
PT170;1107;110728;30/09/2013;Uni?o das freguesias de Santa Iria de Azoia, S?o Jo?o da Talha e Bobadela;Uni?o das freguesias de Santa Iria de Azoia, S?o Jo?o da Talha e Bobadela;44331;17591900
PT170;1107;110729;30/09/2013;Uni?o das freguesias de Santo Ant?o e S?o Juli?o do Tojal;Uni?o das freguesias de Santo Ant?o e S?o Juli?o do Tojal;8053;28408000
PT170;1107;110730;30/09/2013;Uni?o das freguesias de Santo António dos Cavaleiros e Frielas;Uni?o das freguesias de Santo António dos Cavaleiros e Frielas;28052;9197100
PT170;1107;110731;30/09/2013;Uni?o das freguesias de Camarate, Unhos e Apelaç?o;Uni?o das freguesias de Camarate, Unhos e Apelaç?o;34943;11565900
PT16B;1108;110803;no;Moita dos Ferreiros;Moita dos Ferreiros;1734;24825800
PT16B;1108;110805;no;Reguengo Grande;Reguengo Grande;1626;15591200
PT16B;1108;110806;no;Santa Bárbara;Santa Bárbara;1943;7521600
PT16B;1108;110808;no;Vimeiro;Vimeiro;1470;7077800
PT16B;1108;110810;no;Ribamar;Ribamar;2141;6110100
PT16B;1108;110812;30/09/2013;Uni?o das freguesias de Lourinh? e Atalaia;Uni?o das freguesias de Lourinh? e Atalaia;11755;46480400
PT16B;1108;110813;30/09/2013;Uni?o das freguesias de Miragaia e Marteleira;Uni?o das freguesias de Miragaia e Marteleira;3583;19469100
PT16B;1108;110814;30/09/2013;Uni?o das freguesias de S?o Bartolomeu dos Galegos e Moledo;Uni?o das freguesias de S?o Bartolomeu dos Galegos e Moledo;1483;20096000
PT170;1109;110902;no;Carvoeira;Carvoeira;2155;8212900
PT170;1109;110904;no;Encarnaç?o;Encarnaç?o;4798;28511300
PT170;1109;110906;no;Ericeira;Ericeira;10260;12050100
PT170;1109;110909;no;Mafra;Mafra;17986;47952700
PT170;1109;110911;no;Milharado;Milharado;7023;24431400
PT170;1109;110913;no;Santo Isidoro;Santo Isidoro;3814;24831900
PT170;1109;110918;30/09/2013;Uni?o das freguesias de Azueira e Sobral da Abelheira;Uni?o das freguesias de Azueira e Sobral da Abelheira;4316;30627600
PT170;1109;110919;30/09/2013;Uni?o das freguesias de Enxara do Bispo, Gradil e Vila Franca do Rosário;Uni?o das freguesias de Enxara do Bispo, Gradil e Vila Franca do Rosário;3837;31645700
PT170;1109;110920;30/09/2013;Uni?o das freguesias de Igreja Nova e Cheleiros;Uni?o das freguesias de Igreja Nova e Cheleiros;4384;37065800
PT170;1109;110921;30/09/2013;Uni?o das freguesias de Malveira e S?o Miguel de Alcainça;Uni?o das freguesias de Malveira e S?o Miguel de Alcainça;8257;16845300
PT170;1109;110922;30/09/2013;Uni?o das freguesias de Venda do Pinheiro e Santo Est?v?o das Galés;Uni?o das freguesias de Venda do Pinheiro e Santo Est?v?o das Galés;9855;29480300
PT170;1110;111002;no;Barcarena;Barcarena;13861;9013300
PT170;1110;111009;no;Porto Salvo;Porto Salvo;15157;7342900
PT170;1110;111012;30/09/2013;Uni?o das freguesias de Algés, Linda-a-Velha e Cruz Quebrada-Dafundo;Uni?o das freguesias de Algés, Linda-a-Velha e Cruz Quebrada-Dafundo;48665;7182800
PT170;1110;111013;30/09/2013;Uni?o das freguesias de Carnaxide e Queijas;Uni?o das freguesias de Carnaxide e Queijas;36288;8812800
PT170;1110;111014;30/09/2013;Uni?o das freguesias de Oeiras e S?o Juli?o da Barra, Paço de Arcos e Caxias;Uni?o das freguesias de Oeiras e S?o Juli?o da Barra, Paço de Arcos e Caxias;58149;13531300
PT170;1111;111102;no;Algueir?o-Mem Martins;Algueir?o-Mem Martins;66250;15995500
PT170;1111;111105;no;Colares;Colares;7628;33371700
PT170;1111;111108;no;Rio de Mouro;Rio de Mouro;47311;16493800
PT170;1111;111115;no;Casal de Cambra;Casal de Cambra;12701;2169500
PT170;1111;111122;30/09/2013;Uni?o das freguesias de Agualva e Mira-Sintra;Uni?o das freguesias de Agualva e Mira-Sintra;41104;5980600
PT170;1111;111123;30/09/2013;Uni?o das freguesias de Almargem do Bispo, P?ro Pinheiro e Montelavar;Uni?o das freguesias de Almargem do Bispo, P?ro Pinheiro e Montelavar;16788;64067500
PT170;1111;111124;30/09/2013;Uni?o das freguesias do Cacém e S?o Marcos;Uni?o das freguesias do Cacém e S?o Marcos;38701;4443800
PT170;1111;111125;30/09/2013;Uni?o das freguesias de Massamá e Monte Abra?o;Uni?o das freguesias de Massamá e Monte Abra?o;48921;3085800
PT170;1111;111126;30/09/2013;Uni?o das freguesias de Queluz e Belas;Uni?o das freguesias de Queluz e Belas;52335;26469300
PT170;1111;111127;30/09/2013;Uni?o das freguesias de S?o Jo?o das Lampas e Terrugem;Uni?o das freguesias de S?o Jo?o das Lampas e Terrugem;16505;83597100
PT170;1111;111128;30/09/2013;Uni?o das freguesias de Sintra (Santa Maria e S?o Miguel, S?o Martinho e S?o Pedro de Penaferrim);Uni?o das freguesias de Sintra (Santa Maria e S?o Miguel, S?o Martinho e S?o Pedro de Penaferrim);29591;63552500
PT16B;1112;111201;no;Santo Quintino;Santo Quintino;3706;29001800
PT16B;1112;111202;no;Sapataria;Sapataria;3044;14404600
PT16B;1112;111203;no;Sobral de Monte Agraço;Sobral de Monte Agraço;3406;8696800
PT16B;1113;111306;no;Freiria;Freiria;2461;13432700
PT16B;1113;111310;no;Ponte do Rol;Ponte do Rol;2444;9672800
PT16B;1113;111311;no;Ramalhal;Ramalhal;3472;36835200
PT16B;1113;111314;no;S?o Pedro da Cadeira;S?o Pedro da Cadeira;5077;23851900
PT16B;1113;111316;no;Silveira;Silveira;8530;24968200
PT16B;1113;111317;no;Turcifal;Turcifal;3342;24700200
PT16B;1113;111318;no;Ventosa;Ventosa;5276;25981200
PT16B;1113;111321;30/09/2013;Uni?o das freguesias de A dos Cunhados e Maceira;Uni?o das freguesias de A dos Cunhados e Maceira;10391;52722900
PT16B;1113;111322;30/09/2013;Uni?o das freguesias de Campelos e Outeiro da Cabeça;Uni?o das freguesias de Campelos e Outeiro da Cabeça;3667;29963200
PT16B;1113;111323;30/09/2013;Uni?o das freguesias de Carvoeira e Carm?es;Uni?o das freguesias de Carvoeira e Carm?es;2414;20967500
PT16B;1113;111324;30/09/2013;Uni?o das freguesias de Dois Portos e Runa;Uni?o das freguesias de Dois Portos e Runa;3128;43225900
PT16B;1113;111325;30/09/2013;Uni?o das freguesias de Maxial e Monte Redondo;Uni?o das freguesias de Maxial e Monte Redondo;3546;38386400
PT16B;1113;111326;30/09/2013;Uni?o das freguesias de Torres Vedras (S?o Pedro, Santiago, Santa Maria do Castelo e S?o Miguel) e Matac?es;Uni?o das freguesias de Torres Vedras (S?o Pedro, Santiago, Santa Maria do Castelo e S?o Miguel) e Matac?es;25717;62440800
PT170;1114;111408;no;Vialonga;Vialonga;21033;17929000
PT170;1114;111409;30/09/2013;Vila Franca de Xira;Vila Franca de Xira;18197;212869600
PT170;1114;111412;30/09/2013;Uni?o das freguesias de Alhandra, S?o Jo?o dos Montes e Calhandriz;Uni?o das freguesias de Alhandra, S?o Jo?o dos Montes e Calhandriz;12866;27535400
PT170;1114;111413;30/09/2013;Uni?o das freguesias de Alverca do Ribatejo e Sobralinho;Uni?o das freguesias de Alverca do Ribatejo e Sobralinho;36120;23918000
PT170;1114;111414;30/09/2013;Uni?o das freguesias de Castanheira do Ribatejo e Cachoeiras;Uni?o das freguesias de Castanheira do Ribatejo e Cachoeiras;8266;26781100
PT170;1114;111415;30/09/2013;Uni?o das freguesias de Póvoa de Santa Iria e Forte da Casa;Uni?o das freguesias de Póvoa de Santa Iria e Forte da Casa;40404;9161000
PT170;1115;111512;30/09/2013;Alfragide;Alfragide;17044;2511200
PT170;1115;111513;30/09/2013;Águas Livres;Águas Livres;37426;2212800
PT170;1115;111514;30/09/2013;Encosta do Sol;Encosta do Sol;28261;2802000
PT170;1115;111515;30/09/2013;Falagueira-Venda Nova;Falagueira-Venda Nova;23186;2857400
PT170;1115;111516;30/09/2013;Mina de Água;Mina de Água;43927;8092200
PT170;1115;111517;30/09/2013;Venteira;Venteira;25292;5309200
PT170;1116;111603;no;Odivelas;Odivelas;59546;5035800
PT170;1116;111608;30/09/2013;Uni?o das freguesias de Pontinha e Fam?es;Uni?o das freguesias de Pontinha e Fam?es;34143;9219000
PT170;1116;111609;30/09/2013;Uni?o das freguesias de Póvoa de Santo Adri?o e Olival Basto;Uni?o das freguesias de Póvoa de Santo Adri?o e Olival Basto;18872;2629700
PT170;1116;111610;30/09/2013;Uni?o das freguesias de Ramada e Caneças;Uni?o das freguesias de Ramada e Caneças;32581;9659100
PT186;1201;120101;no;Alter do Ch?o;Alter do Ch?o;2373;140851500
PT186;1201;120102;no;Chancelaria;Chancelaria;448;71700700
PT186;1201;120103;no;Seda;Seda;352;112434500
PT186;1201;120104;no;Cunheira;Cunheira;389;37079500
PT186;1202;120201;no;Assunç?o;Assunç?o;1970;204508700
PT186;1202;120202;no;Esperança;Esperança;739;57147900
PT186;1202;120203;no;Mosteiros;Mosteiros;456;52990600
PT186;1203;120302;no;Aldeia Velha;Aldeia Velha;280;126109400
PT186;1203;120303;no;Avis;Avis;1840;92088600
PT186;1203;120305;no;Ervedal;Ervedal;560;38074800
PT186;1203;120306;no;Figueira e Barros;Figueira e Barros;309;70264500
PT186;1203;120309;30/09/2013;Uni?o das freguesias de Alcórrego e Maranh?o;Uni?o das freguesias de Alcórrego e Maranh?o;464;128753900
PT186;1203;120310;30/09/2013;Uni?o das freguesias de Benavila e Valongo;Uni?o das freguesias de Benavila e Valongo;1118;150673900
PT186;1204;120401;no;Nossa Senhora da Expectaç?o;Nossa Senhora da Expectaç?o;3974;105064700
PT186;1204;120402;no;Nossa Senhora da Graça dos Degolados;Nossa Senhora da Graça dos Degolados;587;35751100
PT186;1204;120403;no;S?o Jo?o Baptista;S?o Jo?o Baptista;3895;106385800
PT186;1205;120501;no;Nossa Senhora da Graça de Póvoa e Meadas;Nossa Senhora da Graça de Póvoa e Meadas;606;73545700
PT186;1205;120502;no;Santa Maria da Devesa;Santa Maria da Devesa;1578;56334000
PT186;1205;120503;no;Santiago Maior;Santiago Maior;358;58833800
PT186;1205;120504;no;S?o Jo?o Baptista;S?o Jo?o Baptista;865;76198900
PT186;1206;120601;no;Aldeia da Mata;Aldeia da Mata;374;37284100
PT186;1206;120604;no;Gáfete;Gáfete;856;46147700
PT186;1206;120605;no;Monte da Pedra;Monte da Pedra;280;60075700
PT186;1206;120607;30/09/2013;Uni?o das freguesias de Crato e Mártires, Flor da Rosa e Vale do Peso;Uni?o das freguesias de Crato e Mártires, Flor da Rosa e Vale do Peso;2198;254561400
PT186;1207;120706;no;Santa Eulália;Santa Eulália;1198;98517900
PT186;1207;120707;no;S?o Brás e S?o Lourenço;S?o Brás e S?o Lourenço;1684;47634200
PT186;1207;120708;no;S?o Vicente e Ventosa;S?o Vicente e Ventosa;801;101678300
PT186;1207;120712;30/09/2013;Assunç?o, Ajuda, Salvador e Santo Ildefonso;Assunç?o, Ajuda, Salvador e Santo Ildefonso;9688;98662200
PT186;1207;120713;30/09/2013;Caia, S?o Pedro e Alcáçova;Caia, S?o Pedro e Alcáçova;6253;104042900
PT186;1207;120714;30/09/2013;Uni?o das freguesias de Barbacena e Vila Fernando;Uni?o das freguesias de Barbacena e Vila Fernando;979;82530900
PT186;1207;120715;30/09/2013;Uni?o das freguesias de Terrugem e Vila Boim;Uni?o das freguesias de Terrugem e Vila Boim;2475;98222200
PT186;1208;120801;no;Cabeço de Vide;Cabeço de Vide;1063;65808100
PT186;1208;120802;no;Fronteira;Fronteira;2069;141393300
PT186;1208;120803;no;S?o Saturnino;S?o Saturnino;278;41394500
PT186;1209;120902;no;Belver;Belver;684;69838900
PT186;1209;120903;no;Comenda;Comenda;890;90021600
PT186;1209;120905;no;Margem;Margem;811;56852900
PT186;1209;120906;30/09/2013;Uni?o das freguesias de Gavi?o e Atalaia;Uni?o das freguesias de Gavi?o e Atalaia;1747;77881100
PT186;1210;121001;no;Beir?;Beir?;498;44759800
PT186;1210;121002;no;Santa Maria de Marv?o;Santa Maria de Marv?o;486;23352300
PT186;1210;121003;no;Santo António das Areias;Santo António das Areias;1102;35991300
PT186;1210;121004;no;S?o Salvador da Aramenha;S?o Salvador da Aramenha;1426;50795600
PT186;1211;121101;no;Assumar;Assumar;651;63832200
PT186;1211;121102;no;Monforte;Monforte;1384;214736600
PT186;1211;121103;no;Santo Aleixo;Santo Aleixo;638;58505900
PT186;1211;121104;no;Vaiamonte;Vaiamonte;656;83173500
PT186;1212;121201;no;Alpalh?o;Alpalh?o;1238;34233800
PT186;1212;121205;no;Montalv?o;Montalv?o;442;124169000
PT186;1212;121207;no;Santana;Santana;404;27193700
PT186;1212;121208;no;S?o Matias;S?o Matias;289;54663300
PT186;1212;121210;no;Tolosa;Tolosa;1011;23528100
PT186;1212;121211;30/09/2013;Uni?o das freguesias de Arez e Amieira do Tejo;Uni?o das freguesias de Arez e Amieira do Tejo;497;158227000
PT186;1212;121212;30/09/2013;Uni?o das freguesias de Espírito Santo, Nossa Senhora da Graça e S?o Sim?o;Uni?o das freguesias de Espírito Santo, Nossa Senhora da Graça e S?o Sim?o;3569;153663500
PT186;1213;121301;no;Galveias;Galveias;1061;79829300
PT186;1213;121302;no;Montargil;Montargil;2316;296944400
PT186;1213;121304;no;Foros de Arr?o;Foros de Arr?o;919;84256000
PT186;1213;121305;no;Longomel;Longomel;1228;46970800
PT186;1213;121308;30/09/2013;Uni?o das freguesias de Ponte de Sor, Tramaga e Vale de Açor;Uni?o das freguesias de Ponte de Sor, Tramaga e Vale de Açor;11198;331711100
PT186;1214;121401;no;Alagoa;Alagoa;669;18156300
PT186;1214;121402;no;Alegrete;Alegrete;1746;86923800
PT186;1214;121404;no;Fortios;Fortios;2018;65853700
PT186;1214;121410;no;Urra;Urra;1934;129982800
PT186;1214;121411;30/09/2013;Uni?o das freguesias da Sé e S?o Lourenço;Uni?o das freguesias da Sé e S?o Lourenço;15642;23608100
PT186;1214;121412;30/09/2013;Uni?o das freguesias de Reguengo e S?o Juli?o;Uni?o das freguesias de Reguengo e S?o Juli?o;972;72186500
PT186;1214;121413;30/09/2013;Uni?o das freguesias de Ribeira de Nisa e Carreiras;Uni?o das freguesias de Ribeira de Nisa e Carreiras;1949;50425300
PT186;1215;121501;no;Cano;Cano;1266;49425400
PT186;1215;121502;no;Casa Branca;Casa Branca;1232;101004000
PT186;1215;121503;no;Santo Amaro;Santo Amaro;644;39610100
PT186;1215;121504;no;Sousel;Sousel;1932;89282400
PT11C;1301;130103;no;Ansi?es;Ansi?es;623;27190100
PT11C;1301;130107;no;Candemil;Candemil;771;12008800
PT11C;1301;130112;no;Fregim;Fregim;2836;10369000
PT11C;1301;130115;no;Frid?o;Frid?o;863;7869000
PT11C;1301;130117;no;Gondar;Gondar;1686;9639400
PT11C;1301;130118;no;Jazente;Jazente;542;3353900
PT11C;1301;130119;no;Lomba;Lomba;793;3629300
PT11C;1301;130120;no;Louredo;Louredo;638;3597700
PT11C;1301;130121;no;Lufrei;Lufrei;1777;6452800
PT11C;1301;130123;no;Mancelos;Mancelos;3114;12133300
PT11C;1301;130126;no;Padronelo;Padronelo;884;2484900
PT11C;1301;130128;no;Rebordelo;Rebordelo;365;15657500
PT11C;1301;130129;no;Salvador do Monte;Salvador do Monte;1066;7479400
PT11C;1301;130134;no;Gouveia (S?o Sim?o);Gouveia (S?o Sim?o);633;12492600
PT11C;1301;130135;no;Tel?es;Tel?es;4226;14472000
PT11C;1301;130136;no;Travanca;Travanca;2278;8689700
PT11C;1301;130138;no;Vila Caiz;Vila Caiz;3026;8523200
PT11C;1301;130139;no;Vila Ch? do Mar?o;Vila Ch? do Mar?o;940;6711500
PT11C;1301;130141;30/09/2013;Uni?o das freguesias de Aboadela, Sanche e Várzea;Uni?o das freguesias de Aboadela, Sanche e Várzea;1675;30448400
PT11C;1301;130142;30/09/2013;Uni?o das freguesias de Amarante (S?o Gonçalo), Madalena, Cepelos e Gat?o;Uni?o das freguesias de Amarante (S?o Gonçalo), Madalena, Cepelos e Gat?o;11840;15212600
PT11C;1301;130143;30/09/2013;Uni?o das freguesias de Bustelo, Carneiro e Carvalho de Rei;Uni?o das freguesias de Bustelo, Carneiro e Carvalho de Rei;1019;23429100
PT11C;1301;130144;30/09/2013;Uni?o das freguesias de Figueiró (Santiago e Santa Cristina);Uni?o das freguesias de Figueiró (Santiago e Santa Cristina);3828;8114800
PT11C;1301;130145;30/09/2013;Uni?o das freguesias de Freixo de Cima e de Baixo;Uni?o das freguesias de Freixo de Cima e de Baixo;3643;8815000
PT11C;1301;130146;30/09/2013;Uni?o das freguesias de Olo e Canadelo;Uni?o das freguesias de Olo e Canadelo;492;19514900
PT11C;1301;130147;30/09/2013;Uni?o das freguesias de Real, Ataíde e Oliveira;Uni?o das freguesias de Real, Ataíde e Oliveira;5006;10962600
PT11C;1301;130148;30/09/2013;Uni?o das freguesias de Vila Garcia, Aboim e Chapa;Uni?o das freguesias de Vila Garcia, Aboim e Chapa;1700;12079800
PT11C;1302;130204;no;Frende;Frende;656;2900100
PT11C;1302;130205;no;Gestaçô;Gestaçô;1263;14430300
PT11C;1302;130206;no;Gove;Gove;1974;11167100
PT11C;1302;130207;no;Grilo;Grilo;590;5944100
PT11C;1302;130208;no;Loivos do Monte;Loivos do Monte;373;8749400
PT11C;1302;130215;no;Santa Marinha do Z?zere;Santa Marinha do Z?zere;2789;10688900
PT11C;1302;130219;no;Valadares;Valadares;844;9929900
PT11C;1302;130220;no;Viariz;Viariz;520;6234800
PT11C;1302;130221;30/09/2013;Uni?o das freguesias de Ancede e Ribadouro;Uni?o das freguesias de Ancede e Ribadouro;2836;15536000
PT11C;1302;130222;30/09/2013;Uni?o das freguesias de Bai?o (Santa Leocádia) e Mesquinhata;Uni?o das freguesias de Bai?o (Santa Leocádia) e Mesquinhata;855;7755700
PT11C;1302;130223;30/09/2013;Uni?o das freguesias de Campelo e Ovil;Uni?o das freguesias de Campelo e Ovil;3938;31810800
PT11C;1302;130224;30/09/2013;Uni?o das freguesias de Loivos da Ribeira e Tresouras;Uni?o das freguesias de Loivos da Ribeira e Tresouras;853;7174600
PT11C;1302;130225;30/09/2013;Uni?o das freguesias de Santa Cruz do Douro e S?o Tomé de Covelas;Uni?o das freguesias de Santa Cruz do Douro e S?o Tomé de Covelas;2085;16113600
PT11C;1302;130226;30/09/2013;Uni?o das freguesias de Teixeira e Teixeiró;Uni?o das freguesias de Teixeira e Teixeiró;946;26093000
PT11C;1303;130301;no;Ai?o;Ai?o;856;2778700
PT11C;1303;130302;no;Air?es;Air?es;2486;4010500
PT11C;1303;130305;no;Friande;Friande;1838;3287000
PT11C;1303;130306;no;Id?es;Id?es;2496;7111300
PT11C;1303;130307;no;Jugueiros;Jugueiros;1303;7448600
PT11C;1303;130313;no;Penacova;Penacova;1130;2999100
PT11C;1303;130314;no;Pinheiro;Pinheiro;1042;3574400
PT11C;1303;130315;no;Pombeiro de Ribavizela;Pombeiro de Ribavizela;2218;4809000
PT11C;1303;130317;no;Refontoura;Refontoura;2081;3439300
PT11C;1303;130318;no;Regilde;Regilde;1284;3081700
PT11C;1303;130319;no;Revinhade;Revinhade;811;3325600
PT11C;1303;130324;no;Sendim;Sendim;1627;7029900
PT11C;1303;130334;30/09/2013;Uni?o das freguesias de Macieira da Lixa e Caramos;Uni?o das freguesias de Macieira da Lixa e Caramos;3815;8634100
PT11C;1303;130335;30/09/2013;Uni?o das freguesias de Margaride (Santa Eulália), Várzea, Lagares, Varziela e Moure;Uni?o das freguesias de Margaride (Santa Eulália), Várzea, Lagares, Varziela e Moure;17990;17440500
PT11C;1303;130336;30/09/2013;Uni?o das freguesias de Pedreira, Rande e Sernande;Uni?o das freguesias de Pedreira, Rande e Sernande;3487;6981800
PT11C;1303;130337;30/09/2013;Uni?o das freguesias de Torrados e Sousa;Uni?o das freguesias de Torrados e Sousa;3465;5206600
PT11C;1303;130338;30/09/2013;Uni?o das freguesias de Unh?o e Lordelo;Uni?o das freguesias de Unh?o e Lordelo;1157;4955800
PT11C;1303;130339;30/09/2013;Uni?o das freguesias de Vila Cova da Lixa e Borba de Godim;Uni?o das freguesias de Vila Cova da Lixa e Borba de Godim;6191;13464800
PT11C;1303;130340;30/09/2013;Uni?o das freguesias de Vila Fria e Vizela (S?o Jorge);Uni?o das freguesias de Vila Fria e Vizela (S?o Jorge);1203;3021800
PT11C;1303;130341;30/09/2013;Uni?o das freguesias de Vila Verde e Sant?o;Uni?o das freguesias de Vila Verde e Sant?o;1585;3137100
PT11A;1304;130405;no;Lomba;Lomba;1505;13696600
PT11A;1304;130408;no;Rio Tinto;Rio Tinto;50713;9384100
PT11A;1304;130412;no;Baguim do Monte (Rio Tinto);Baguim do Monte (Rio Tinto);14102;5456800
PT11A;1304;130413;30/09/2013;Uni?o das freguesias de Fânzeres e S?o Pedro da Cova;Uni?o das freguesias de Fânzeres e S?o Pedro da Cova;39586;21961900
PT11A;1304;130414;30/09/2013;Uni?o das freguesias de Foz do Sousa e Covelo;Uni?o das freguesias de Foz do Sousa e Covelo;7701;30237700
PT11A;1304;130415;30/09/2013;Uni?o das freguesias de Gondomar (S?o Cosme), Valbom e Jovim;Uni?o das freguesias de Gondomar (S?o Cosme), Valbom e Jovim;48600;23318000
PT11A;1304;130416;30/09/2013;Uni?o das freguesias de Melres e Medas;Uni?o das freguesias de Melres e Medas;5820;27808000
PT11C;1305;130502;no;Aveleda;Aveleda;2073;3810800
PT11C;1305;130504;no;Caíde de Rei;Caíde de Rei;2529;6733200
PT11C;1305;130510;no;Lodares;Lodares;2002;3884000
PT11C;1305;130512;no;Macieira;Macieira;1344;1547600
PT11C;1305;130513;no;Meinedo;Meinedo;4052;9310900
PT11C;1305;130515;no;Nevogilde;Nevogilde;2617;3437700
PT11C;1305;130524;no;Sousela;Sousela;1797;6724700
PT11C;1305;130525;no;Torno;Torno;2542;3754300
PT11C;1305;130526;no;Vilar do Torno e Alentém;Vilar do Torno e Alentém;1342;3774600
PT11C;1305;130527;30/09/2013;Uni?o das freguesias de Cernadelo e Lousada (S?o Miguel e Santa Margarida);Uni?o das freguesias de Cernadelo e Lousada (S?o Miguel e Santa Margarida);2166;7336300
PT11C;1305;130528;30/09/2013;Uni?o das freguesias de Cristelos, Boim e Ordem;Uni?o das freguesias de Cristelos, Boim e Ordem;7411;10362700
PT11C;1305;130529;30/09/2013;Uni?o das freguesias de Figueiras e Covas;Uni?o das freguesias de Figueiras e Covas;2108;4341800
PT11C;1305;130530;30/09/2013;Uni?o das freguesias de Lustosa e Barrosas (Santo Est?v?o);Uni?o das freguesias de Lustosa e Barrosas (Santo Est?v?o);5775;15903000
PT11C;1305;130531;30/09/2013;Uni?o das freguesias de Nespereira e Casais;Uni?o das freguesias de Nespereira e Casais;3486;4667700
PT11C;1305;130532;30/09/2013;Uni?o das freguesias de Silvares, Pias, Nogueira e Alvarenga;Uni?o das freguesias de Silvares, Pias, Nogueira e Alvarenga;6143;10490800
PT11A;1306;130601;no;Águas Santas;Águas Santas;27470;8225900
PT11A;1306;130603;no;Folgosa;Folgosa;3704;10114500
PT11A;1306;130608;no;Milheirós;Milheirós;4861;3604200
PT11A;1306;130609;no;Moreira;Moreira;12890;8672700
PT11A;1306;130613;no;S?o Pedro Fins;S?o Pedro Fins;1837;4706800
PT11A;1306;130616;no;Vila Nova da Telha;Vila Nova da Telha;5886;5943100
PT11A;1306;130617;no;Pedrouços;Pedrouços;12149;2572800
PT11A;1306;130618;30/09/2013;Cast?lo da Maia;Cast?lo da Maia;18395;19910400
PT11A;1306;130619;30/09/2013;Cidade da Maia;Cidade da Maia;40134;10416800
PT11A;1306;130620;30/09/2013;Nogueira e Silva Escura;Nogueira e Silva Escura;7980;8826600
PT11C;1307;130704;no;Banho e Carvalhosa;Banho e Carvalhosa;1276;4914000
PT11C;1307;130705;no;Constance;Constance;1626;4796700
PT11C;1307;130722;no;Soalh?es;Soalh?es;3682;24062500
PT11C;1307;130723;no;Sobretâmega;Sobretâmega;1132;2839200
PT11C;1307;130724;no;Tabuado;Tabuado;1375;6803900
PT11C;1307;130730;no;Vila Boa do Bispo;Vila Boa do Bispo;3240;12484800
PT11C;1307;130732;30/09/2013;Alpendorada, Várzea e Torr?o;Alpendorada, Várzea e Torr?o;8485;16819200
PT11C;1307;130733;30/09/2013;Avessadas e Rosém;Avessadas e Rosém;1467;11138100
PT11C;1307;130734;30/09/2013;Bem Viver;Bem Viver;3877;9585800
PT11C;1307;130735;30/09/2013;Livraç?o;Livraç?o;2083;4668900
PT11C;1307;130736;30/09/2013;Marco;Marco;11014;17389300
PT11C;1307;130737;30/09/2013;Paredes de Viadores e Manhuncelos;Paredes de Viadores e Manhuncelos;1775;13118300
PT11C;1307;130738;30/09/2013;Penhalonga e Paços de Gaiolo;Penhalonga e Paços de Gaiolo;2924;18137200
PT11C;1307;130739;30/09/2013;Sande e S?o Lourenço;Sande e S?o Lourenço;2869;12617600
PT11C;1307;130740;30/09/2013;Várzea, Aliviada e Folhada;Várzea, Aliviada e Folhada;2771;23185100
PT11C;1307;130741;30/09/2013;Vila Boa de Quires e Maureles;Vila Boa de Quires e Maureles;3854;19329100
PT11A;1308;130811;30/09/2013;Uni?o das freguesias de Custóias, Leça do Balio e Guif?es;Uni?o das freguesias de Custóias, Leça do Balio e Guif?es;45716;18835300
PT11A;1308;130812;30/09/2013;Uni?o das freguesias de Matosinhos e Leça da Palmeira;Uni?o das freguesias de Matosinhos e Leça da Palmeira;49486;12155800
PT11A;1308;130813;30/09/2013;Uni?o das freguesias de Perafita, Lavra e Santa Cruz do Bispo;Uni?o das freguesias de Perafita, Lavra e Santa Cruz do Bispo;29407;22649100
PT11A;1308;130814;30/09/2013;Uni?o das freguesias de S?o Mamede de Infesta e Senhora da Hora;Uni?o das freguesias de S?o Mamede de Infesta e Senhora da Hora;50869;8779500
PT11C;1309;130902;no;Carvalhosa;Carvalhosa;4583;5988900
PT11C;1309;130904;no;Eiriz;Eiriz;2303;6024800
PT11C;1309;130905;no;Ferreira;Ferreira;4341;6745900
PT11C;1309;130906;no;Figueiró;Figueiró;2496;2851600
PT11C;1309;130908;no;Freamunde;Freamunde;7789;5151800
PT11C;1309;130910;no;Meixomil;Meixomil;3676;4377500
PT11C;1309;130913;no;Penamaior;Penamaior;3819;6718200
PT11C;1309;130914;no;Raimonda;Raimonda;2576;3366500
PT11C;1309;130916;no;Seroa;Seroa;3646;6292700
PT11C;1309;130917;30/09/2013;Fraz?o Arreigada;Fraz?o Arreigada;6263;7282900
PT11C;1309;130918;30/09/2013;Paços de Ferreira;Paços de Ferreira;9085;6078000
PT11C;1309;130919;30/09/2013;Sanfins Lamoso Codessos;Sanfins Lamoso Codessos;5763;10114000
PT11A;1310;131001;no;Aguiar de Sousa;Aguiar de Sousa;1631;22377000
PT11A;1310;131002;no;Astromil;Astromil;1086;1928300
PT11A;1310;131003;no;Baltar;Baltar;4818;7414000
PT11A;1310;131004;no;Beire;Beire;2040;3308900
PT11A;1310;131008;no;Cete;Cete;3113;4675800
PT11A;1310;131009;no;Cristelo;Cristelo;1891;2023600
PT11A;1310;131010;no;Duas Igrejas;Duas Igrejas;3879;3779700
PT11A;1310;131011;no;Gandra;Gandra;6974;11755200
PT11A;1310;131013;no;Lordelo;Lordelo;10025;9758600
PT11A;1310;131014;no;Louredo;Louredo;1514;2892800
PT11A;1310;131017;no;Parada de Todeia;Parada de Todeia;1848;3493200
PT11A;1310;131018;no;Rebordosa;Rebordosa;9106;10762300
PT11A;1310;131019;no;Recarei;Recarei;4631;14603400
PT11A;1310;131020;no;Sobreira;Sobreira;4300;21959000
PT11A;1310;131021;no;Sobrosa;Sobrosa;2641;4702300
PT11A;1310;131022;no;Vandoma;Vandoma;2363;5124600
PT11A;1310;131024;no;Vilela;Vilela;5160;4683600
PT11A;1310;131025;30/09/2013;Paredes;Paredes;19834;21514600
PT11C;1311;131101;no;Abrag?o;Abrag?o;2341;9532200
PT11C;1311;131102;no;Boelhe;Boelhe;1642;5086300
PT11C;1311;131103;no;Bustelo;Bustelo;1697;6857400
PT11C;1311;131104;no;Cabeça Santa;Cabeça Santa;2528;6929500
PT11C;1311;131105;no;Canelas;Canelas;1649;11818100
PT11C;1311;131106;no;Capela;Capela;1044;13248200
PT11C;1311;131107;no;Castel?es;Castel?es;1397;4219800
PT11C;1311;131108;no;Croca;Croca;1769;6635800
PT11C;1311;131109;no;Duas Igrejas;Duas Igrejas;2466;8102100
PT11C;1311;131110;no;Eja;Eja;1037;4929200
PT11C;1311;131112;no;Fonte Arcada;Fonte Arcada;1584;4822300
PT11C;1311;131113;no;Galegos;Galegos;2669;4567700
PT11C;1311;131115;no;Irivo;Irivo;2182;3170200
PT11C;1311;131121;no;Oldr?es;Oldr?es;2004;4057300
PT11C;1311;131122;no;Paço de Sousa;Paço de Sousa;3891;8604200
PT11C;1311;131125;no;Perozelo;Perozelo;1346;3991000
PT11C;1311;131128;no;Rans;Rans;1914;3053100
PT11C;1311;131129;no;Rio de Moinhos;Rio de Moinhos;2886;8211500
PT11C;1311;131132;no;Recezinhos (S?o Mamede);Recezinhos (S?o Mamede);1439;4251700
PT11C;1311;131133;no;Recezinhos (S?o Martinho);Recezinhos (S?o Martinho);1791;5236900
PT11C;1311;131134;no;Sebolido;Sebolido;919;5154600
PT11C;1311;131136;no;Valpedre;Valpedre;1576;6333500
PT11C;1311;131138;no;Rio Mau;Rio Mau;1407;6133200
PT11C;1311;131139;30/09/2013;Penafiel;Penafiel;15552;22522900
PT11C;1311;131140;30/09/2013;Luzim e Vila Cova;Luzim e Vila Cova;1640;10603000
PT11C;1311;131141;30/09/2013;Guilhufe e Urrô;Guilhufe e Urrô;4001;7321300
PT11C;1311;131142;30/09/2013;Lagares e Figueira;Lagares e Figueira;2866;16641700
PT11C;1311;131143;30/09/2013;Termas de S?o Vicente;Termas de S?o Vicente;5028;10208100
PT11A;1312;131202;no;Bonfim;Bonfim;24265;3096300
PT11A;1312;131203;no;Campanh?;Campanh?;32659;8042600
PT11A;1312;131210;no;Paranhos;Paranhos;44298;7168100
PT11A;1312;131211;no;Ramalde;Ramalde;38012;5825000
PT11A;1312;131216;30/09/2013;Uni?o das freguesias de Aldoar, Foz do Douro e Nevogilde;Uni?o das freguesias de Aldoar, Foz do Douro e Nevogilde;28858;6267900
PT11A;1312;131217;30/09/2013;Uni?o das freguesias de Cedofeita, Santo Ildefonso, Sé, Miragaia, S?o Nicolau e Vitória;Uni?o das freguesias de Cedofeita, Santo Ildefonso, Sé, Miragaia, S?o Nicolau e Vitória;40440;5433300
PT11A;1312;131218;30/09/2013;Uni?o das freguesias de Lordelo do Ouro e Massarelos;Uni?o das freguesias de Lordelo do Ouro e Massarelos;29059;5586900
PT11A;1313;131305;no;Balazar;Balazar;2543;11607000
PT11A;1313;131307;no;Estela;Estela;2307;11536400
PT11A;1313;131308;no;Laundos;Laundos;2055;8527200
PT11A;1313;131311;no;Rates;Rates;2505;13897600
PT11A;1313;131313;30/09/2013;Uni?o das freguesias de Aver-o-Mar, Amorim e Terroso;Uni?o das freguesias de Aver-o-Mar, Amorim e Terroso;13987;16642800
PT11A;1313;131314;30/09/2013;Uni?o das freguesias de Aguçadoura e Navais;Uni?o das freguesias de Aguçadoura e Navais;5745;7399800
PT11A;1313;131315;30/09/2013;Uni?o das freguesias da Póvoa de Varzim, Beiriz e Argivai;Uni?o das freguesias da Póvoa de Varzim, Beiriz e Argivai;34266;12595200
PT11A;1314;131401;no;Agrela;Agrela;1584;6986800
PT11A;1314;131402;no;Água Longa;Água Longa;2207;12873400
PT11A;1314;131405;no;Aves;Aves;8458;6159200
PT11A;1314;131413;no;Monte Córdova;Monte Córdova;3958;16798000
PT11A;1314;131416;no;Rebord?es;Rebord?es;3368;4210000
PT11A;1314;131418;no;Reguenga;Reguenga;1596;5004300
PT11A;1314;131419;no;Roriz;Roriz;3665;6169700
PT11A;1314;131430;no;Negrelos (S?o Tomé);Negrelos (S?o Tomé);4032;6116400
PT11A;1314;131432;no;Vilarinho;Vilarinho;3788;5266500
PT11A;1314;131433;30/09/2013;Uni?o das freguesias de Areias, Sequeiró, Lama e Palmeira;Uni?o das freguesias de Areias, Sequeiró, Lama e Palmeira;6795;10304100
PT11A;1314;131434;30/09/2013;Uni?o das freguesias de Campo (S?o Martinho), S?o Salvador do Campo e Negrelos (S?o Mamede);Uni?o das freguesias de Campo (S?o Martinho), S?o Salvador do Campo e Negrelos (S?o Mamede);6809;9595900
PT11A;1314;131435;30/09/2013;Uni?o das freguesias de Carreira e Refojos de Riba de Ave;Uni?o das freguesias de Carreira e Refojos de Riba de Ave;2072;9490000
PT11A;1314;131436;30/09/2013;Uni?o das freguesias de Lamelas e Guimarei;Uni?o das freguesias de Lamelas e Guimarei;1660;12408500
PT11A;1314;131437;30/09/2013;Uni?o das freguesias de Santo Tirso, Couto (Santa Cristina e S?o Miguel) e Burg?es;Uni?o das freguesias de Santo Tirso, Couto (Santa Cristina e S?o Miguel) e Burg?es;21538;25217500
PT11A;1315;131501;no;Alfena;Alfena;15211;11105700
PT11A;1315;131503;no;Ermesinde;Ermesinde;38798;7652400
PT11A;1315;131505;no;Valongo;Valongo;23925;24098900
PT11A;1315;131506;30/09/2013;Uni?o das freguesias de Campo e Sobrado;Uni?o das freguesias de Campo e Sobrado;15924;32267400
PT11A;1316;131602;no;Árvore;Árvore;5196;6560400
PT11A;1316;131603;no;Aveleda;Aveleda;1314;3701700
PT11A;1316;131604;no;Azurara;Azurara;2305;2164000
PT11A;1316;131607;no;Fajozes;Fajozes;1425;5961800
PT11A;1316;131610;no;Gi?o;Gi?o;1756;5657500
PT11A;1316;131611;no;Guilhabreu;Guilhabreu;2357;6458700
PT11A;1316;131612;no;Junqueira;Junqueira;2019;6827700
PT11A;1316;131613;no;Labruge;Labruge;2806;5070700
PT11A;1316;131614;no;Macieira da Maia;Macieira da Maia;2321;5926500
PT11A;1316;131616;no;Mindelo;Mindelo;3491;5738700
PT11A;1316;131617;no;Modivas;Modivas;1806;4099300
PT11A;1316;131627;no;Vila Ch?;Vila Ch?;3094;4813300
PT11A;1316;131628;no;Vila do Conde;Vila do Conde;28636;6778800
PT11A;1316;131630;no;Vilar de Pinheiro;Vilar de Pinheiro;2537;3783600
PT11A;1316;131631;30/09/2013;Uni?o das freguesias de Bagunte, Ferreiró, Outeiro Maior e Parada;Uni?o das freguesias de Bagunte, Ferreiró, Outeiro Maior e Parada;2848;21860000
PT11A;1316;131632;30/09/2013;Uni?o das freguesias de Fornelo e Vair?o;Uni?o das freguesias de Fornelo e Vair?o;2643;10854000
PT11A;1316;131633;30/09/2013;Uni?o das freguesias de Malta e Canidelo;Uni?o das freguesias de Malta e Canidelo;2291;5471200
PT11A;1316;131634;30/09/2013;Uni?o das freguesias de Retorta e Tougues;Uni?o das freguesias de Retorta e Tougues;2052;6550600
PT11A;1316;131635;30/09/2013;Uni?o das freguesias de Rio Mau e Arcos;Uni?o das freguesias de Rio Mau e Arcos;2681;15696900
PT11A;1316;131636;30/09/2013;Uni?o das freguesias de Touguinha e Touguinhó;Uni?o das freguesias de Touguinha e Touguinhó;3386;7723300
PT11A;1316;131637;30/09/2013;Uni?o das freguesias de Vilar e Mosteiró;Uni?o das freguesias de Vilar e Mosteiró;2569;7329100
PT11A;1317;131701;no;Arcozelo;Arcozelo;14352;8495400
PT11A;1317;131702;no;Avintes;Avintes;11497;8821400
PT11A;1317;131703;no;Canelas;Canelas;13459;6901300
PT11A;1317;131704;no;Canidelo;Canidelo;27769;8930800
PT11A;1317;131709;no;Madalena;Madalena;10040;4690100
PT11A;1317;131712;no;Oliveira do Douro;Oliveira do Douro;22383;7536200
PT11A;1317;131717;no;S?o Félix da Marinha;S?o Félix da Marinha;12706;7929000
PT11A;1317;131723;no;Vilar de Andorinho;Vilar de Andorinho;18155;7065100
PT11A;1317;131725;30/09/2013;Uni?o das freguesias de Grijó e Sermonde;Uni?o das freguesias de Grijó e Sermonde;11938;12989600
PT11A;1317;131726;30/09/2013;Uni?o das freguesias de Gulpilhares e Valadares;Uni?o das freguesias de Gulpilhares e Valadares;22019;10612300
PT11A;1317;131727;30/09/2013;Uni?o das freguesias de Mafamude e Vilar do Paraíso;Uni?o das freguesias de Mafamude e Vilar do Paraíso;52422;10575000
PT11A;1317;131728;30/09/2013;Uni?o das freguesias de Pedroso e Seixezelo;Uni?o das freguesias de Pedroso e Seixezelo;20426;20878100
PT11A;1317;131729;30/09/2013;Uni?o das freguesias de Sandim, Olival, Lever e Crestuma;Uni?o das freguesias de Sandim, Olival, Lever e Crestuma;17168;34156000
PT11A;1317;131730;30/09/2013;Uni?o das freguesias de Santa Marinha e S?o Pedro da Afurada;Uni?o das freguesias de Santa Marinha e S?o Pedro da Afurada;33714;6914300
PT11A;1317;131731;30/09/2013;Uni?o das freguesias de Serzedo e Perosinho;Uni?o das freguesias de Serzedo e Perosinho;14250;11969700
PT11A;1318;131806;no;Covelas;Covelas;1563;15280400
PT11A;1318;131808;no;Muro;Muro;1922;4994100
PT11A;1318;131809;30/09/2013;Uni?o das freguesias de Alvarelhos e Guid?es;Uni?o das freguesias de Alvarelhos e Guid?es;4810;12074400
PT11A;1318;131810;30/09/2013;Uni?o das freguesias de Bougado (S?o Martinho e Santiago);Uni?o das freguesias de Bougado (S?o Martinho e Santiago);21585;28686900
PT11A;1318;131811;30/09/2013;Uni?o das freguesias de Coronado (S?o Rom?o e S?o Mamede);Uni?o das freguesias de Coronado (S?o Rom?o e S?o Mamede);9119;10981700
PT16I;1401;140104;no;Bemposta;Bemposta;1795;187453500
PT16I;1401;140105;no;Martinchel;Martinchel;604;17068300
PT16I;1401;140106;no;Mouriscas;Mouriscas;1832;35022700
PT16I;1401;140107;no;Pego;Pego;2431;36046900
PT16I;1401;140108;no;Rio de Moinhos;Rio de Moinhos;1202;20031000
PT16I;1401;140115;no;Tramagal;Tramagal;3500;24100600
PT16I;1401;140118;no;Fontes;Fontes;627;28485200
PT16I;1401;140119;no;Carvalhal;Carvalhal;722;17542100
PT16I;1401;140120;30/09/2013;Uni?o das freguesias de Abrantes (S?o Vicente e S?o Jo?o) e Alferrarede;Uni?o das freguesias de Abrantes (S?o Vicente e S?o Jo?o) e Alferrarede;17205;64466500
PT16I;1401;140121;30/09/2013;Uni?o das freguesias de Aldeia do Mato e Souto;Uni?o das freguesias de Aldeia do Mato e Souto;859;44768000
PT16I;1401;140122;30/09/2013;Uni?o das freguesias de Alvega e Concavada;Uni?o das freguesias de Alvega e Concavada;2152;75849600
PT16I;1401;140123;30/09/2013;Uni?o das freguesias de S?o Facundo e Vale das Mós;Uni?o das freguesias de S?o Facundo e Vale das Mós;1515;104912400
PT16I;1401;140124;30/09/2013;Uni?o das freguesias de S?o Miguel do Rio Torto e Rossio ao Sul do Tejo;Uni?o das freguesias de S?o Miguel do Rio Torto e Rossio ao Sul do Tejo;4881;58944100
PT16I;1402;140202;no;Bugalhos;Bugalhos;1084;16458200
PT16I;1402;140206;no;Minde;Minde;3293;21144500
PT16I;1402;140207;no;Moitas Venda;Moitas Venda;866;6751500
PT16I;1402;140208;no;Monsanto;Monsanto;886;18463400
PT16I;1402;140209;no;Serra de Santo António;Serra de Santo António;725;14620800
PT16I;1402;140211;30/09/2013;Uni?o das freguesias de Alcanena e Vila Moreira;Uni?o das freguesias de Alcanena e Vila Moreira;5105;15431200
PT16I;1402;140212;30/09/2013;Uni?o das freguesias de Malhou, Louriceira e Espinheiro;Uni?o das freguesias de Malhou, Louriceira e Espinheiro;1909;34459200
PT185;1403;140301;no;Almeirim;Almeirim;12812;69130200
PT185;1403;140302;no;Benfica do Ribatejo;Benfica do Ribatejo;3067;29270200
PT185;1403;140303;no;Fazendas de Almeirim;Fazendas de Almeirim;6949;58302800
PT185;1403;140304;no;Raposa;Raposa;548;65417300
PT185;1404;140401;no;Alpiarça;Alpiarça;7702;95363300
PT185;1405;140501;no;Benavente;Benavente;9174;130410100
PT185;1405;140502;no;Samora Correia;Samora Correia;17123;321387100
PT185;1405;140503;no;Santo Est?v?o;Santo Est?v?o;1997;62412100
PT185;1405;140504;no;Barrosa;Barrosa;725;7174700
PT185;1406;140604;no;Pontével;Pontével;4614;27843800
PT185;1406;140605;no;Valada;Valada;821;42166300
PT185;1406;140607;no;Vila Ch? de Ourique;Vila Ch? de Ourique;2771;33219000
PT185;1406;140608;no;Vale da Pedra;Vale da Pedra;1755;14095100
PT185;1406;140609;30/09/2013;Uni?o das freguesias do Cartaxo e Vale da Pinta;Uni?o das freguesias do Cartaxo e Vale da Pinta;12665;28231000
PT185;1406;140610;30/09/2013;Uni?o das freguesias de Ereira e Lapa;Uni?o das freguesias de Ereira e Lapa;1836;12617600
PT185;1407;140704;no;Ulme;Ulme;1277;121797800
PT185;1407;140705;no;Vale de Cavalos;Vale de Cavalos;1032;120050300
PT185;1407;140707;no;Carregueira;Carregueira;2020;98644900
PT185;1407;140708;30/09/2013;Uni?o das freguesias da Chamusca e Pinheiro Grande;Uni?o das freguesias da Chamusca e Pinheiro Grande;4299;67099900
PT185;1407;140709;30/09/2013;Uni?o das freguesias de Parreira e Chouto;Uni?o das freguesias de Parreira e Chouto;1492;338412500
PT16I;1408;140801;no;Constância;Constância;993;8831500
PT16I;1408;140802;no;Montalvo;Montalvo;1275;12814400
PT16I;1408;140803;no;Santa Margarida da Coutada;Santa Margarida da Coutada;1788;58719900
PT185;1409;140902;no;Couço;Couço;2765;346578200
PT185;1409;140903;no;S?o José da Lamarosa;S?o José da Lamarosa;1727;110892400
PT185;1409;140905;no;Branca;Branca;1474;117342200
PT185;1409;140907;no;Biscainho;Biscainho;1074;81367200
PT185;1409;140908;no;Santana do Mato;Santana do Mato;1148;103059600
PT185;1409;140909;30/09/2013;Uni?o das freguesias de Coruche, Fajarda e Erra;Uni?o das freguesias de Coruche, Fajarda e Erra;11756;356480600
PT16I;1410;141001;no;S?o Jo?o Baptista;S?o Jo?o Baptista;7576;4560500
PT16I;1410;141002;no;Nossa Senhora de Fátima;Nossa Senhora de Fátima;12630;9167600
PT16I;1411;141101;30/09/2013;Águas Belas;Águas Belas;1181;22130300
PT16I;1411;141103;30/09/2013;Beco;Beco;906;16213400
PT16I;1411;141104;no;Ch?os;Ch?os;597;23335500
PT16I;1411;141106;no;Ferreira do Z?zere;Ferreira do Z?zere;2353;37932400
PT16I;1411;141107;30/09/2013;Igreja Nova do Sobral;Igreja Nova do Sobral;678;14524000
PT16I;1411;141110;30/09/2013;Nossa Senhora do Pranto;Nossa Senhora do Pranto;1089;30482500
PT16I;1411;141111;30/09/2013;Uni?o das freguesias de Areias e Pias;Uni?o das freguesias de Areias e Pias;1815;45762200
PT185;1412;141201;no;Azinhaga;Azinhaga;1620;38213800
PT185;1412;141202;no;Goleg?;Goleg?;3845;38403400
PT185;1412;141203;30/09/2013;Pombalinho;Pombalinho;448;7699400
PT16I;1413;141302;no;Am?ndoa;Am?ndoa;515;37609800
PT16I;1413;141303;no;Cardigos;Cardigos;1086;70927500
PT16I;1413;141304;no;Carvoeiro;Carvoeiro;620;48915200
PT16I;1413;141305;no;Envendos;Envendos;984;92048400
PT16I;1413;141307;no;Ortiga;Ortiga;590;16368600
PT16I;1413;141309;30/09/2013;Uni?o das freguesias de Maç?o, Penhascoso e Aboboreira;Uni?o das freguesias de Maç?o, Penhascoso e Aboboreira;3543;134110400
PT185;1414;141401;no;Alcobertas;Alcobertas;1923;32030100
PT185;1414;141402;no;Arrouquelas;Arrouquelas;591;27850900
PT185;1414;141405;no;Fráguas;Fráguas;905;16121800
PT185;1414;141408;no;Rio Maior;Rio Maior;12005;91003100
PT185;1414;141410;no;Asseiceira;Asseiceira;1017;16707900
PT185;1414;141411;no;S?o Sebasti?o;S?o Sebasti?o;523;15404200
PT185;1414;141415;30/09/2013;Uni?o das freguesias de Azambujeira e Malaqueijo;Uni?o das freguesias de Azambujeira e Malaqueijo;896;14842400
PT185;1414;141416;30/09/2013;Uni?o das freguesias de Marmeleira e Assentiz;Uni?o das freguesias de Marmeleira e Assentiz;865;14154300
PT185;1414;141417;30/09/2013;Uni?o das freguesias de Outeiro da Cortiçada e Arruda dos Pis?es;Uni?o das freguesias de Outeiro da Cortiçada e Arruda dos Pis?es;1079;24482900
PT185;1414;141418;30/09/2013;Uni?o das freguesias de S?o Jo?o da Ribeira e Ribeira de S?o Jo?o;Uni?o das freguesias de S?o Jo?o da Ribeira e Ribeira de S?o Jo?o;1388;20166800
PT185;1415;141502;no;Marinhais;Marinhais;6336;37879200
PT185;1415;141503;no;Muge;Muge;1270;49605100
PT185;1415;141507;30/09/2013;Uni?o das freguesias de Glória do Ribatejo e Granho;Uni?o das freguesias de Glória do Ribatejo e Granho;4107;84651600
PT185;1415;141508;30/09/2013;Uni?o das freguesias de Salvaterra de Magos e Foros de Salvaterra;Uni?o das freguesias de Salvaterra de Magos e Foros de Salvaterra;10446;71796100
PT185;1416;141601;no;Abitureiras;Abitureiras;972;23689000
PT185;1416;141602;no;Abr?;Abr?;1122;22438800
PT185;1416;141604;no;Alcanede;Alcanede;4547;105835600
PT185;1416;141605;no;Alcanh?es;Alcanh?es;1469;11453800
PT185;1416;141606;no;Almoster;Almoster;1818;40820400
PT185;1416;141607;no;Amiais de Baixo;Amiais de Baixo;1851;6302400
PT185;1416;141608;no;Arneiro das Milhariças;Arneiro das Milhariças;835;12021700
PT185;1416;141613;no;Moçarria;Moçarria;1136;12119800
PT185;1416;141614;no;Pernes;Pernes;1446;14059600
PT185;1416;141616;no;Póvoa da Isenta;Póvoa da Isenta;1127;13903600
PT185;1416;141625;no;Vale de Santarém;Vale de Santarém;2920;10195300
PT185;1416;141628;no;Gançaria;Gançaria;514;5589100
PT185;1416;141629;30/09/2013;Uni?o das freguesias de Achete, Azoia de Baixo e Póvoa de Santarém;Uni?o das freguesias de Achete, Azoia de Baixo e Póvoa de Santarém;2923;44260500
PT185;1416;141630;30/09/2013;Uni?o das freguesias de Azoia de Cima e Trem?s;Uni?o das freguesias de Azoia de Cima e Trem?s;2477;33290900
PT185;1416;141631;30/09/2013;Uni?o das freguesias de Casével e Vaqueiros;Uni?o das freguesias de Casével e Vaqueiros;1149;36782000
PT185;1416;141632;30/09/2013;Uni?o das freguesias de Romeira e Várzea;Uni?o das freguesias de Romeira e Várzea;2600;32445700
PT185;1416;141633;30/09/2013;Uni?o das freguesias de Santarém (Marvila), Santa Iria da Ribeira de Santarém, Santarém (S?o Salvador) e Santarém (S?o Nicolau);Uni?o das freguesias de Santarém (Marvila), Santa Iria da Ribeira de Santarém, Santarém (S?o Salvador) e Santarém (S?o Nicolau);29929;55511100
PT185;1416;141634;30/09/2013;Uni?o das freguesias de S?o Vicente do Paul e Vale de Figueira;Uni?o das freguesias de S?o Vicente do Paul e Vale de Figueira;2917;71822300
PT16I;1417;141701;no;Alcaravela;Alcaravela;904;36774400
PT16I;1417;141702;no;Santiago de Montalegre;Santiago de Montalegre;229;16996100
PT16I;1417;141703;no;Sardoal;Sardoal;2404;30008900
PT16I;1417;141704;no;Valhascos;Valhascos;402;8367900
PT16I;1418;141802;no;Asseiceira;Asseiceira;2945;29071400
PT16I;1418;141804;no;Carregueiros;Carregueiros;1179;12350800
PT16I;1418;141808;no;Olalhas;Olalhas;1415;34717900
PT16I;1418;141809;no;Paialvo;Paialvo;2599;22306200
PT16I;1418;141813;no;S?o Pedro de Tomar;S?o Pedro de Tomar;3027;36656700
PT16I;1418;141814;no;Sabacheira;Sabacheira;955;34255000
PT16I;1418;141817;30/09/2013;Uni?o das freguesias de Além da Ribeira e Pedreira;Uni?o das freguesias de Além da Ribeira e Pedreira;1313;24502100
PT16I;1418;141818;30/09/2013;Uni?o das freguesias de Casais e Alviobeira;Uni?o das freguesias de Casais e Alviobeira;2965;35959000
PT16I;1418;141819;30/09/2013;Uni?o das freguesias de Madalena e Beselga;Uni?o das freguesias de Madalena e Beselga;3990;44437900
PT16I;1418;141820;30/09/2013;Uni?o das freguesias de Serra e Junceira;Uni?o das freguesias de Serra e Junceira;2080;46566600
PT16I;1418;141821;30/09/2013;Uni?o das freguesias de Tomar (S?o Jo?o Baptista) e Santa Maria dos Olivais;Uni?o das freguesias de Tomar (S?o Jo?o Baptista) e Santa Maria dos Olivais;18209;30380900
PT16I;1419;141902;no;Assentiz;Assentiz;2921;32822500
PT16I;1419;141904;no;Chancelaria;Chancelaria;1659;35371000
PT16I;1419;141909;no;Pedróg?o;Pedróg?o;2037;39335600
PT16I;1419;141910;no;Riachos;Riachos;5247;14570800
PT16I;1419;141916;no;Zibreira;Zibreira;1028;10505200
PT16I;1419;141917;no;Meia Via;Meia Via;1667;4090300
PT16I;1419;141918;30/09/2013;Uni?o das freguesias de Brogueira, Parceiros de Igreja e Alcorochel;Uni?o das freguesias de Brogueira, Parceiros de Igreja e Alcorochel;2829;42074300
PT16I;1419;141919;30/09/2013;Uni?o das freguesias de Olaia e Paço;Uni?o das freguesias de Olaia e Paço;2409;29583300
PT16I;1419;141920;30/09/2013;Uni?o das freguesias de Torres Novas (Santa Maria, Salvador e Santiago);Uni?o das freguesias de Torres Novas (Santa Maria, Salvador e Santiago);8246;39651100
PT16I;1419;141921;30/09/2013;Uni?o das freguesias de Torres Novas (S?o Pedro), Lapas e Ribeira Branca;Uni?o das freguesias de Torres Novas (S?o Pedro), Lapas e Ribeira Branca;8674;21992700
PT16I;1420;142001;no;Atalaia;Atalaia;1697;14396000
PT16I;1420;142002;no;Praia do Ribatejo;Praia do Ribatejo;1702;20257800
PT16I;1420;142003;no;Tancos;Tancos;243;2043500
PT16I;1420;142006;30/09/2013;Vila Nova da Barquinha;Vila Nova da Barquinha;3680;12832400
PT16I;1421;142101;no;Alburitel;Alburitel;1179;11194200
PT16I;1421;142102;no;Atouguia;Atouguia;2454;19612800
PT16I;1421;142104;no;Caxarias;Caxarias;2166;18034300
PT16I;1421;142105;no;Espite;Espite;1104;19776500
PT16I;1421;142106;no;Fátima;Fátima;11596;71838600
PT16I;1421;142111;no;Nossa Senhora das Misericórdias;Nossa Senhora das Misericórdias;5077;40673300
PT16I;1421;142113;no;Seiça;Seiça;2076;24879400
PT16I;1421;142114;no;Urqueira;Urqueira;1682;31055700
PT16I;1421;142115;no;Nossa Senhora da Piedade;Nossa Senhora da Piedade;7217;20423200
PT16I;1421;142119;30/09/2013;Uni?o das freguesias de Freixianda, Ribeira do Fárrio e Formigais;Uni?o das freguesias de Freixianda, Ribeira do Fárrio e Formigais;3693;64225700
PT16I;1421;142120;30/09/2013;Uni?o das freguesias de Gondemaria e Olival;Uni?o das freguesias de Gondemaria e Olival;3170;30108800
PT16I;1421;142121;30/09/2013;Uni?o das freguesias de Matas e Cercal;Uni?o das freguesias de Matas e Cercal;1728;20745300
PT16I;1421;142122;30/09/2013;Uni?o das freguesias de Rio de Couros e Casal dos Bernardos;Uni?o das freguesias de Rio de Couros e Casal dos Bernardos;2798;44112500
PT181;1501;150104;no;Torr?o;Torr?o;2295;372388100
PT181;1501;150105;no;S?o Martinho;S?o Martinho;450;88592900
PT181;1501;150106;no;Comporta;Comporta;1268;150539700
PT181;1501;150107;30/09/2013;Uni?o das freguesias de Alcácer do Sal (Santa Maria do Castelo e Santiago) e Santa Susana;Uni?o das freguesias de Alcácer do Sal (Santa Maria do Castelo e Santiago) e Santa Susana;9033;888352200
PT170;1502;150201;no;Alcochete;Alcochete;12239;119441700
PT170;1502;150202;no;Samouco;Samouco;3143;4761400
PT170;1502;150203;no;S?o Francisco;S?o Francisco;2187;4161700
PT170;1503;150303;no;Costa da Caparica;Costa da Caparica;13418;10178200
PT170;1503;150312;30/09/2013;Uni?o das freguesias de Almada, Cova da Piedade, Pragal e Cacilhas;Uni?o das freguesias de Almada, Cova da Piedade, Pragal e Cacilhas;49661;6154500
PT170;1503;150313;30/09/2013;Uni?o das freguesias de Caparica e Trafaria;Uni?o das freguesias de Caparica e Trafaria;26150;16745600
PT170;1503;150314;30/09/2013;Uni?o das freguesias de Charneca de Caparica e Sobreda;Uni?o das freguesias de Charneca de Caparica e Sobreda;44929;29307400
PT170;1503;150315;30/09/2013;Uni?o das freguesias de Laranjeiro e Feijó;Uni?o das freguesias de Laranjeiro e Feijó;39872;7821700
PT170;1504;150407;no;Santo António da Charneca;Santo António da Charneca;11536;7696700
PT170;1504;150409;30/09/2013;Uni?o das freguesias de Alto do Seixalinho, Santo André e Verderena;Uni?o das freguesias de Alto do Seixalinho, Santo André e Verderena;41760;7179100
PT170;1504;150410;30/09/2013;Uni?o das freguesias de Barreiro e Lavradio;Uni?o das freguesias de Barreiro e Lavradio;21877;7735600
PT170;1504;150411;30/09/2013;Uni?o das freguesias de Palhais e Coina;Uni?o das freguesias de Palhais e Coina;3591;13779300
PT181;1505;150501;30/09/2013;Azinheira dos Barros e S?o Mamede do Sád?o;Azinheira dos Barros e S?o Mamede do Sád?o;704;172520700
PT181;1505;150503;no;Melides;Melides;1658;155162800
PT181;1505;150505;no;Carvalhal;Carvalhal;1630;81998300
PT181;1505;150506;30/09/2013;Uni?o das freguesias de Grândola e Santa Margarida da Serra;Uni?o das freguesias de Grândola e Santa Margarida da Serra;10834;416254900
PT170;1506;150601;no;Alhos Vedros;Alhos Vedros;15050;17907300
PT170;1506;150603;no;Moita;Moita;17653;17941500
PT170;1506;150607;30/09/2013;Uni?o das freguesias de Baixa da Banheira e Vale da Amoreira;Uni?o das freguesias de Baixa da Banheira e Vale da Amoreira;30949;6420500
PT170;1506;150608;30/09/2013;Uni?o das freguesias de Gaio-Rosário e Sarilhos Pequenos;Uni?o das freguesias de Gaio-Rosário e Sarilhos Pequenos;2377;12990500
PT170;1507;150701;no;Canha;Canha;1689;211971200
PT170;1507;150704;no;Sarilhos Grandes;Sarilhos Grandes;3424;11765800
PT170;1507;150709;30/09/2013;Uni?o das freguesias de Atalaia e Alto Estanqueiro-Jardia;Uni?o das freguesias de Atalaia e Alto Estanqueiro-Jardia;5085;13649000
PT170;1507;150710;30/09/2013;Uni?o das freguesias de Montijo e Afonsoeiro;Uni?o das freguesias de Montijo e Afonsoeiro;37111;31460000
PT170;1507;150711;30/09/2013;Uni?o das freguesias de Peg?es;Uni?o das freguesias de Peg?es;3913;79770300
PT170;1508;150802;no;Palmela;Palmela;17481;77510600
PT170;1508;150803;no;Pinhal Novo;Pinhal Novo;25000;54443000
PT170;1508;150804;no;Quinta do Anjo;Quinta do Anjo;11865;51117600
PT170;1508;150806;30/09/2013;Uni?o das freguesias de Poceir?o e Marateca;Uni?o das freguesias de Poceir?o e Marateca;8485;282048900
PT181;1509;150901;no;Abela;Abela;890;137679100
PT181;1509;150902;no;Alvalade;Alvalade;2098;161822100
PT181;1509;150903;no;Cercal;Cercal;3362;137485300
PT181;1509;150904;no;Ermidas-Sado;Ermidas-Sado;2020;82400400
PT181;1509;150907;no;Santo André;Santo André;10647;75105100
PT181;1509;150910;no;S?o Francisco da Serra;S?o Francisco da Serra;809;51379400
PT181;1509;150912;30/09/2013;Uni?o das freguesias de Santiago do Cacém, Santa Cruz e S?o Bartolomeu da Serra;Uni?o das freguesias de Santiago do Cacém, Santa Cruz e S?o Bartolomeu da Serra;8454;207934900
PT181;1509;150913;30/09/2013;Uni?o das freguesias de S?o Domingos e Vale de Água;Uni?o das freguesias de S?o Domingos e Vale de Água;1469;205886600
PT170;1510;151002;no;Amora;Amora;48629;24359000
PT170;1510;151005;no;Corroios;Corroios;47661;17110500
PT170;1510;151006;no;Fern?o Ferro;Fern?o Ferro;17059;24126600
PT170;1510;151007;30/09/2013;Uni?o das freguesias do Seixal, Arrentela e Aldeia de Paio Pires;Uni?o das freguesias do Seixal, Arrentela e Aldeia de Paio Pires;44920;29903100
PT170;1511;151101;no;Sesimbra (Castelo);Sesimbra (Castelo);19053;179293300
PT170;1511;151102;no;Sesimbra (Santiago);Sesimbra (Santiago);4841;2015900
PT170;1511;151103;no;Quinta do Conde;Quinta do Conde;25606;14162200
PT170;1512;151205;no;Setúbal (S?o Sebasti?o);Setúbal (S?o Sebasti?o);52542;25781700
PT170;1512;151207;no;Gâmbia-Pontes-Alto da Guerra;Gâmbia-Pontes-Alto da Guerra;5885;32966800
PT170;1512;151208;no;Sado;Sado;5783;65488700
PT170;1512;151209;30/09/2013;Uni?o das freguesias de Azeit?o (S?o Lourenço e S?o Sim?o);Uni?o das freguesias de Azeit?o (S?o Lourenço e S?o Sim?o);18877;69322500
PT170;1512;151210;30/09/2013;Uni?o das freguesias de Setúbal (S?o Juli?o, Nossa Senhora da Anunciada e Santa Maria da Graça);Uni?o das freguesias de Setúbal (S?o Juli?o, Nossa Senhora da Anunciada e Santa Maria da Graça);38098;36765300
PT181;1513;151301;no;Sines;Sines;13200;152579800
PT181;1513;151302;no;Porto Covo;Porto Covo;1038;50721900
PT111;1601;160101;no;Aboim das Choças;Aboim das Choças;333;1828100
PT111;1601;160102;no;Agui?;Agui?;705;3805200
PT111;1601;160104;no;Ázere;Ázere;247;3177600
PT111;1601;160105;no;Cabana Maior;Cabana Maior;239;13403500
PT111;1601;160106;no;Cabreiro;Cabreiro;428;41720500
PT111;1601;160108;no;Cendufe;Cendufe;360;3158000
PT111;1601;160109;no;Couto;Couto;615;5787100
PT111;1601;160113;no;Gavieira;Gavieira;298;57712300
PT111;1601;160115;no;Gondoriz;Gondoriz;958;33971800
PT111;1601;160121;no;Miranda;Miranda;325;10020100
PT111;1601;160122;no;Monte Redondo;Monte Redondo;227;2383000
PT111;1601;160123;no;Oliveira;Oliveira;330;3207200
PT111;1601;160124;no;Paçô;Paçô;933;4602700
PT111;1601;160125;no;Padroso;Padroso;234;7932400
PT111;1601;160128;no;Prozelo;Prozelo;943;3955900
PT111;1601;160130;no;Rio Frio;Rio Frio;684;19283000
PT111;1601;160131;no;Rio de Moinhos;Rio de Moinhos;438;3591300
PT111;1601;160133;no;Sabadim;Sabadim;468;8330200
PT111;1601;160142;no;Jolda (S?o Paio);Jolda (S?o Paio);360;1699900
PT111;1601;160144;no;Senharei;Senharei;259;7529800
PT111;1601;160145;no;Sistelo;Sistelo;273;26232800
PT111;1601;160146;no;Soajo;Soajo;986;59100900
PT111;1601;160149;no;Vale;Vale;776;15115900
PT111;1601;160152;30/09/2013;Uni?o das freguesias de Alvora e Loureda;Uni?o das freguesias de Alvora e Loureda;456;10240400
PT111;1601;160153;30/09/2013;Uni?o das freguesias de Arcos de Valdevez (S?o Paio) e Giela;Uni?o das freguesias de Arcos de Valdevez (S?o Paio) e Giela;1661;5520300
PT111;1601;160154;30/09/2013;Uni?o das freguesias de Arcos de Valdevez (Salvador), Vila Fonche e Parada;Uni?o das freguesias de Arcos de Valdevez (Salvador), Vila Fonche e Parada;2580;5272200
PT111;1601;160155;30/09/2013;Uni?o das freguesias de Eiras e Mei;Uni?o das freguesias de Eiras e Mei;387;6003000
PT111;1601;160156;30/09/2013;Uni?o das freguesias de Grade e Carralcova;Uni?o das freguesias de Grade e Carralcova;517;13953900
PT111;1601;160157;30/09/2013;Uni?o das freguesias de Guilhadeses e Santar;Uni?o das freguesias de Guilhadeses e Santar;1283;3909500
PT111;1601;160158;30/09/2013;Uni?o das freguesias de Jolda (Madalena) e Rio Cabr?o;Uni?o das freguesias de Jolda (Madalena) e Rio Cabr?o;485;4232500
PT111;1601;160159;30/09/2013;Uni?o das freguesias de Padreiro (Salvador e Santa Cristina);Uni?o das freguesias de Padreiro (Salvador e Santa Cristina);377;4425100
PT111;1601;160160;30/09/2013;Uni?o das freguesias de Portela e Extremo;Uni?o das freguesias de Portela e Extremo;420;11609300
PT111;1601;160161;30/09/2013;Uni?o das freguesias de S?o Jorge e Ermelo;Uni?o das freguesias de S?o Jorge e Ermelo;806;24184400
PT111;1601;160162;30/09/2013;Uni?o das freguesias de Souto e Tabaçô;Uni?o das freguesias de Souto e Tabaçô;977;5005100
PT111;1601;160163;30/09/2013;Uni?o das freguesias de Távora (Santa Maria e S?o Vicente);Uni?o das freguesias de Távora (Santa Maria e S?o Vicente);955;6737200
PT111;1601;160164;30/09/2013;Uni?o das freguesias de Vilela, S?o Cosme e S?o Dami?o e Sá;Uni?o das freguesias de Vilela, S?o Cosme e S?o Dami?o e Sá;524;8954100
PT111;1602;160201;no;Âncora;Âncora;1182;5417300
PT111;1602;160205;no;Argela;Argela;393;10796300
PT111;1602;160209;no;Dem;Dem;363;6431600
PT111;1602;160211;no;Lanhelas;Lanhelas;991;5037000
PT111;1602;160214;no;Riba de Âncora;Riba de Âncora;723;8542000
PT111;1602;160215;no;Seixas;Seixas;1502;8333100
PT111;1602;160217;no;Vila Praia de Âncora;Vila Praia de Âncora;4820;8372800
PT111;1602;160218;no;Vilar de Mouros;Vilar de Mouros;753;10377200
PT111;1602;160220;no;Vile;Vile;302;2799300
PT111;1602;160221;30/09/2013;Uni?o das freguesias de Arga (Baixo, Cima e S?o Jo?o);Uni?o das freguesias de Arga (Baixo, Cima e S?o Jo?o);208;30878700
PT111;1602;160222;30/09/2013;Uni?o das freguesias de Caminha (Matriz) e Vilarelho;Uni?o das freguesias de Caminha (Matriz) e Vilarelho;2471;6737300
PT111;1602;160223;30/09/2013;Uni?o das freguesias de Gondar e Orbacém;Uni?o das freguesias de Gondar e Orbacém;435;11064200
PT111;1602;160224;30/09/2013;Uni?o das freguesias de Moledo e Cristelo;Uni?o das freguesias de Moledo e Cristelo;1566;10357300
PT111;1602;160225;30/09/2013;Uni?o das freguesias de Venade e Azevedo;Uni?o das freguesias de Venade e Azevedo;975;11377300
PT111;1603;160301;no;Alvaredo;Alvaredo;528;4364100
PT111;1603;160304;no;Cousso;Cousso;294;7234800
PT111;1603;160305;no;Cristoval;Cristoval;528;5556900
PT111;1603;160307;no;Fi?es;Fi?es;239;11212700
PT111;1603;160308;no;Gave;Gave;237;18639300
PT111;1603;160311;no;Paderne;Paderne;1160;12850200
PT111;1603;160313;no;Penso;Penso;523;8854000
PT111;1603;160317;no;S?o Paio;S?o Paio;602;9951700
PT111;1603;160319;30/09/2013;Uni?o das freguesias de Castro Laboreiro e Lamas de Mouro;Uni?o das freguesias de Castro Laboreiro e Lamas de Mouro;657;106088500
PT111;1603;160320;30/09/2013;Uni?o das freguesias de Chavi?es e Paços;Uni?o das freguesias de Chavi?es e Paços;702;8479000
PT111;1603;160321;30/09/2013;Uni?o das freguesias de Parada do Monte e Cubalh?o;Uni?o das freguesias de Parada do Monte e Cubalh?o;526;29838500
PT111;1603;160322;30/09/2013;Uni?o das freguesias de Prado e Remo?es;Uni?o das freguesias de Prado e Remo?es;550;3667500
PT111;1603;160323;30/09/2013;Uni?o das freguesias de Vila e Roussas;Uni?o das freguesias de Vila e Roussas;2667;11508700
PT111;1604;160401;no;Abedim;Abedim;205;7721000
PT111;1604;160404;no;Barbeita;Barbeita;1016;6883300
PT111;1604;160405;no;Barroças e Taias;Barroças e Taias;319;2719400
PT111;1604;160406;no;Bela;Bela;698;3792200
PT111;1604;160407;no;Cambeses;Cambeses;496;4016900
PT111;1604;160410;no;Lara;Lara;266;4929800
PT111;1604;160411;no;Longos Vales;Longos Vales;989;13996400
PT111;1604;160415;no;Merufe;Merufe;1097;28510200
PT111;1604;160418;no;Moreira;Moreira;615;3727700
PT111;1604;160420;no;Pias;Pias;854;11121100
PT111;1604;160421;no;Pinheiros;Pinheiros;345;2132600
PT111;1604;160422;no;Podame;Podame;278;3649000
PT111;1604;160423;no;Portela;Portela;242;8117600
PT111;1604;160424;no;Riba de Mouro;Riba de Mouro;964;14045600
PT111;1604;160427;no;Segude;Segude;356;2368500
PT111;1604;160428;no;Tangil;Tangil;768;22881500
PT111;1604;160431;no;Trute;Trute;277;6018000
PT111;1604;160434;30/09/2013;Uni?o das freguesias de Anh?es e Luzio;Uni?o das freguesias de Anh?es e Luzio;260;14377400
PT111;1604;160435;30/09/2013;Uni?o das freguesias de Ceiv?es e Badim;Uni?o das freguesias de Ceiv?es e Badim;670;8947800
PT111;1604;160436;30/09/2013;Uni?o das freguesias de Mazedo e Cortes;Uni?o das freguesias de Mazedo e Cortes;3377;12131200
PT111;1604;160437;30/09/2013;Uni?o das freguesias de Messeg?es, Valadares e Sá;Uni?o das freguesias de Messeg?es, Valadares e Sá;658;8248800
PT111;1604;160438;30/09/2013;Uni?o das freguesias de Monç?o e Troviscoso;Uni?o das freguesias de Monç?o e Troviscoso;3535;8676100
PT111;1604;160439;30/09/2013;Uni?o das freguesias de Sago, Lordelo e Parada;Uni?o das freguesias de Sago, Lordelo e Parada;448;8333700
PT111;1604;160440;30/09/2013;Uni?o das freguesias de Troporiz e Lapela;Uni?o das freguesias de Troporiz e Lapela;497;3962900
PT111;1605;160501;no;Agualonga;Agualonga;295;5322900
PT111;1605;160503;no;Castanheira;Castanheira;631;7764500
PT111;1605;160505;no;Coura;Coura;374;6587500
PT111;1605;160507;no;Cunha;Cunha;529;9976100
PT111;1605;160510;no;Infesta;Infesta;450;5889600
PT111;1605;160513;no;Mozelos;Mozelos;347;3360300
PT111;1605;160514;no;Padornelo;Padornelo;437;6660600
PT111;1605;160515;no;Parada;Parada;298;5900700
PT111;1605;160519;no;Romarig?es;Romarig?es;246;7132500
PT111;1605;160520;no;Rubi?es;Rubi?es;512;9081700
PT111;1605;160521;no;Vasc?es;Vasc?es;223;6218100
PT111;1605;160522;30/09/2013;Uni?o das freguesias de Bico e Cristelo;Uni?o das freguesias de Bico e Cristelo;783;11680400
PT111;1605;160523;30/09/2013;Uni?o das freguesias de Cossourado e Linhares;Uni?o das freguesias de Cossourado e Linhares;517;9638200
PT111;1605;160524;30/09/2013;Uni?o das freguesias de Formariz e Ferreira;Uni?o das freguesias de Formariz e Ferreira;998;19539400
PT111;1605;160525;30/09/2013;Uni?o das freguesias de Insalde e Porreiras;Uni?o das freguesias de Insalde e Porreiras;459;17592900
PT111;1605;160526;30/09/2013;Uni?o das freguesias de Paredes de Coura e Resende;Uni?o das freguesias de Paredes de Coura e Resende;2099;5840600
PT111;1606;160601;no;Azias;Azias;377;8441400
PT111;1606;160602;no;Boiv?es;Boiv?es;289;3530700
PT111;1606;160603;no;Brav?es;Brav?es;629;4171600
PT111;1606;160604;no;Britelo;Britelo;485;12899800
PT111;1606;160606;no;Cuide de Vila Verde;Cuide de Vila Verde;344;3819800
PT111;1606;160611;no;Lavradas;Lavradas;875;6755600
PT111;1606;160612;no;Lindoso;Lindoso;427;46032600
PT111;1606;160613;no;Nogueira;Nogueira;410;1993500
PT111;1606;160614;no;Oleiros;Oleiros;466;3410200
PT111;1606;160619;no;Sampriz;Sampriz;342;6557900
PT111;1606;160623;no;Vade (S?o Pedro);Vade (S?o Pedro);264;2654100
PT111;1606;160624;no;Vade (S?o Tomé);Vade (S?o Tomé);287;1572100
PT111;1606;160626;30/09/2013;Uni?o das freguesias de Crasto, Ruivos e Grovelas;Uni?o das freguesias de Crasto, Ruivos e Grovelas;882;9917500
PT111;1606;160627;30/09/2013;Uni?o das freguesias de Entre Ambos-os-Rios, Ermida e Germil;Uni?o das freguesias de Entre Ambos-os-Rios, Ermida e Germil;612;38671600
PT111;1606;160628;30/09/2013;Uni?o das freguesias de Ponte da Barca, Vila Nova de Muía e Paço Vedro de Magalh?es;Uni?o das freguesias de Ponte da Barca, Vila Nova de Muía e Paço Vedro de Magalh?es;4372;8835500
PT111;1606;160629;30/09/2013;Uni?o das freguesias de Touvedo (S?o Lourenço e Salvador);Uni?o das freguesias de Touvedo (S?o Lourenço e Salvador);377;6090600
PT111;1606;160630;30/09/2013;Uni?o das freguesias de Vila Ch? (S?o Jo?o Baptista e Santiago);Uni?o das freguesias de Vila Ch? (S?o Jo?o Baptista e Santiago);623;16759300
PT111;1607;160701;no;Anais;Anais;1073;8063000
PT111;1607;160703;no;S?o Pedro d'Arcos;S?o Pedro d'Arcos;640;15053200
PT111;1607;160704;no;Arcozelo;Arcozelo;3734;12075700
PT111;1607;160707;no;Beiral do Lima;Beiral do Lima;558;7315200
PT111;1607;160708;no;Bertiandos;Bertiandos;414;2266800
PT111;1607;160709;no;Boalhosa;Boalhosa;163;2187000
PT111;1607;160710;no;Brandara;Brandara;442;2576900
PT111;1607;160713;no;Calheiros;Calheiros;991;8499300
PT111;1607;160714;no;Calvelo;Calvelo;685;5264200
PT111;1607;160716;no;Correlh?;Correlh?;2936;8655400
PT111;1607;160717;no;Estor?os;Estor?os;464;16209400
PT111;1607;160718;no;Facha;Facha;1529;15307700
PT111;1607;160719;no;Feitosa;Feitosa;1363;2693800
PT111;1607;160721;no;Font?o;Font?o;1101;4825400
PT111;1607;160724;no;Friastelas;Friastelas;450;3919900
PT111;1607;160726;no;Gandra;Gandra;1108;3485400
PT111;1607;160727;no;Gemieira;Gemieira;598;4248600
PT111;1607;160728;no;Gondufe;Gondufe;450;5574000
PT111;1607;160729;no;Labruja;Labruja;439;14564600
PT111;1607;160734;no;Poiares;Poiares;775;7440100
PT111;1607;160737;no;Refóios do Lima;Refóios do Lima;2169;16447300
PT111;1607;160739;no;Ribeira;Ribeira;1902;8771700
PT111;1607;160740;no;Sá;Sá;420;2798200
PT111;1607;160742;no;Santa Comba;Santa Comba;661;1499100
PT111;1607;160743;no;Santa Cruz do Lima;Santa Cruz do Lima;480;2233400
PT111;1607;160744;no;Rebord?es (Santa Maria);Rebord?es (Santa Maria);1056;7073000
PT111;1607;160745;no;Seara;Seara;714;3634700
PT111;1607;160746;no;Serdedelo;Serdedelo;464;6512400
PT111;1607;160747;no;Rebord?es (Souto);Rebord?es (Souto);1127;7409400
PT111;1607;160750;no;Vitorino das Donas;Vitorino das Donas;1051;4465300
PT111;1607;160752;30/09/2013;Arca e Ponte de Lima;Arca e Ponte de Lima;3756;4006000
PT111;1607;160753;30/09/2013;Ardeg?o, Freixo e Mato;Ardeg?o, Freixo e Mato;1754;10717500
PT111;1607;160754;30/09/2013;Associaç?o de freguesias do Vale do Neiva;Associaç?o de freguesias do Vale do Neiva;1075;10273200
PT111;1607;160755;30/09/2013;Bárrio e Cep?es;Bárrio e Cep?es;921;9712300
PT111;1607;160756;30/09/2013;Cabaços e Fojo Lobal;Cabaços e Fojo Lobal;951;9265500
PT111;1607;160757;30/09/2013;Cabraç?o e Moreira do Lima;Cabraç?o e Moreira do Lima;987;27340200
PT111;1607;160758;30/09/2013;Fornelos e Queijada;Fornelos e Queijada;1912;13011400
PT111;1607;160759;30/09/2013;Labrujó, Rendufe e Vilar do Monte;Labrujó, Rendufe e Vilar do Monte;417;11255500
PT111;1607;160760;30/09/2013;Navió e Vitorino dos Pi?es;Navió e Vitorino dos Pi?es;1768;13603100
PT111;1608;160802;no;Boiv?o;Boiv?o;239;7965800
PT111;1608;160803;no;Cerdal;Cerdal;1693;18777000
PT111;1608;160805;no;Fontoura;Fontoura;751;9168100
PT111;1608;160806;no;Friestas;Friestas;562;4147700
PT111;1608;160808;no;Ganfei;Ganfei;1296;9472200
PT111;1608;160812;no;S?o Pedro da Torre;S?o Pedro da Torre;1267;7790900
PT111;1608;160816;no;Verdoejo;Verdoejo;608;4233800
PT111;1608;160817;30/09/2013;Uni?o das freguesias de Gandra e Tai?o;Uni?o das freguesias de Gandra e Tai?o;1471;20187200
PT111;1608;160818;30/09/2013;Uni?o das freguesias de Gondomil e Sanfins;Uni?o das freguesias de Gondomil e Sanfins;464;17716500
PT111;1608;160819;30/09/2013;Uni?o das freguesias de S?o Juli?o e Silva;Uni?o das freguesias de S?o Juli?o e Silva;623;8181800
PT111;1608;160820;30/09/2013;Uni?o das freguesias de Valença, Cristelo Covo e Ar?o;Uni?o das freguesias de Valença, Cristelo Covo e Ar?o;5153;9487700
PT111;1609;160901;no;Afife;Afife;1632;13028400
PT111;1609;160902;no;Alvar?es;Alvar?es;2623;9106900
PT111;1609;160903;no;Amonde;Amonde;293;6245400
PT111;1609;160904;no;Anha;Anha;2415;9400500
PT111;1609;160905;no;Areosa;Areosa;4853;14111800
PT111;1609;160908;no;Carreço;Carreço;1759;14204600
PT111;1609;160910;no;Castelo do Neiva;Castelo do Neiva;2930;6944900
PT111;1609;160911;no;Darque;Darque;7817;9014900
PT111;1609;160914;no;Freixieiro de Soutelo;Freixieiro de Soutelo;511;11775700
PT111;1609;160915;no;Lanheses;Lanheses;1645;9595700
PT111;1609;160920;no;Montaria;Montaria;549;22431400
PT111;1609;160922;no;Muj?es;Muj?es;1550;4898600
PT111;1609;160923;no;S?o Rom?o de Neiva;S?o Rom?o de Neiva;1225;7023300
PT111;1609;160925;no;Outeiro;Outeiro;1234;18825700
PT111;1609;160926;no;Perre;Perre;2956;13088200
PT111;1609;160928;no;Santa Marta de Portuzelo;Santa Marta de Portuzelo;3805;7412200
PT111;1609;160935;no;Vila Franca;Vila Franca;1757;7146000
PT111;1609;160938;no;Vila de Punhe;Vila de Punhe;2273;6026700
PT111;1609;160940;no;Chafé;Chafé;2841;7850900
PT111;1609;160941;30/09/2013;Uni?o das freguesias de Barroselas e Carvoeiro;Uni?o das freguesias de Barroselas e Carvoeiro;5031;18675400
PT111;1609;160942;30/09/2013;Uni?o das freguesias de Cardielos e Serreleis;Uni?o das freguesias de Cardielos e Serreleis;2312;7681000
PT111;1609;160943;30/09/2013;Uni?o das freguesias de Geraz do Lima (Santa Maria, Santa Leocádia e Moreira) e De?o;Uni?o das freguesias de Geraz do Lima (Santa Maria, Santa Leocádia e Moreira) e De?o;3339;19060600
PT111;1609;160944;30/09/2013;Uni?o das freguesias de Mazarefes e Vila Fria;Uni?o das freguesias de Mazarefes e Vila Fria;2670;10281000
PT111;1609;160945;30/09/2013;Uni?o das freguesias de Nogueira, Meixedo e Vilar de Murteda;Uni?o das freguesias de Nogueira, Meixedo e Vilar de Murteda;1597;27409400
PT111;1609;160946;30/09/2013;Uni?o das freguesias de Subportela, Deocriste e Portela Sus?;Uni?o das freguesias de Subportela, Deocriste e Portela Sus?;2552;17101500
PT111;1609;160947;30/09/2013;Uni?o das freguesias de Torre e Vila Mou;Uni?o das freguesias de Torre e Vila Mou;1181;6354500
PT111;1609;160948;30/09/2013;Uni?o das freguesias de Viana do Castelo (Santa Maria Maior e Monserrate) e Meadela;Uni?o das freguesias de Viana do Castelo (Santa Maria Maior e Monserrate) e Meadela;25375;14324900
PT111;1610;161003;no;Cornes;Cornes;478;6156500
PT111;1610;161004;no;Covas;Covas;675;28604100
PT111;1610;161006;no;Gondarém;Gondarém;1010;6862200
PT111;1610;161007;no;Loivo;Loivo;885;5146400
PT111;1610;161009;no;Mentrestido;Mentrestido;264;4704000
PT111;1610;161012;no;Sapardos;Sapardos;366;6715600
PT111;1610;161013;no;Sopo;Sopo;557;14820400
PT111;1610;161016;30/09/2013;Uni?o das freguesias de Campos e Vila Me?;Uni?o das freguesias de Campos e Vila Me?;1713;8758000
PT111;1610;161017;30/09/2013;Uni?o das freguesias de Candemil e Gondar;Uni?o das freguesias de Candemil e Gondar;359;10816600
PT111;1610;161018;30/09/2013;Uni?o das freguesias de Reboreda e Nogueira;Uni?o das freguesias de Reboreda e Nogueira;1071;8981800
PT111;1610;161019;30/09/2013;Uni?o das freguesias de Vila Nova de Cerveira e Lovelhe;Uni?o das freguesias de Vila Nova de Cerveira e Lovelhe;1875;6901000
PT11D;1701;170101;no;Alijó;Alijó;2635;29361400
PT11D;1701;170107;no;Favaios;Favaios;1064;21445300
PT11D;1701;170108;no;Pegarinhos;Pegarinhos;465;18781000
PT11D;1701;170109;no;Pinh?o;Pinh?o;648;2995200
PT11D;1701;170112;no;Sanfins do Douro;Sanfins do Douro;1495;17091000
PT11D;1701;170113;no;Santa Eugénia;Santa Eugénia;333;9143000
PT11D;1701;170114;no;S?o Mamede de Ribatua;S?o Mamede de Ribatua;728;20108800
PT11D;1701;170116;no;Vila Ch?;Vila Ch?;533;20226700
PT11D;1701;170117;no;Vila Verde;Vila Verde;622;42086900
PT11D;1701;170118;no;Vilar de Maçada;Vilar de Maçada;915;20194800
PT11D;1701;170120;30/09/2013;Uni?o das freguesias de Carl?o e Amieiro;Uni?o das freguesias de Carl?o e Amieiro;800;33007300
PT11D;1701;170121;30/09/2013;Uni?o das freguesias de Castedo e Cotas;Uni?o das freguesias de Castedo e Cotas;618;28910900
PT11D;1701;170122;30/09/2013;Uni?o das freguesias de Pópulo e Ribalonga;Uni?o das freguesias de Pópulo e Ribalonga;508;21303000
PT11D;1701;170123;30/09/2013;Uni?o das freguesias de Vale de Mendiz, Casal de Loivos e Vilarinho de Cotas;Uni?o das freguesias de Vale de Mendiz, Casal de Loivos e Vilarinho de Cotas;578;12943500
PT11B;1702;170203;no;Beça;Beça;843;29858800
PT11B;1702;170208;no;Covas do Barroso;Covas do Barroso;262;29577600
PT11B;1702;170210;no;Dornelas;Dornelas;338;36576800
PT11B;1702;170213;no;Pinho;Pinho;401;22369500
PT11B;1702;170215;no;Sapi?os;Sapi?os;488;21100000
PT11B;1702;170217;30/09/2013;Alturas do Barroso e Cerdedo;Alturas do Barroso e Cerdedo;544;56639800
PT11B;1702;170218;30/09/2013;Ard?os e Bobadela;Ard?os e Bobadela;579;37122500
PT11B;1702;170219;30/09/2013;Boticas e Granja;Boticas e Granja;1510;22665000
PT11B;1702;170220;30/09/2013;Codessoso, Curros e Fi?es do Tâmega;Codessoso, Curros e Fi?es do Tâmega;298;35167000
PT11B;1702;170221;30/09/2013;Vilar e Viveiro;Vilar e Viveiro;487;30879600
PT11B;1703;170301;no;Águas Frias;Águas Frias;746;28775800
PT11B;1703;170302;no;Anelhe;Anelhe;476;12485100
PT11B;1703;170305;no;Bustelo;Bustelo;519;9351400
PT11B;1703;170309;no;Cimo de Vila da Castanheira;Cimo de Vila da Castanheira;479;16416600
PT11B;1703;170310;no;Curalha;Curalha;469;7821600
PT11B;1703;170312;no;Ervededo;Ervededo;646;20207900
PT11B;1703;170313;no;Fai?es;Fai?es;873;8086900
PT11B;1703;170314;no;Lama de Arcos;Lama de Arcos;316;13693300
PT11B;1703;170316;no;Mairos;Mairos;344;11667800
PT11B;1703;170317;no;Moreiras;Moreiras;273;9231600
PT11B;1703;170318;no;Nogueira da Montanha;Nogueira da Montanha;529;16665700
PT11B;1703;170320;no;Oura;Oura;602;14507300
PT11B;1703;170321;no;Outeiro Seco;Outeiro Seco;938;15206700
PT11B;1703;170322;no;Paradela;Paradela;262;8215400
PT11B;1703;170324;no;Redondelo;Redondelo;527;18705600
PT11B;1703;170327;no;Sanfins;Sanfins;236;17691300
PT11B;1703;170329;no;Santa Leocádia;Santa Leocádia;324;13104300
PT11B;1703;170330;no;Santo António de Monforte;Santo António de Monforte;454;11776400
PT11B;1703;170331;no;Santo Est?v?o;Santo Est?v?o;607;8673500
PT11B;1703;170333;no;S?o Pedro de Agostém;S?o Pedro de Agostém;1419;26704300
PT11B;1703;170334;no;S?o Vicente;S?o Vicente;227;31257900
PT11B;1703;170340;no;Tronco;Tronco;218;8542400
PT11B;1703;170341;no;Vale de Anta;Vale de Anta;1543;10177400
PT11B;1703;170343;no;Vila Verde da Raia;Vila Verde da Raia;993;9773100
PT11B;1703;170344;no;Vilar de Nantes;Vilar de Nantes;2084;7275200
PT11B;1703;170345;no;Vilarelho da Raia;Vilarelho da Raia;558;18032200
PT11B;1703;170347;no;Vilas Boas;Vilas Boas;195;6856500
PT11B;1703;170348;no;Vilela Seca;Vilela Seca;276;14014900
PT11B;1703;170349;no;Vilela do Tâmega;Vilela do Tâmega;409;9607300
PT11B;1703;170350;30/09/2013;Santa Maria Maior;Santa Maria Maior;12019;5631600
PT11B;1703;170353;30/09/2013;Planalto de Monforte (Uni?o das freguesias de Oucidres e Bobadela);Planalto de Monforte (Uni?o das freguesias de Oucidres e Bobadela);299;18979300
PT11B;1703;170354;30/09/2013;Uni?o das freguesias da Madalena e Samai?es;Uni?o das freguesias da Madalena e Samai?es;2669;13990800
PT11B;1703;170355;30/09/2013;Uni?o das freguesias das Eiras, S?o Juli?o de Montenegro e Cela;Uni?o das freguesias das Eiras, S?o Juli?o de Montenegro e Cela;970;22785000
PT11B;1703;170356;30/09/2013;Uni?o das freguesias de Calv?o e Soutelinho da Raia;Uni?o das freguesias de Calv?o e Soutelinho da Raia;503;28364900
PT11B;1703;170357;30/09/2013;Uni?o das freguesias de Loivos e Póvoa de Agraç?es;Uni?o das freguesias de Loivos e Póvoa de Agraç?es;739;19013500
PT11B;1703;170358;30/09/2013;Uni?o das freguesias de Santa Cruz/Trindade e Sanjurge;Uni?o das freguesias de Santa Cruz/Trindade e Sanjurge;3430;13384800
PT11B;1703;170359;30/09/2013;Uni?o das freguesias de Soutelo e Seara Velha;Uni?o das freguesias de Soutelo e Seara Velha;515;18119700
PT11B;1703;170360;30/09/2013;Uni?o das freguesias de Travancas e Roriz;Uni?o das freguesias de Travancas e Roriz;566;21864800
PT11B;1703;170361;30/09/2013;Vidago (Uni?o das freguesias de Vidago, Arcossó, Selhariz e Vilarinho das Paranheiras);Vidago (Uni?o das freguesias de Vidago, Arcossó, Selhariz e Vilarinho das Paranheiras);1991;24569800
PT11D;1704;170401;no;Barqueiros;Barqueiros;701;4655000
PT11D;1704;170402;no;Cidadelhe;Cidadelhe;171;2589100
PT11D;1704;170403;no;Oliveira;Oliveira;391;3438500
PT11D;1704;170407;no;Vila Marim;Vila Marim;1243;8554400
PT11D;1704;170408;30/09/2013;Mes?o Frio (Santo André);Mes?o Frio (Santo André);1927;7411700
PT119;1705;170501;no;Atei;Atei;1352;24676000
PT119;1705;170502;no;Bilhó;Bilhó;546;26568300
PT119;1705;170505;no;Mondim de Basto;Mondim de Basto;3273;15970300
PT119;1705;170508;no;Vilar de Ferreiros;Vilar de Ferreiros;1136;27890200
PT119;1705;170509;30/09/2013;Uni?o das freguesias de Campanhó e Paradança;Uni?o das freguesias de Campanhó e Paradança;721;30033000
PT119;1705;170510;30/09/2013;Uni?o das freguesias de Ermelo e Pardelhas;Uni?o das freguesias de Ermelo e Pardelhas;465;46937400
PT11B;1706;170601;no;Cabril;Cabril;553;76563800
PT11B;1706;170603;no;Cervos;Cervos;271;32945700
PT11B;1706;170604;no;Ch?;Ch?;748;50975300
PT11B;1706;170607;no;Covelo do Ger?s;Covelo do Ger?s;194;10756800
PT11B;1706;170609;no;Ferral;Ferral;397;15280500
PT11B;1706;170612;no;Gralhas;Gralhas;208;21594700
PT11B;1706;170616;no;Morgade;Morgade;228;21149000
PT11B;1706;170618;no;Negr?es;Negr?es;177;20609200
PT11B;1706;170619;no;Outeiro;Outeiro;156;52315400
PT11B;1706;170623;no;Pit?es das Junias;Pit?es das Junias;161;33493900
PT11B;1706;170625;no;Reigoso;Reigoso;167;17233300
PT11B;1706;170626;no;Salto;Salto;1429;78548900
PT11B;1706;170627;no;Santo André;Santo André;218;18964400
PT11B;1706;170629;no;Sarraquinhos;Sarraquinhos;294;33494600
PT11B;1706;170631;no;Solveira;Solveira;154;12336000
PT11B;1706;170632;no;Tourém;Tourém;151;17033900
PT11B;1706;170635;no;Vila da Ponte;Vila da Ponte;178;10669900
PT11B;1706;170636;30/09/2013;Uni?o das freguesias de Cambeses do Rio, Don?es e Mourilhe;Uni?o das freguesias de Cambeses do Rio, Don?es e Mourilhe;309;45302200
PT11B;1706;170637;30/09/2013;Uni?o das freguesias de Meixedo e Padornelos;Uni?o das freguesias de Meixedo e Padornelos;1923;35757800
PT11B;1706;170638;30/09/2013;Uni?o das freguesias de Montalegre e Padroso;Uni?o das freguesias de Montalegre e Padroso;333;32145000
PT11B;1706;170639;30/09/2013;Uni?o das freguesias de Paradela, Contim e Fi?es;Uni?o das freguesias de Paradela, Contim e Fi?es;308;30858600
PT11B;1706;170640;30/09/2013;Uni?o das freguesias de Sezelhe e Covel?es;Uni?o das freguesias de Sezelhe e Covel?es;277;32941400
PT11B;1706;170641;30/09/2013;Uni?o das freguesias de Venda Nova e Pondras;Uni?o das freguesias de Venda Nova e Pondras;393;19133300
PT11B;1706;170642;30/09/2013;Uni?o das freguesias de Viade de Baixo e Fervidelas;Uni?o das freguesias de Viade de Baixo e Fervidelas;762;48309200
PT11B;1706;170643;30/09/2013;Uni?o das freguesias de Vilar de Perdizes e Meixide;Uni?o das freguesias de Vilar de Perdizes e Meixide;548;37044500
PT11D;1707;170701;no;Candedo;Candedo;1002;28784200
PT11D;1707;170703;no;Fiolhoso;Fiolhoso;452;16199100
PT11D;1707;170704;no;Jou;Jou;654;37291400
PT11D;1707;170705;no;Murça;Murça;2136;13959200
PT11D;1707;170708;no;Valongo de Milhais;Valongo de Milhais;329;22115500
PT11D;1707;170710;30/09/2013;Uni?o das freguesias de Carva e Vilares;Uni?o das freguesias de Carva e Vilares;472;29301000
PT11D;1707;170711;30/09/2013;Uni?o das freguesias de Noura e Palheiros;Uni?o das freguesias de Noura e Palheiros;907;41720600
PT11D;1708;170802;no;Fontelas;Fontelas;781;3234800
PT11D;1708;170805;no;Loureiro;Loureiro;1154;4858600
PT11D;1708;170809;no;Sedielos;Sedielos;911;12633900
PT11D;1708;170810;no;Vilarinho dos Freires;Vilarinho dos Freires;950;7895800
PT11D;1708;170813;30/09/2013;Uni?o das freguesias de Galafura e Covelinhas;Uni?o das freguesias de Galafura e Covelinhas;886;15853700
PT11D;1708;170814;30/09/2013;Uni?o das freguesias de Moura Morta e Vinhós;Uni?o das freguesias de Moura Morta e Vinhós;1024;12798400
PT11D;1708;170815;30/09/2013;Uni?o das freguesias de Peso da Régua e Godim;Uni?o das freguesias de Peso da Régua e Godim;9959;10126800
PT11D;1708;170816;30/09/2013;Uni?o das freguesias de Poiares e Canelas;Uni?o das freguesias de Poiares e Canelas;1466;27458100
PT11B;1709;170901;no;Alvadia;Alvadia;196;33738500
PT11B;1709;170902;no;Canedo;Canedo;390;36156200
PT11B;1709;170906;no;Santa Marinha;Santa Marinha;558;34679500
PT11B;1709;170908;30/09/2013;Uni?o das freguesias de Cerva e Lim?es;Uni?o das freguesias de Cerva e Lim?es;2615;60037600
PT11B;1709;170909;30/09/2013;Uni?o das freguesias de Ribeira de Pena (Salvador) e Santo Aleixo de Além-Tâmega;Uni?o das freguesias de Ribeira de Pena (Salvador) e Santo Aleixo de Além-Tâmega;2785;52848000
PT11D;1710;171001;no;Celeirós;Celeirós;222;5250400
PT11D;1710;171002;no;Covas do Douro;Covas do Douro;444;19678800
PT11D;1710;171004;no;Gouvinhas;Gouvinhas;267;14663400
PT11D;1710;171005;no;Parada de Pinh?o;Parada de Pinh?o;309;5721700
PT11D;1710;171007;no;Paços;Paços;762;17088100
PT11D;1710;171009;no;Sabrosa;Sabrosa;1202;8684000
PT11D;1710;171011;no;S?o Lourenço de Ribapinh?o;S?o Lourenço de Ribapinh?o;407;12025700
PT11D;1710;171013;no;Souto Maior;Souto Maior;487;9183100
PT11D;1710;171014;no;Torre do Pinh?o;Torre do Pinh?o;342;14610300
PT11D;1710;171015;no;Vilarinho de S?o Rom?o;Vilarinho de S?o Rom?o;294;6201800
PT11D;1710;171016;30/09/2013;Uni?o das freguesias de Provesende, Gouv?es do Douro e S?o Cristóv?o do Douro;Uni?o das freguesias de Provesende, Gouv?es do Douro e S?o Cristóv?o do Douro;612;18367000
PT11D;1710;171017;30/09/2013;Uni?o das freguesias de S?o Martinho de Antas e Paradela de Gui?es;Uni?o das freguesias de S?o Martinho de Antas e Paradela de Gui?es;1013;25450200
PT11D;1711;171101;no;Alvaç?es do Corgo;Alvaç?es do Corgo;477;4343600
PT11D;1711;171102;no;Cumieira;Cumieira;1146;11069400
PT11D;1711;171103;no;Fontes;Fontes;835;15671100
PT11D;1711;171106;no;Medr?es;Medr?es;505;5145500
PT11D;1711;171110;no;Sever;Sever;714;6168300
PT11D;1711;171111;30/09/2013;Uni?o das freguesias de Lobrigos (S?o Miguel e S?o Jo?o Baptista) e Sanhoane;Uni?o das freguesias de Lobrigos (S?o Miguel e S?o Jo?o Baptista) e Sanhoane;3010;14714200
PT11D;1711;171112;30/09/2013;Uni?o das freguesias de Louredo e Fornelos;Uni?o das freguesias de Louredo e Fornelos;669;12169300
PT11B;1712;171201;no;Água Revés e Crasto;Água Revés e Crasto;342;18987200
PT11B;1712;171203;no;Algeriz;Algeriz;570;20906600
PT11B;1712;171205;no;Bouço?es;Bouço?es;419;25985400
PT11B;1712;171206;no;Canaveses;Canaveses;237;12872100
PT11B;1712;171209;no;Erv?es;Erv?es;636;21847800
PT11B;1712;171211;no;Fornos do Pinhal;Fornos do Pinhal;320;10398600
PT11B;1712;171212;no;Fri?es;Fri?es;619;28163000
PT11B;1712;171215;no;Padrela e Tazem;Padrela e Tazem;359;23119400
PT11B;1712;171216;no;Possacos;Possacos;446;13087800
PT11B;1712;171217;no;Rio Torto;Rio Torto;362;30688300
PT11B;1712;171219;no;Santa Maria de Emeres;Santa Maria de Emeres;406;16571700
PT11B;1712;171220;no;Santa Valha;Santa Valha;415;27244900
PT11B;1712;171221;no;Santiago da Ribeira de Alhariz;Santiago da Ribeira de Alhariz;603;21612000
PT11B;1712;171222;no;S?o Jo?o da Corveira;S?o Jo?o da Corveira;537;15836900
PT11B;1712;171223;no;S?o Pedro de Veiga de Lila;S?o Pedro de Veiga de Lila;304;19382700
PT11B;1712;171224;no;Serapicos;Serapicos;246;7169100
PT11B;1712;171227;no;Vales;Vales;257;22505000
PT11B;1712;171229;no;Vassal;Vassal;460;13143100
PT11B;1712;171230;no;Veiga de Lila;Veiga de Lila;261;14358200
PT11B;1712;171231;no;Vilarandelo;Vilarandelo;984;20160900
PT11B;1712;171232;30/09/2013;Carrazedo de Montenegro e Curros;Carrazedo de Montenegro e Curros;1780;49825800
PT11B;1712;171233;30/09/2013;Lebuç?o, Fi?es e Nozelos;Lebuç?o, Fi?es e Nozelos;784;29707200
PT11B;1712;171234;30/09/2013;Sonim e Barreiros;Sonim e Barreiros;450;17787000
PT11B;1712;171235;30/09/2013;Tinhela e Alvarelhos;Tinhela e Alvarelhos;333;28224300
PT11B;1712;171236;30/09/2013;Valpaços e Sanfins;Valpaços e Sanfins;4752;39154200
PT11B;1713;171302;no;Alfarela de Jales;Alfarela de Jales;401;13751500
PT11B;1713;171303;no;Bornes de Aguiar;Bornes de Aguiar;2057;45430400
PT11B;1713;171304;no;Bragado;Bragado;544;26126000
PT11B;1713;171305;no;Capeludos;Capeludos;440;21416600
PT11B;1713;171310;no;Soutelo de Aguiar;Soutelo de Aguiar;638;17366400
PT11B;1713;171311;no;Tel?es;Tel?es;1485;45217800
PT11B;1713;171312;no;Tresminas;Tresminas;415;55923100
PT11B;1713;171313;no;Valoura;Valoura;376;14913800
PT11B;1713;171314;no;Vila Pouca de Aguiar;Vila Pouca de Aguiar;3303;22906200
PT11B;1713;171315;no;Vreia de Bornes;Vreia de Bornes;652;17731200
PT11B;1713;171316;no;Vreia de Jales;Vreia de Jales;967;47278300
PT11B;1713;171317;no;Sabroso de Aguiar;Sabroso de Aguiar;684;8769900
PT11B;1713;171319;30/09/2013;Alv?o;Alv?o;875;53066300
PT11B;1713;171320;30/09/2013;Uni?o das freguesias de Pensalvos e Parada de Monteiros;Uni?o das freguesias de Pensalvos e Parada de Monteiros;350;47168500
PT11D;1714;171401;no;Abaças;Abaças;965;18871100
PT11D;1714;171403;no;Andr?es;Andr?es;1389;20474900
PT11D;1714;171404;no;Arroios;Arroios;1117;2891500
PT11D;1714;171406;no;Campe?;Campe?;1375;24047900
PT11D;1714;171409;no;Folhadela;Folhadela;2261;16056600
PT11D;1714;171410;no;Gui?es;Gui?es;478;8571300
PT11D;1714;171414;no;Lordelo;Lordelo;3169;5163100
PT11D;1714;171415;no;Mateus;Mateus;3400;4139000
PT11D;1714;171416;no;Mondr?es;Mondr?es;1065;11037600
PT11D;1714;171420;no;Parada de Cunhos;Parada de Cunhos;1939;7040500
PT11D;1714;171426;no;Torgueda;Torgueda;1382;14433700
PT11D;1714;171429;no;Vila Marim;Vila Marim;1742;23213000
PT11D;1714;171431;30/09/2013;Uni?o das freguesias de Adoufe e Vilarinho de Samard?;Uni?o das freguesias de Adoufe e Vilarinho de Samard?;2895;37758700
PT11D;1714;171432;30/09/2013;Uni?o das freguesias de Borbela e Lamas de Olo;Uni?o das freguesias de Borbela e Lamas de Olo;2761;41276000
PT11D;1714;171433;30/09/2013;Uni?o das freguesias de Constantim e Vale de Nogueiras;Uni?o das freguesias de Constantim e Vale de Nogueiras;1856;26007500
PT11D;1714;171434;30/09/2013;Uni?o das freguesias de Mouçós e Lamares;Uni?o das freguesias de Mouçós e Lamares;3402;32236000
PT11D;1714;171435;30/09/2013;Uni?o das freguesias de Nogueira e Ermida;Uni?o das freguesias de Nogueira e Ermida;964;11957200
PT11D;1714;171436;30/09/2013;Uni?o das freguesias de Pena, Quint? e Vila Cova;Uni?o das freguesias de Pena, Quint? e Vila Cova;819;24981300
PT11D;1714;171437;30/09/2013;Uni?o das freguesias de S?o Tomé do Castelo e Justes;Uni?o das freguesias de S?o Tomé do Castelo e Justes;1283;41555200
PT11D;1714;171438;30/09/2013;Uni?o das freguesias de Vila Real (Nossa Senhora da Conceiç?o, S?o Pedro e S?o Dinis);Uni?o das freguesias de Vila Real (Nossa Senhora da Conceiç?o, S?o Pedro e S?o Dinis);17588;7090700
PT11D;1801;180101;no;Aldeias;Aldeias;337;5191300
PT11D;1801;180104;no;Cimbres;Cimbres;308;6073300
PT11D;1801;180106;no;Folgosa;Folgosa;428;4803200
PT11D;1801;180107;no;Fontelo;Fontelo;641;7519700
PT11D;1801;180109;no;Queimada;Queimada;285;4259200
PT11D;1801;180110;no;Queimadela;Queimadela;248;2482000
PT11D;1801;180111;no;Santa Cruz;Santa Cruz;206;7882000
PT11D;1801;180114;no;S?o Cosmado;S?o Cosmado;598;13953600
PT11D;1801;180115;no;S?o Martinho das Ch?s;S?o Martinho das Ch?s;549;9667800
PT11D;1801;180118;no;Vacalar;Vacalar;205;6038400
PT11D;1801;180120;30/09/2013;Armamar;Armamar;1464;16754600
PT11D;1801;180121;30/09/2013;Uni?o das freguesias de Aricera e Goujoim;Uni?o das freguesias de Aricera e Goujoim;215;10649400
PT11D;1801;180122;30/09/2013;Uni?o das freguesias de S?o Rom?o e Santiago;Uni?o das freguesias de S?o Rom?o e Santiago;306;6933200
PT11D;1801;180123;30/09/2013;Uni?o das freguesias de Vila Seca e Santo Adri?o;Uni?o das freguesias de Vila Seca e Santo Adri?o;507;15029500
PT16G;1802;180201;no;Beijós;Beijós;975;12525000
PT16G;1802;180202;no;Cabanas de Viriato;Cabanas de Viriato;1533;21469400
PT16G;1802;180204;no;Oliveira do Conde;Oliveira do Conde;3122;35241400
PT16G;1802;180206;no;Parada;Parada;806;11664900
PT16G;1802;180208;30/09/2013;Uni?o das freguesias de Currelos, Papízios e Sobral;Uni?o das freguesias de Currelos, Papízios e Sobral;3399;35991500
PT16G;1803;180301;no;Almofala;Almofala;228;18595900
PT16G;1803;180303;no;Cabril;Cabril;414;22016900
PT16G;1803;180304;no;Castro Daire;Castro Daire;4674;32528200
PT16G;1803;180305;no;Cujó;Cujó;299;8459700
PT16G;1803;180309;no;Gosende;Gosende;426;20458100
PT16G;1803;180312;no;M?es;M?es;1837;44148200
PT16G;1803;180313;no;Moledo;Moledo;1222;46993500
PT16G;1803;180314;no;Monteiras;Monteiras;481;21133300
PT16G;1803;180317;no;Pepim;Pepim;334;11934600
PT16G;1803;180319;no;Pinheiro;Pinheiro;730;19595700
PT16G;1803;180322;no;S?o Joaninho;S?o Joaninho;360;8057000
PT16G;1803;180323;30/09/2013;Uni?o das freguesias de Mamouros, Alva e Ribolhos;Uni?o das freguesias de Mamouros, Alva e Ribolhos;1424;23651700
PT16G;1803;180324;30/09/2013;Uni?o das freguesias de Mezio e Moura Morta;Uni?o das freguesias de Mezio e Moura Morta;618;22651500
PT16G;1803;180325;30/09/2013;Uni?o das freguesias de Parada de Ester e Ester;Uni?o das freguesias de Parada de Ester e Ester;874;40247500
PT16G;1803;180326;30/09/2013;Uni?o das freguesias de Pic?o e Ermida;Uni?o das freguesias de Pic?o e Ermida;535;15950100
PT16G;1803;180327;30/09/2013;Uni?o das freguesias de Reriz e Gafanh?o;Uni?o das freguesias de Reriz e Gafanh?o;883;22619400
PT11C;1804;180403;no;Cinf?es;Cinf?es;3395;25424600
PT11C;1804;180404;no;Espadanedo;Espadanedo;1318;5304000
PT11C;1804;180405;no;Ferreiros de Tendais;Ferreiros de Tendais;695;15995700
PT11C;1804;180406;no;Fornelos;Fornelos;703;10080600
PT11C;1804;180408;no;Moimenta;Moimenta;408;6535800
PT11C;1804;180409;no;Nespereira;Nespereira;1977;35992200
PT11C;1804;180410;no;Oliveira do Douro;Oliveira do Douro;1529;14127900
PT11C;1804;180412;no;Santiago de Pi?es;Santiago de Pi?es;1797;17591500
PT11C;1804;180413;no;S?o Cristóv?o de Nogueira;S?o Cristóv?o de Nogueira;1930;18153800
PT11C;1804;180414;no;Souselo;Souselo;3202;9173200
PT11C;1804;180415;no;Tarouquela;Tarouquela;1242;6644900
PT11C;1804;180416;no;Tendais;Tendais;807;31771700
PT11C;1804;180417;no;Travanca;Travanca;829;4974700
PT11C;1804;180418;30/09/2013;Uni?o das freguesias de Alh?es, Bustelo, Gralheira e Ramires;Uni?o das freguesias de Alh?es, Bustelo, Gralheira e Ramires;595;37517000
PT11D;1805;180502;no;Av?es;Av?es;619;4870900
PT11D;1805;180504;no;Britiande;Britiande;934;4796400
PT11D;1805;180505;no;Cambres;Cambres;2066;11279800
PT11D;1805;180507;no;Ferreirim;Ferreirim;904;5528700
PT11D;1805;180508;no;Ferreiros de Av?es;Ferreiros de Av?es;509;2648600
PT11D;1805;180509;no;Figueira;Figueira;342;4552200
PT11D;1805;180510;no;Lalim;Lalim;729;7217600
PT11D;1805;180511;no;Lazarim;Lazarim;521;16538400
PT11D;1805;180516;no;Penajóia;Penajóia;1023;10127500
PT11D;1805;180517;no;Penude;Penude;1666;12817000
PT11D;1805;180519;no;Samod?es;Samod?es;203;3086700
PT11D;1805;180520;no;Sande;Sande;916;3128700
PT11D;1805;180523;no;Várzea de Abrunhais;Várzea de Abrunhais;405;5848800
PT11D;1805;180524;no;Vila Nova de Souto d'El-Rei;Vila Nova de Souto d'El-Rei;824;8788600
PT11D;1805;180525;30/09/2013;Lamego (Almacave e Sé);Lamego (Almacave e Sé);12214;20197800
PT11D;1805;180526;30/09/2013;Uni?o das freguesias de Bigorne, Magueija e Pretarouca;Uni?o das freguesias de Bigorne, Magueija e Pretarouca;706;20142800
PT11D;1805;180527;30/09/2013;Uni?o das freguesias de Cep?es, Meijinhos e Melc?es;Uni?o das freguesias de Cep?es, Meijinhos e Melc?es;1071;10959100
PT11D;1805;180528;30/09/2013;Uni?o das freguesias de Parada do Bispo e Valdigem;Uni?o das freguesias de Parada do Bispo e Valdigem;1039;12891400
PT16G;1806;180601;no;Abrunhosa-a-Velha;Abrunhosa-a-Velha;563;17299400
PT16G;1806;180602;no;Alcafache;Alcafache;921;12878100
PT16G;1806;180605;no;Cunha Baixa;Cunha Baixa;884;15517000
PT16G;1806;180606;no;Espinho;Espinho;984;14552500
PT16G;1806;180607;no;Fornos de Maceira D?o;Fornos de Maceira D?o;1459;16245800
PT16G;1806;180608;no;Freixiosa;Freixiosa;257;7319000
PT16G;1806;180614;no;Quintela de Azurara;Quintela de Azurara;542;9593300
PT16G;1806;180616;no;S?o Jo?o da Fresta;S?o Jo?o da Fresta;208;7409100
PT16G;1806;180619;30/09/2013;Uni?o das freguesias de Mangualde, Mesquitela e Cunha Alta;Uni?o das freguesias de Mangualde, Mesquitela e Cunha Alta;10407;46249400
PT16G;1806;180620;30/09/2013;Uni?o das freguesias de Moimenta de Maceira D?o e Lobelhe do Mato;Uni?o das freguesias de Moimenta de Maceira D?o e Lobelhe do Mato;773;7147200
PT16G;1806;180621;30/09/2013;Uni?o das freguesias de Santiago de Cassurr?es e Póvoa de Cerv?es;Uni?o das freguesias de Santiago de Cassurr?es e Póvoa de Cerv?es;1414;30028100
PT16G;1806;180622;30/09/2013;Uni?o das freguesias de Tavares (Ch?s, Várzea e Travanca);Uni?o das freguesias de Tavares (Ch?s, Várzea e Travanca);1468;35016700
PT11D;1807;180702;no;Alvite;Alvite;1095;19286600
PT11D;1807;180703;no;Arcozelos;Arcozelos;674;9500000
PT11D;1807;180705;no;Baldos;Baldos;201;4441800
PT11D;1807;180706;no;Cabaços;Cabaços;280;11212200
PT11D;1807;180707;no;Caria;Caria;507;16710600
PT11D;1807;180708;no;Castelo;Castelo;245;9277400
PT11D;1807;180709;no;Leomil;Leomil;1115;36772400
PT11D;1807;180710;no;Moimenta da Beira;Moimenta da Beira;2888;9265700
PT11D;1807;180713;no;Passô;Passô;343;4352300
PT11D;1807;180716;no;Rua;Rua;601;9666900
PT11D;1807;180717;no;Sarzedo;Sarzedo;162;4992800
PT11D;1807;180719;no;Sever;Sever;536;10033800
PT11D;1807;180720;no;Vilar;Vilar;382;8544300
PT11D;1807;180721;30/09/2013;Uni?o das freguesias de Paradinha e Nagosa;Uni?o das freguesias de Paradinha e Nagosa;236;12094200
PT11D;1807;180722;30/09/2013;Uni?o das freguesias de P?ra Velha, Aldeia de Nacomba e Ariz;Uni?o das freguesias de P?ra Velha, Aldeia de Nacomba e Ariz;428;29174100
PT11D;1807;180723;30/09/2013;Uni?o das freguesias de Peva e Seg?es;Uni?o das freguesias de Peva e Seg?es;519;24644000
PT16E;1808;180802;no;Cercosa;Cercosa;303;8715200
PT16E;1808;180804;no;Espinho;Espinho;1105;41341000
PT16E;1808;180805;no;Marmeleira;Marmeleira;503;18508000
PT16E;1808;180807;no;Pala;Pala;1016;48857400
PT16E;1808;180808;no;Sobral;Sobral;2311;64154600
PT16E;1808;180809;no;Trezói;Trezói;377;17505800
PT16E;1808;180811;30/09/2013;Uni?o das freguesias de Mortágua, Vale de Remígio, Cortegaça e Almaça;Uni?o das freguesias de Mortágua, Vale de Remígio, Cortegaça e Almaça;3992;52096100
PT16G;1809;180901;no;Canas de Senhorim;Canas de Senhorim;3509;25452600
PT16G;1809;180903;no;Nelas;Nelas;4702;21627500
PT16G;1809;180905;no;Senhorim;Senhorim;1156;31337200
PT16G;1809;180906;no;Vilar Seco;Vilar Seco;745;10150900
PT16G;1809;180908;no;Lapa do Lobo;Lapa do Lobo;756;7321500
PT16G;1809;180910;30/09/2013;Uni?o das freguesias de Carvalhal Redondo e Aguieira;Uni?o das freguesias de Carvalhal Redondo e Aguieira;1532;13520600
PT16G;1809;180911;30/09/2013;Uni?o das freguesias de Santar e Moreira;Uni?o das freguesias de Santar e Moreira;1637;16304500
PT16G;1810;181002;no;Arcozelo das Maias;Arcozelo das Maias;1364;21808100
PT16G;1810;181005;no;Pinheiro;Pinheiro;1277;21618600
PT16G;1810;181007;no;Ribeiradio;Ribeiradio;1011;15671400
PT16G;1810;181008;no;S?o Jo?o da Serra;S?o Jo?o da Serra;524;12406800
PT16G;1810;181009;no;S?o Vicente de Laf?es;S?o Vicente de Laf?es;756;8199200
PT16G;1810;181013;30/09/2013;Uni?o das freguesias de Arca e Varzielas;Uni?o das freguesias de Arca e Varzielas;718;20369600
PT16G;1810;181014;30/09/2013;Uni?o das freguesias de Destriz e Reigoso;Uni?o das freguesias de Destriz e Reigoso;688;22758000
PT16G;1810;181015;30/09/2013;Uni?o das freguesias de Oliveira de Frades, Souto de Laf?es e Sej?es;Uni?o das freguesias de Oliveira de Frades, Souto de Laf?es e Sej?es;3923;22514500
PT16G;1811;181102;no;Castelo de Penalva;Castelo de Penalva;914;27161700
PT16G;1811;181103;no;Esmolfe;Esmolfe;417;10870600
PT16G;1811;181104;no;Germil;Germil;427;5459200
PT16G;1811;181105;no;Ínsua;Ínsua;2045;9437500
PT16G;1811;181106;no;Lusinde;Lusinde;189;2807000
PT16G;1811;181109;no;Pindo;Pindo;1916;16764300
PT16G;1811;181110;no;Real;Real;263;4690800
PT16G;1811;181111;no;Sezures;Sezures;726;21042700
PT16G;1811;181112;no;Trancozelos;Trancozelos;269;5124300
PT16G;1811;181114;30/09/2013;Uni?o das freguesias de Antas e Matela;Uni?o das freguesias de Antas e Matela;473;18268400
PT16G;1811;181115;30/09/2013;Uni?o das freguesias de Vila Cova do Covelo/Mareco;Uni?o das freguesias de Vila Cova do Covelo/Mareco;317;12712500
PT11D;1812;181202;no;Beselga;Beselga;321;14765700
PT11D;1812;181203;no;Castainço;Castainço;161;13370200
PT11D;1812;181207;no;Penela da Beira;Penela da Beira;353;18384700
PT11D;1812;181208;no;Póvoa de Penela;Póvoa de Penela;325;9774800
PT11D;1812;181209;no;Souto;Souto;317;14584100
PT11D;1812;181210;30/09/2013;Uni?o das freguesias de Antas e Ourozinho;Uni?o das freguesias de Antas e Ourozinho;320;30061300
PT11D;1812;181211;30/09/2013;Uni?o das freguesias de Penedono e Granja;Uni?o das freguesias de Penedono e Granja;1155;32766700
PT11C;1813;181302;no;Barrô;Barrô;744;10036500
PT11C;1813;181303;no;Cárquere;Cárquere;854;7504900
PT11C;1813;181310;no;Paus;Paus;528;13396800
PT11C;1813;181311;no;Resende;Resende;3166;11878300
PT11C;1813;181312;no;S?o Cipriano;S?o Cipriano;771;6703800
PT11C;1813;181313;no;S?o Jo?o de Fontoura;S?o Jo?o de Fontoura;700;5055700
PT11C;1813;181314;no;S?o Martinho de Mouros;S?o Martinho de Mouros;1495;14408500
PT11C;1813;181316;30/09/2013;Uni?o das freguesias de Anreade e S?o Rom?o de Aregos;Uni?o das freguesias de Anreade e S?o Rom?o de Aregos;1471;9831300
PT11C;1813;181317;30/09/2013;Uni?o das freguesias de Felgueiras e Feir?o;Uni?o das freguesias de Felgueiras e Feir?o;436;13282800
PT11C;1813;181318;30/09/2013;Uni?o das freguesias de Freigil e Miom?es;Uni?o das freguesias de Freigil e Miom?es;790;7429300
PT11C;1813;181319;30/09/2013;Uni?o das freguesias de Ovadas e Panchorra;Uni?o das freguesias de Ovadas e Panchorra;409;23821200
PT16G;1814;181403;no;Pinheiro de Ázere;Pinheiro de Ázere;937;11887800
PT16G;1814;181405;no;S?o Joaninho;S?o Joaninho;1075;9723000
PT16G;1814;181406;no;S?o Jo?o de Areias;S?o Jo?o de Areias;1939;21510000
PT16G;1814;181410;30/09/2013;Uni?o das freguesias de Ovoa e Vimieiro;Uni?o das freguesias de Ovoa e Vimieiro;1640;22467100
PT16G;1814;181411;30/09/2013;Uni?o das freguesias de Santa Comba D?o e Couto do Mosteiro;Uni?o das freguesias de Santa Comba D?o e Couto do Mosteiro;4572;26737500
PT16G;1814;181412;30/09/2013;Uni?o das freguesias de Treixedo e Nagozela;Uni?o das freguesias de Treixedo e Nagozela;1434;19622200
PT11D;1815;181501;no;Castanheiro do Sul;Castanheiro do Sul;439;20395200
PT11D;1815;181502;no;Ervedosa do Douro;Ervedosa do Douro;1294;40238300
PT11D;1815;181504;no;Nagozelo do Douro;Nagozelo do Douro;414;7887000
PT11D;1815;181505;no;Paredes da Beira;Paredes da Beira;629;20555600
PT11D;1815;181507;no;Riodades;Riodades;462;20066300
PT11D;1815;181509;no;Soutelo do Douro;Soutelo do Douro;459;17799700
PT11D;1815;181511;no;Vale de Figueira;Vale de Figueira;462;16466700
PT11D;1815;181512;no;Valongo dos Azeites;Valongo dos Azeites;227;4556800
PT11D;1815;181515;30/09/2013;Uni?o das freguesias de S?o Jo?o da Pesqueira e Várzea de Trev?es;Uni?o das freguesias de S?o Jo?o da Pesqueira e Várzea de Trev?es;2380;53272900
PT11D;1815;181516;30/09/2013;Uni?o das freguesias de Trev?es e Espinhosa;Uni?o das freguesias de Trev?es e Espinhosa;696;30126300
PT11D;1815;181517;30/09/2013;Uni?o das freguesias de Vilarouco e Pereiros;Uni?o das freguesias de Vilarouco e Pereiros;412;34743600
PT16G;1816;181602;no;Bordonhos;Bordonhos;547;5950500
PT16G;1816;181606;no;Figueiredo de Alva;Figueiredo de Alva;816;14685700
PT16G;1816;181607;no;Manhouce;Manhouce;647;40405700
PT16G;1816;181608;no;Pindelo dos Milagres;Pindelo dos Milagres;659;23897100
PT16G;1816;181609;no;Pinho;Pinho;777;13637700
PT16G;1816;181612;no;S?o Félix;S?o Félix;390;3193700
PT16G;1816;181615;no;Serrazes;Serrazes;1001;13232200
PT16G;1816;181616;no;Sul;Sul;1090;52411900
PT16G;1816;181617;no;Valadares;Valadares;805;20760100
PT16G;1816;181619;no;Vila Maior;Vila Maior;962;11874900
PT16G;1816;181620;30/09/2013;Uni?o das freguesias de Carvalhais e Candal;Uni?o das freguesias de Carvalhais e Candal;1554;43731700
PT16G;1816;181621;30/09/2013;Uni?o das freguesias de Santa Cruz da Trapa e S?o Cristóv?o de Laf?es;Uni?o das freguesias de Santa Cruz da Trapa e S?o Cristóv?o de Laf?es;1504;28937700
PT16G;1816;181622;30/09/2013;Uni?o das freguesias de S?o Martinho das Moitas e Covas do Rio;Uni?o das freguesias de S?o Martinho das Moitas e Covas do Rio;371;53681100
PT16G;1816;181623;30/09/2013;Uni?o das freguesias de S?o Pedro do Sul, Várzea e Bai?es;Uni?o das freguesias de S?o Pedro do Sul, Várzea e Bai?es;5728;22550900
PT16G;1817;181702;no;Avelal;Avelal;529;8152400
PT16G;1817;181704;no;Ferreira de Aves;Ferreira de Aves;2464;66131600
PT16G;1817;181706;no;Mioma;Mioma;1217;15340400
PT16G;1817;181707;no;Rio de Moinhos;Rio de Moinhos;942;11038800
PT16G;1817;181709;no;S?o Miguel de Vila Boa;S?o Miguel de Vila Boa;1334;12889800
PT16G;1817;181710;no;Sát?o;Sát?o;4007;18571600
PT16G;1817;181711;no;Silv? de Cima;Silv? de Cima;455;6884400
PT16G;1817;181713;30/09/2013;Uni?o das freguesias de Águas Boas e Forles;Uni?o das freguesias de Águas Boas e Forles;237;15859900
PT16G;1817;181714;30/09/2013;Uni?o das freguesias de Rom?s, Decermilo e Vila Longa;Uni?o das freguesias de Rom?s, Decermilo e Vila Longa;1259;47072100
PT11D;1818;181801;no;Arnas;Arnas;220;21253600
PT11D;1818;181802;no;Carregal;Carregal;393;20767100
PT11D;1818;181803;no;Chosendo;Chosendo;254;11301300
PT11D;1818;181804;no;Cunha;Cunha;310;17024500
PT11D;1818;181806;no;Faia;Faia;207;3625900
PT11D;1818;181810;no;Granjal;Granjal;272;13728300
PT11D;1818;181811;no;Lamosa;Lamosa;179;13221000
PT11D;1818;181814;no;Quintela;Quintela;294;13772400
PT11D;1818;181817;no;Vila da Ponte;Vila da Ponte;470;12767300
PT11D;1818;181818;30/09/2013;Uni?o das freguesias de Ferreirim e Macieira;Uni?o das freguesias de Ferreirim e Macieira;581;22368900
PT11D;1818;181819;30/09/2013;Uni?o das freguesias de Fonte Arcada e Escurquela;Uni?o das freguesias de Fonte Arcada e Escurquela;408;19869600
PT11D;1818;181820;30/09/2013;Uni?o das freguesias de Penso e Freixinho;Uni?o das freguesias de Penso e Freixinho;370;14135000
PT11D;1818;181821;30/09/2013;Uni?o das freguesias de Sernancelhe e Sarzeda;Uni?o das freguesias de Sernancelhe e Sarzeda;1713;44777400
PT11D;1819;181901;no;Adorigo;Adorigo;397;9225300
PT11D;1819;181902;no;Arcos;Arcos;233;7943500
PT11D;1819;181904;no;Chav?es;Chav?es;385;9447300
PT11D;1819;181905;no;Desejosa;Desejosa;175;7488400
PT11D;1819;181906;no;Granja do Tedo;Granja do Tedo;214;3771500
PT11D;1819;181908;30/09/2013;Longa;Longa;370;6828500
PT11D;1819;181913;no;Sendim;Sendim;705;21263400
PT11D;1819;181914;no;Tabuaço;Tabuaço;1782;10744800
PT11D;1819;181917;no;Valença do Douro;Valença do Douro;363;9282400
PT11D;1819;181918;30/09/2013;Uni?o das freguesias de Barcos e Santa Leocádia;Uni?o das freguesias de Barcos e Santa Leocádia;710;15208800
PT11D;1819;181919;30/09/2013;Uni?o das freguesias de Paradela e Granjinha;Uni?o das freguesias de Paradela e Granjinha;180;9051500
PT11D;1819;181920;30/09/2013;Uni?o das freguesias de Pinheiros e Vale de Figueira;Uni?o das freguesias de Pinheiros e Vale de Figueira;324;11662100
PT11D;1819;181921;30/09/2013;Uni?o das freguesias de Távora e Pereiro;Uni?o das freguesias de Távora e Pereiro;512;11939300
PT11D;1820;182004;no;Mondim da Beira;Mondim da Beira;786;7079900
PT11D;1820;182005;no;Salzedas;Salzedas;767;8835700
PT11D;1820;182006;no;S?o Jo?o de Tarouca;S?o Jo?o de Tarouca;606;18585000
PT11D;1820;182009;no;Várzea da Serra;Várzea da Serra;261;21190100
PT11D;1820;182011;30/09/2013;Uni?o das freguesias de Gouvi?es e Ucanha;Uni?o das freguesias de Gouvi?es e Ucanha;817;8940800
PT11D;1820;182012;30/09/2013;Uni?o das freguesias de Granja Nova e Vila Ch? da Beira;Uni?o das freguesias de Granja Nova e Vila Ch? da Beira;566;13536800
PT11D;1820;182013;30/09/2013;Uni?o das freguesias de Tarouca e Dálvares;Uni?o das freguesias de Tarouca e Dálvares;4245;21916600
PT16G;1821;182102;no;Campo de Besteiros;Campo de Besteiros;1474;7925300
PT16G;1821;182103;no;Canas de Santa Maria;Canas de Santa Maria;1806;13846100
PT16G;1821;182105;no;Castel?es;Castel?es;1542;17118500
PT16G;1821;182106;no;Dardavaz;Dardavaz;782;13694500
PT16G;1821;182107;no;Ferreirós do D?o;Ferreirós do D?o;441;8286400
PT16G;1821;182108;no;Guard?o;Guard?o;1490;18951500
PT16G;1821;182109;30/09/2013;Lajeosa do D?o;Lajeosa do D?o;1940;24590800
PT16G;1821;182110;no;Lob?o da Beira;Lob?o da Beira;1124;14090700
PT16G;1821;182111;no;Molelos;Molelos;2346;15496100
PT16G;1821;182116;no;Parada de Gonta;Parada de Gonta;754;6727900
PT16G;1821;182118;no;Santiago de Besteiros;Santiago de Besteiros;1331;15754600
PT16G;1821;182122;no;Tonda;Tonda;984;7503600
PT16G;1821;182127;30/09/2013;Uni?o das freguesias de Barreiro de Besteiros e Tourigo;Uni?o das freguesias de Barreiro de Besteiros e Tourigo;1487;45725500
PT16G;1821;182128;30/09/2013;Uni?o das freguesias de Caparrosa e Silvares;Uni?o das freguesias de Caparrosa e Silvares;941;24573600
PT16G;1821;182129;30/09/2013;Uni?o das freguesias de Mouraz e Vila Nova da Rainha;Uni?o das freguesias de Mouraz e Vila Nova da Rainha;1354;15526200
PT16G;1821;182130;30/09/2013;Uni?o das freguesias de S?o Jo?o do Monte e Mosteirinho;Uni?o das freguesias de S?o Jo?o do Monte e Mosteirinho;1079;65134600
PT16G;1821;182131;30/09/2013;Uni?o das freguesias de S?o Miguel do Outeiro e Sabugosa;Uni?o das freguesias de S?o Miguel do Outeiro e Sabugosa;1458;18538200
PT16G;1821;182132;30/09/2013;Uni?o das freguesias de Tondela e Nandufe;Uni?o das freguesias de Tondela e Nandufe;5130;15753400
PT16G;1821;182133;30/09/2013;Uni?o das freguesias de Vilar de Besteiros e Mosteiro de Fráguas;Uni?o das freguesias de Vilar de Besteiros e Mosteiro de Fráguas;1483;21979500
PT16G;1822;182203;no;Pendilhe;Pendilhe;546;24189700
PT16G;1822;182204;no;Queiriga;Queiriga;575;31937400
PT16G;1822;182205;no;Touro;Touro;918;50166600
PT16G;1822;182206;no;Vila Cova ? Coelheira;Vila Cova ? Coelheira;1109;32030000
PT16G;1822;182208;30/09/2013;Uni?o das freguesias de Vila Nova de Paiva, Alhais e Fráguas;Uni?o das freguesias de Vila Nova de Paiva, Alhais e Fráguas;2028;37209200
PT16G;1823;182301;no;Abraveses;Abraveses;8539;12227200
PT16G;1823;182304;no;Bodiosa;Bodiosa;3047;25395000
PT16G;1823;182305;no;Calde;Calde;1469;35056800
PT16G;1823;182306;no;Campo;Campo;5025;16240400
PT16G;1823;182307;no;Cavern?es;Cavern?es;1348;13143900
PT16G;1823;182310;no;Cota;Cota;974;41547500
PT16G;1823;182315;no;Fragosela;Fragosela;2662;11038300
PT16G;1823;182316;no;Lordosa;Lordosa;1791;22310300
PT16G;1823;182317;no;Silgueiros;Silgueiros;3250;36173300
PT16G;1823;182318;no;Mund?o;Mund?o;2385;14446000
PT16G;1823;182319;no;Orgens;Orgens;3489;8901600
PT16G;1823;182320;no;Povolide;Povolide;1747;20800500
PT16G;1823;182321;no;Ranhados;Ranhados;4949;6234000
PT16G;1823;182322;no;Ribafeita;Ribafeita;1227;18117200
PT16G;1823;182323;no;Rio de Loba;Rio de Loba;9348;17750600
PT16G;1823;182325;no;Santos Evos;Santos Evos;1569;11857000
PT16G;1823;182327;no;S?o Jo?o de Lourosa;S?o Jo?o de Lourosa;4702;26004100
PT16G;1823;182329;no;S?o Pedro de France;S?o Pedro de France;1370;18751800
PT16G;1823;182335;30/09/2013;Uni?o das freguesias de Barreiros e Cep?es;Uni?o das freguesias de Barreiros e Cep?es;1584;35188000
PT16G;1823;182336;30/09/2013;Uni?o das freguesias de Boa Aldeia, Farminh?o e Torredeita;Uni?o das freguesias de Boa Aldeia, Farminh?o e Torredeita;2823;35133700
PT16G;1823;182337;30/09/2013;Uni?o das freguesias de Couto de Baixo e Couto de Cima;Uni?o das freguesias de Couto de Baixo e Couto de Cima;1607;24408400
PT16G;1823;182338;30/09/2013;Uni?o das freguesias de Faíl e Vila Ch? de Sá;Uni?o das freguesias de Faíl e Vila Ch? de Sá;2673;15697600
PT16G;1823;182339;30/09/2013;Uni?o das freguesias de Repeses e S?o Salvador;Uni?o das freguesias de Repeses e S?o Salvador;6316;10007000
PT16G;1823;182340;30/09/2013;Uni?o das freguesias de S?o Cipriano e Vil de Souto;Uni?o das freguesias de S?o Cipriano e Vil de Souto;1950;20711300
PT16G;1823;182341;30/09/2013;Uni?o das freguesias de Viseu;Uni?o das freguesias de Viseu;23430;9959900
PT16G;1824;182401;no;Alcofra;Alcofra;1025;28962700
PT16G;1824;182403;no;Campia;Campia;1542;39267200
PT16G;1824;182407;no;Fornelo do Monte;Fornelo do Monte;288;15081000
PT16G;1824;182409;no;Queir?;Queir?;1432;23834700
PT16G;1824;182410;no;S?o Miguel do Mato;S?o Miguel do Mato;924;9002900
PT16G;1824;182411;no;Ventosa;Ventosa;794;18330500
PT16G;1824;182413;30/09/2013;Uni?o das freguesias de Cambra e Carvalhal de Vermilhas;Uni?o das freguesias de Cambra e Carvalhal de Vermilhas;1459;32612100
PT16G;1824;182414;30/09/2013;Uni?o das freguesias de Fataunços e Figueiredo das Donas;Uni?o das freguesias de Fataunços e Figueiredo das Donas;1103;12659700
PT16G;1824;182415;30/09/2013;Uni?o das freguesias de Vouzela e Paços de Vilharigues;Uni?o das freguesias de Vouzela e Paços de Vilharigues;1997;13943700
PT300;3101;310101;no;Arco da Calheta;Arco da Calheta;3168;14695800
PT300;3101;310102;no;Calheta;Calheta;3163;23451200
PT300;3101;310103;no;Estreito da Calheta;Estreito da Calheta;1607;14321000
PT300;3101;310104;no;Faj? da Ovelha;Faj? da Ovelha;895;22163400
PT300;3101;310105;no;Jardim do Mar;Jardim do Mar;204;737600
PT300;3101;310106;no;Paul do Mar;Paul do Mar;871;1398100
PT300;3101;310107;no;Ponta do Pargo;Ponta do Pargo;909;24707200
PT300;3101;310108;no;Prazeres;Prazeres;704;10028700
PT300;3102;310201;no;Câmara de Lobos;Câmara de Lobos;17986;7737300
PT300;3102;310202;no;Curral das Freiras;Curral das Freiras;2001;25033300
PT300;3102;310203;no;Estreito de Câmara de Lobos;Estreito de Câmara de Lobos;10269;7869400
PT300;3102;310204;no;Quinta Grande;Quinta Grande;2099;4140600
PT300;3102;310205;no;Jardim da Serra;Jardim da Serra;3311;7364300
PT300;3103;310301;no;Imaculado Coraç?o de Maria;Imaculado Coraç?o de Maria;6207;1358300
PT300;3103;310302;no;Monte;Monte;6701;18590200
PT300;3103;310303;no;Funchal (Santa Luzia);Funchal (Santa Luzia);5866;1338700
PT300;3103;310304;no;Funchal (Santa Maria Maior);Funchal (Santa Maria Maior);13352;4864400
PT300;3103;310305;no;Santo António;Santo António;27385;22164800
PT300;3103;310306;no;S?o Gonçalo;S?o Gonçalo;6587;7058100
PT300;3103;310307;no;S?o Martinho;S?o Martinho;26480;7954000
PT300;3103;310308;no;Funchal (S?o Pedro);Funchal (S?o Pedro);7273;1489800
PT300;3103;310309;no;S?o Roque;S?o Roque;9385;7499200
PT300;3103;310310;no;Funchal (Sé);Funchal (Sé);2656;3823000
PT300;3104;310401;no;Água de Pena;Água de Pena;2434;5146600
PT300;3104;310402;no;Caniçal;Caniçal;3924;11853000
PT300;3104;310403;no;Machico;Machico;11256;17485900
PT300;3104;310404;no;Porto da Cruz;Porto da Cruz;2597;25224000
PT300;3104;310405;no;Santo António da Serra;Santo António da Serra;1617;8619000
PT300;3105;310501;no;Canhas;Canhas;3769;16663700
PT300;3105;310502;no;Madalena do Mar;Madalena do Mar;516;2072600
PT300;3105;310503;no;Ponta do Sol;Ponta do Sol;4577;27454800
PT300;3106;310601;no;Achadas da Cruz;Achadas da Cruz;159;7881300
PT300;3106;310602;no;Porto Moniz;Porto Moniz;1668;20198700
PT300;3106;310603;no;Ribeira da Janela;Ribeira da Janela;228;18479700
PT300;3106;310604;no;Seixal;Seixal;656;36372900
PT300;3107;310701;no;Campanário;Campanário;4582;11736900
PT300;3107;310702;no;Ribeira Brava;Ribeira Brava;6588;18475500
PT300;3107;310703;no;Serra de Água;Serra de Água;1049;24162800
PT300;3107;310704;no;Tábua;Tábua;1156;11032100
PT300;3108;310802;no;Camacha;Camacha;7449;19766800
PT300;3108;310803;no;Caniço;Caniço;23368;11989600
PT300;3108;310804;no;Gaula;Gaula;4028;6947600
PT300;3108;310805;no;Santa Cruz;Santa Cruz;7224;28043100
PT300;3108;310806;no;Santo António da Serra;Santo António da Serra;936;14754200
PT300;3109;310901;no;Arco de S?o Jorge;Arco de S?o Jorge;413;3375900
PT300;3109;310902;no;Faial;Faial;1567;24025400
PT300;3109;310903;no;Santana;Santana;3275;19014800
PT300;3109;310904;no;S?o Jorge;S?o Jorge;1473;19336600
PT300;3109;310905;no;S?o Roque do Faial;S?o Roque do Faial;736;15614600
PT300;3109;310906;no;Ilha;Ilha;255;14187900
PT300;3110;311001;no;Boa Ventura;Boa Ventura;1221;25295600
PT300;3110;311002;no;Ponta Delgada;Ponta Delgada;1363;9385800
PT300;3110;311003;no;S?o Vicente;S?o Vicente;3139;44137500
PT300;3201;320101;no;Porto Santo;Porto Santo;5483;42594500
PT200;4101;410101;no;Almagreira;Almagreira;599;11219800
PT200;4101;410102;no;Santa Bárbara;Santa Bárbara;405;15271700
PT200;4101;410103;no;Santo Espírito;Santo Espírito;588;26676600
PT200;4101;410104;no;S?o Pedro;S?o Pedro;841;18170700
PT200;4101;410105;no;Vila do Porto;Vila do Porto;3119;25548700
PT200;4201;420101;no;Água de Pau;Água de Pau;3058;17455300
PT200;4201;420102;no;Cabouco;Cabouco;1921;4846800
PT200;4201;420103;no;Lagoa (Nossa Senhora do Rosário);Lagoa (Nossa Senhora do Rosário);5396;6521200
PT200;4201;420104;no;Lagoa (Santa Cruz);Lagoa (Santa Cruz);3671;14272700
PT200;4201;420105;no;Ribeira Ch?;Ribeira Ch?;396;2497300
PT200;4202;420201;no;Achada;Achada;436;11886400
PT200;4202;420202;no;Achadinha;Achadinha;535;12412700
PT200;4202;420203;no;Lomba da Fazenda;Lomba da Fazenda;844;14770300
PT200;4202;420204;no;Nordeste;Nordeste;1341;23134100
PT200;4202;420206;no;Salga;Salga;488;7709900
PT200;4202;420207;no;Santana;Santana;475;6119800
PT200;4202;420208;no;Algarvia;Algarvia;290;5403800
PT200;4202;420209;no;Santo António de Nordestinho;Santo António de Nordestinho;255;7943000
PT200;4202;420210;no;S?o Pedro de Nordestinho;S?o Pedro de Nordestinho;273;12087900
PT200;4203;420301;no;Arrifes;Arrifes;7086;25365200
PT200;4203;420303;no;Candelária;Candelária;1079;8633700
PT200;4203;420304;no;Capelas;Capelas;4080;16854800
PT200;4203;420305;no;Covoada;Covoada;1341;9033500
PT200;4203;420306;no;Faj? de Baixo;Faj? de Baixo;5050;4062900
PT200;4203;420307;no;Faj? de Cima;Faj? de Cima;3438;11893100
PT200;4203;420308;no;Fenais da Luz;Fenais da Luz;2009;7685800
PT200;4203;420309;no;Feteiras;Feteiras;1571;23529300
PT200;4203;420310;no;Ginetes;Ginetes;1378;12137800
PT200;4203;420311;no;Mosteiros;Mosteiros;1123;8952100
PT200;4203;420312;no;Ponta Delgada (S?o Sebasti?o);Ponta Delgada (S?o Sebasti?o);3953;3335500
PT200;4203;420313;no;Ponta Delgada (S?o José);Ponta Delgada (S?o José);5934;1658100
PT200;4203;420314;no;Ponta Delgada (S?o Pedro);Ponta Delgada (S?o Pedro);7742;2894900
PT200;4203;420315;no;Relva;Relva;3006;12065600
PT200;4203;420316;no;Remédios;Remédios;931;5594600
PT200;4203;420317;no;Rosto do C?o (Livramento);Rosto do C?o (Livramento);4062;5588300
PT200;4203;420318;no;Rosto do C?o (S?o Roque);Rosto do C?o (S?o Roque);4932;7211000
PT200;4203;420319;no;Santa Bárbara;Santa Bárbara;855;8719600
PT200;4203;420320;no;Santo António;Santo António;1829;11746000
PT200;4203;420321;no;S?o Vicente Ferreira;S?o Vicente Ferreira;2361;11423300
PT200;4203;420322;no;Sete Cidades;Sete Cidades;793;19194700
PT200;4203;420323;no;Ajuda da Bretanha;Ajuda da Bretanha;661;7092500
PT200;4203;420324;no;Pilar da Bretanha;Pilar da Bretanha;624;6072300
PT200;4203;420325;no;Santa Clara;Santa Clara;2971;2241700
PT200;4204;420401;no;Água Retorta;Água Retorta;489;12551600
PT200;4204;420402;no;Faial da Terra;Faial da Terra;359;11383300
PT200;4204;420403;no;Furnas;Furnas;1439;34429100
PT200;4204;420404;no;Nossa Senhora dos Remédios;Nossa Senhora dos Remédios;1112;12775400
PT200;4204;420405;no;Povoaç?o;Povoaç?o;2161;26230700
PT200;4204;420406;no;Ribeira Quente;Ribeira Quente;767;9037500
PT200;4205;420501;no;Calhetas;Calhetas;988;4697900
PT200;4205;420502;no;Fenais da Ajuda;Fenais da Ajuda;1131;13361200
PT200;4205;420503;no;Lomba da Maia;Lomba da Maia;1152;20468500
PT200;4205;420504;no;Lomba de S?o Pedro;Lomba de S?o Pedro;284;8250900
PT200;4205;420505;no;Maia;Maia;1900;21974700
PT200;4205;420506;no;Pico da Pedra;Pico da Pedra;2909;6575300
PT200;4205;420507;no;Porto Formoso;Porto Formoso;1265;12794900
PT200;4205;420508;no;Rabo de Peixe;Rabo de Peixe;8866;16960500
PT200;4205;420509;no;Ribeira Grande (Conceiç?o);Ribeira Grande (Conceiç?o);2425;12729900
PT200;4205;420510;no;Ribeira Grande (Matriz);Ribeira Grande (Matriz);3968;10843900
PT200;4205;420511;no;Ribeira Seca;Ribeira Seca;2950;12592700
PT200;4205;420512;no;Ribeirinha;Ribeirinha;2349;17982400
PT200;4205;420513;no;Santa Bárbara;Santa Bárbara;1275;12835700
PT200;4205;420514;no;S?o Brás;S?o Brás;650;8082900
PT200;4206;420601;no;Água de Alto;Água de Alto;1788;18414000
PT200;4206;420602;no;Ponta Garça;Ponta Garça;3547;29354300
PT200;4206;420603;no;Ribeira das Tainhas;Ribeira das Tainhas;703;9591900
PT200;4206;420604;no;Vila Franca do Campo (S?o Miguel);Vila Franca do Campo (S?o Miguel);2659;12596800
PT200;4206;420605;no;Vila Franca do Campo (S?o Pedro);Vila Franca do Campo (S?o Pedro);1426;2484900
PT200;4206;420606;no;Ribeira Seca;Ribeira Seca;1106;5526300
PT200;4301;430101;no;Altares;Altares;901;28220200
PT200;4301;430102;no;Angra (Nossa Senhora da Conceiç?o);Angra (Nossa Senhora da Conceiç?o);3717;2440700
PT200;4301;430103;no;Angra (Santa Luzia);Angra (Santa Luzia);2755;1259700
PT200;4301;430104;no;Angra (S?o Pedro);Angra (S?o Pedro);3460;3656900
PT200;4301;430105;no;Angra (Sé);Angra (Sé);955;1650100
PT200;4301;430106;no;Cinco Ribeiras;Cinco Ribeiras;704;10797800
PT200;4301;430107;no;Doze Ribeiras;Doze Ribeiras;513;10412100
PT200;4301;430108;no;Feteira;Feteira;1239;5248100
PT200;4301;430109;no;Porto Judeu;Porto Judeu;2501;30266200
PT200;4301;430110;no;Posto Santo;Posto Santo;1048;20373600
PT200;4301;430111;no;Raminho;Raminho;565;11066100
PT200;4301;430112;no;Ribeirinha;Ribeirinha;2684;7529400
PT200;4301;430113;no;Santa Bárbara;Santa Bárbara;1274;16399500
PT200;4301;430114;no;S?o Bartolomeu de Regatos;S?o Bartolomeu de Regatos;1983;24995500
PT200;4301;430115;no;S?o Bento;S?o Bento;2000;10339000
PT200;4301;430116;no;S?o Mateus da Calheta;S?o Mateus da Calheta;3757;5980700
PT200;4301;430117;no;Serreta;Serreta;335;14356100
PT200;4301;430118;no;Terra Ch?;Terra Ch?;2915;10070800
PT200;4301;430119;no;Vila de S?o Sebasti?o;Vila de S?o Sebasti?o;2096;23934100
PT200;4302;430201;no;Agualva;Agualva;1432;38754300
PT200;4302;430202;no;Biscoitos;Biscoitos;1424;27053700
PT200;4302;430203;no;Cabo da Praia;Cabo da Praia;712;3182100
PT200;4302;430204;no;Fonte do Bastardo;Fonte do Bastardo;1278;8854300
PT200;4302;430205;no;Fontinhas;Fontinhas;1594;12144200
PT200;4302;430206;no;Lajes;Lajes;3744;12113700
PT200;4302;430207;no;Praia da Vitória (Santa Cruz);Praia da Vitória (Santa Cruz);6690;30089200
PT200;4302;430208;no;Quatro Ribeiras;Quatro Ribeiras;394;12832300
PT200;4302;430209;no;S?o Brás;S?o Brás;1088;4678000
PT200;4302;430210;no;Vila Nova;Vila Nova;1678;8136700
PT200;4302;430211;no;Porto Martins;Porto Martins;1001;3432100
PT200;4401;440101;no;Guadalupe;Guadalupe;1096;20615100
PT200;4401;440102;no;Luz;Luz;683;11702800
PT200;4401;440103;no;S?o Mateus;S?o Mateus;836;12823500
PT200;4401;440104;no;Santa Cruz da Graciosa;Santa Cruz da Graciosa;1776;15516400
PT200;4501;450101;no;Calheta;Calheta;1275;18811400
PT200;4501;450102;no;Norte Pequeno;Norte Pequeno;220;12105900
PT200;4501;450103;no;Ribeira Seca;Ribeira Seca;1025;53769000
PT200;4501;450104;no;Santo Ant?o;Santo Ant?o;745;32340600
PT200;4501;450105;no;Topo (Nossa Senhora do Rosário);Topo (Nossa Senhora do Rosário);508;9237000
PT200;4502;450201;no;Manadas (Santa Bárbara);Manadas (Santa Bárbara);374;11202300
PT200;4502;450202;no;Norte Grande (Neves);Norte Grande (Neves);532;31849200
PT200;4502;450203;no;Rosais;Rosais;743;24226200
PT200;4502;450204;no;Santo Amaro;Santo Amaro;862;22526400
PT200;4502;450205;no;Urzelina (S?o Mateus);Urzelina (S?o Mateus);902;13688400
PT200;4502;450206;no;Velas (S?o Jorge);Velas (S?o Jorge);1985;13891200
PT200;4601;460101;no;Calheta de Nesquim;Calheta de Nesquim;343;13809800
PT200;4601;460102;no;Lajes do Pico;Lajes do Pico;1802;53091000
PT200;4601;460103;no;Piedade;Piedade;844;12813900
PT200;4601;460104;no;Ribeiras;Ribeiras;925;34167000
PT200;4601;460105;no;Ribeirinha;Ribeirinha;374;8493100
PT200;4601;460106;no;S?o Jo?o;S?o Jo?o;423;32936000
PT200;4602;460201;no;Bandeiras;Bandeiras;626;22210200
PT200;4602;460202;no;Candelária;Candelária;822;29704600
PT200;4602;460203;no;Criaç?o Velha;Criaç?o Velha;768;18361300
PT200;4602;460204;no;Madalena;Madalena;2581;35590500
PT200;4602;460205;no;S?o Caetano;S?o Caetano;480;23883800
PT200;4602;460206;no;S?o Mateus;S?o Mateus;772;17373000
PT200;4603;460301;no;Prainha;Prainha;547;26104400
PT200;4603;460302;no;Santa Luzia;Santa Luzia;422;30125100
PT200;4603;460303;no;Santo Amaro;Santo Amaro;288;11864600
PT200;4603;460304;no;Santo António;Santo António;815;32035000
PT200;4603;460305;no;S?o Roque do Pico;S?o Roque do Pico;1316;42231900
PT200;4701;470101;no;Capelo;Capelo;486;26642400
PT200;4701;470102;no;Castelo Branco;Castelo Branco;1309;23914700
PT200;4701;470103;no;Cedros;Cedros;907;24537900
PT200;4701;470104;no;Feteira;Feteira;1899;14456300
PT200;4701;470105;no;Flamengos;Flamengos;1604;14620900
PT200;4701;470106;no;Horta (Angústias);Horta (Angústias);2418;3788500
PT200;4701;470107;no;Horta (Conceiç?o);Horta (Conceiç?o);1138;3084500
PT200;4701;470108;no;Horta (Matriz);Horta (Matriz);2562;1808500
PT200;4701;470109;no;Pedro Miguel;Pedro Miguel;759;14479300
PT200;4701;470110;no;Praia do Almoxarife;Praia do Almoxarife;834;9203600
PT200;4701;470111;no;Praia do Norte;Praia do Norte;250;13853900
PT200;4701;470112;no;Ribeirinha;Ribeirinha;427;12260100
PT200;4701;470113;no;Sal?o;Sal?o;401;10404700
PT200;4801;480101;no;Faj? Grande;Faj? Grande;202;12968400
PT200;4801;480102;no;Faj?zinha;Faj?zinha;76;6155600
PT200;4801;480103;no;Fazenda;Fazenda;257;9473600
PT200;4801;480104;no;Lajedo;Lajedo;93;6790800
PT200;4801;480105;no;Lajes das Flores;Lajes das Flores;627;18791300
PT200;4801;480106;no;Lomba;Lomba;206;9874300
PT200;4801;480107;no;Mosteiro;Mosteiro;43;5993900
PT200;4802;480201;no;Caveira;Caveira;77;3284800
PT200;4802;480202;no;Cedros;Cedros;128;10298200
PT200;4802;480203;no;Ponta Delgada;Ponta Delgada;359;17651800
PT200;4802;480204;no;Santa Cruz das Flores;Santa Cruz das Flores;1725;39679600
PT200;4901;490101;no;Corvo;Corvo;430;17114500
PT112;0302;0302FA;30/09/2013;Uni?o das freguesias de Milhazes, Vilar de Figos e Faria;Uni?o das freguesias de Milhazes, Vilar de Figos e Faria;2066;12137600
PT112;0302;0302FB;30/09/2013;Uni?o das freguesias de Negreiros e Chav?o;Uni?o das freguesias de Negreiros e Chav?o;2364;6964300
PT112;0302;0302FC;30/09/2013;Uni?o das freguesias de Quinti?es e Aguiar;Uni?o das freguesias de Quinti?es e Aguiar;1190;7364500
PT112;0302;0302FD;30/09/2013;Uni?o das freguesias de Sequeade e Bastuço (S?o Jo?o e Santo Estev?o);Uni?o das freguesias de Sequeade e Bastuço (S?o Jo?o e Santo Estev?o);1916;6339800
PT112;0302;0302FE;30/09/2013;Uni?o das freguesias de Silveiros e Rio Covo (Santa Eulália);Uni?o das freguesias de Silveiros e Rio Covo (Santa Eulália);2151;8234600
PT112;0302;0302FF;30/09/2013;Uni?o das freguesias de Tamel (Santa Leocádia) e Vilar do Monte;Uni?o das freguesias de Tamel (Santa Leocádia) e Vilar do Monte;1420;11056700
PT112;0302;0302FG;30/09/2013;Uni?o das freguesias de Viatodos, Grimancelos, Minhot?es e Monte de Fral?es;Uni?o das freguesias de Viatodos, Grimancelos, Minhot?es e Monte de Fral?es;3814;12395300
PT112;0302;0302FH;30/09/2013;Uni?o das freguesias de Vila Cova e Feitos;Uni?o das freguesias de Vila Cova e Feitos;2564;15727800
