ID_norm,ID,NUTS3,municipality_id,parish_name,split_scope,split_role,cv_fold,split_label
010103,010103,PT16D,0101,Aguada de Cima,all_territories_with_mainland_fixed_test,training,3,Training CV fold 4
010109,010109,PT16D,0101,Fermentelos,all_territories_with_mainland_fixed_test,training,3,Training CV fold 4
010112,010112,PT16D,0101,Macinhata do Vouga,all_territories_with_mainland_fixed_test,training,3,Training CV fold 4
010119,010119,PT16D,0101,Valongo do Vouga,all_territories_with_mainland_fixed_test,training,3,Training CV fold 4
010121,010121,PT16D,0101,União das Freguesias de Águeda e Borralha,all_territories_with_mainland_fixed_test,training,3,Training CV fold 4
010122,010122,PT16D,0101,União das Freguesias de Barrô e Aguada de Baixo,all_territories_with_mainland_fixed_test,training,3,Training CV fold 4
010123,010123,PT16D,0101,"União das Freguesias de Belazaima do Chão, Castanheira do Vouga e Agadão",all_territories_with_mainland_fixed_test,training,3,Training CV fold 4
010124,010124,PT16D,0101,União das Freguesias de Recardães e Espinhel,all_territories_with_mainland_fixed_test,training,3,Training CV fold 4
010125,010125,PT16D,0101,União das Freguesias de Óis da Ribeira e Travassô,all_territories_with_mainland_fixed_test,training,3,Training CV fold 4
010126,010126,PT16D,0101,"União das Freguesias de Trofa, Sedagães e Lamas do Vouga",all_territories_with_mainland_fixed_test,training,3,Training CV fold 4
010127,010127,PT16D,0101,União das Freguesias de Macieira de Alcoba e Préstimo,all_territories_with_mainland_fixed_test,training,3,Training CV fold 4
010202,010202,PT16D,0102,Alquerubim,all_territories_with_mainland_fixed_test,training,3,Training CV fold 4
010203,010203,PT16D,0102,Angeja,all_territories_with_mainland_fixed_test,training,3,Training CV fold 4
010204,010204,PT16D,0102,Branca,all_territories_with_mainland_fixed_test,training,3,Training CV fold 4
010206,010206,PT16D,0102,Ribeira de Fráguas,all_territories_with_mainland_fixed_test,training,3,Training CV fold 4
010209,010209,PT16D,0102,Albergaria-a-Velha e Valmaior,all_territories_with_mainland_fixed_test,training,3,Training CV fold 4
010210,010210,PT16D,0102,São João de Loure e Frossos,all_territories_with_mainland_fixed_test,training,3,Training CV fold 4
010304,010304,PT16D,0103,Avelãs de Caminho,all_territories_with_mainland_fixed_test,training,3,Training CV fold 4
010305,010305,PT16D,0103,Avelãs de Cima,all_territories_with_mainland_fixed_test,training,3,Training CV fold 4
010307,010307,PT16D,0103,Moita,all_territories_with_mainland_fixed_test,training,3,Training CV fold 4
010309,010309,PT16D,0103,Sangalhos,all_territories_with_mainland_fixed_test,training,3,Training CV fold 4
010310,010310,PT16D,0103,São Lourenço do Bairro,all_territories_with_mainland_fixed_test,training,3,Training CV fold 4
010312,010312,PT16D,0103,Vila Nova de Monsarros,all_territories_with_mainland_fixed_test,training,3,Training CV fold 4
010313,010313,PT16D,0103,Vilarinho do Bairro,all_territories_with_mainland_fixed_test,training,3,Training CV fold 4
010316,010316,PT16D,0103,"União das Freguesias de Amoreira da Gândara, Paredes do Bairro e Ancas",all_territories_with_mainland_fixed_test,training,3,Training CV fold 4
010317,010317,PT16D,0103,União das Freguesias de Arcos e Mogafores,all_territories_with_mainland_fixed_test,training,3,Training CV fold 4
010318,010318,PT16D,0103,"União das Freguesias de Tamengos, Aguim e Óis do Bairro",all_territories_with_mainland_fixed_test,training,3,Training CV fold 4
010402,010402,PT11A,0104,Alvarenga,all_territories_with_mainland_fixed_test,training,2,Training CV fold 3
010407,010407,PT11A,0104,Chave,all_territories_with_mainland_fixed_test,training,2,Training CV fold 3
010409,010409,PT11A,0104,Escariz,all_territories_with_mainland_fixed_test,training,2,Training CV fold 3
010411,010411,PT11A,0104,Fermedo,all_territories_with_mainland_fixed_test,training,2,Training CV fold 3
010413,010413,PT11A,0104,Mansores,all_territories_with_mainland_fixed_test,training,2,Training CV fold 3
010414,010414,PT11A,0104,Moldes,all_territories_with_mainland_fixed_test,training,2,Training CV fold 3
010415,010415,PT11A,0104,Rossas,all_territories_with_mainland_fixed_test,training,2,Training CV fold 3
010416,010416,PT11A,0104,Santa Eulália,all_territories_with_mainland_fixed_test,training,2,Training CV fold 3
010417,010417,PT11A,0104,São Miguel do Mato,all_territories_with_mainland_fixed_test,training,2,Training CV fold 3
010418,010418,PT11A,0104,Tropeço,all_territories_with_mainland_fixed_test,training,2,Training CV fold 3
010419,010419,PT11A,0104,Urrô,all_territories_with_mainland_fixed_test,training,2,Training CV fold 3
010420,010420,PT11A,0104,Várzea,all_territories_with_mainland_fixed_test,training,2,Training CV fold 3
010421,010421,PT11A,0104,União das Freguesias de Arouca e Burgo,all_territories_with_mainland_fixed_test,training,2,Training CV fold 3
010422,010422,PT11A,0104,União das Freguesias de Cabreiros e Albergaria da Serra,all_territories_with_mainland_fixed_test,training,2,Training CV fold 3
010423,010423,PT11A,0104,União das Freguesias de Canelas e Espiunca,all_territories_with_mainland_fixed_test,training,2,Training CV fold 3
010424,010424,PT11A,0104,União das Freguesias de Covelo de Paivó e Janarde,all_territories_with_mainland_fixed_test,training,2,Training CV fold 3
010501,010501,PT16D,0105,Aradas,all_territories_with_mainland_fixed_test,training,3,Training CV fold 4
010502,010502,PT16D,0105,Cacia,all_territories_with_mainland_fixed_test,training,3,Training CV fold 4
010505,010505,PT16D,0105,Esgueira,all_territories_with_mainland_fixed_test,training,3,Training CV fold 4
010508,010508,PT16D,0105,Oliveirinha,all_territories_with_mainland_fixed_test,training,3,Training CV fold 4
010510,010510,PT16D,0105,São Bernardo,all_territories_with_mainland_fixed_test,training,3,Training CV fold 4
010511,010511,PT16D,0105,São Jacinto,all_territories_with_mainland_fixed_test,training,3,Training CV fold 4
010513,010513,PT16D,0105,Santa Joana,all_territories_with_mainland_fixed_test,training,3,Training CV fold 4
010515,010515,PT16D,0105,Eixo e Eirol,all_territories_with_mainland_fixed_test,training,3,Training CV fold 4
010516,010516,PT16D,0105,"Requeixo, Nossa Senhora de Fátima e Nariz",all_territories_with_mainland_fixed_test,training,3,Training CV fold 4
010517,010517,PT16D,0105,União das Freguesias de Glória e Vera Cruz,all_territories_with_mainland_fixed_test,training,3,Training CV fold 4
010602,010602,PT11C,0106,Fornos,all_territories_with_mainland_fixed_test,training,1,Training CV fold 2
010606,010606,PT11C,0106,Real,all_territories_with_mainland_fixed_test,training,1,Training CV fold 2
010607,010607,PT11C,0106,Santa Maria de Sardoura,all_territories_with_mainland_fixed_test,training,1,Training CV fold 2
010608,010608,PT11C,0106,São Martinho de Sardoura,all_territories_with_mainland_fixed_test,training,1,Training CV fold 2
010610,010610,PT11C,0106,"União das Freguesias de Raiva, Pedorído e Paraíso",all_territories_with_mainland_fixed_test,training,1,Training CV fold 2
010611,010611,PT11C,0106,União das Freguesias de Sobrado e Bairros,all_territories_with_mainland_fixed_test,training,1,Training CV fold 2
010702,010702,PT11A,0107,Espinho,all_territories_with_mainland_fixed_test,training,2,Training CV fold 3
010704,010704,PT11A,0107,Paramos,all_territories_with_mainland_fixed_test,training,2,Training CV fold 3
010705,010705,PT11A,0107,Silvalde,all_territories_with_mainland_fixed_test,training,2,Training CV fold 3
010706,010706,PT11A,0107,União das Freguesias de Anta e Guetim,all_territories_with_mainland_fixed_test,training,2,Training CV fold 3
010801,010801,PT16D,0108,Avanca,all_territories_with_mainland_fixed_test,training,3,Training CV fold 4
010805,010805,PT16D,0108,Pardilhó,all_territories_with_mainland_fixed_test,training,3,Training CV fold 4
010806,010806,PT16D,0108,Salreu,all_territories_with_mainland_fixed_test,training,3,Training CV fold 4
010808,010808,PT16D,0108,União das Freguesias de Beduído e Veiros,all_territories_with_mainland_fixed_test,training,3,Training CV fold 4
010809,010809,PT16D,0108,União das Freguesias de Canelas e Fermelã,all_territories_with_mainland_fixed_test,training,3,Training CV fold 4
010901,010901,PT11A,0109,Argoncilhe,all_territories_with_mainland_fixed_test,training,2,Training CV fold 3
010902,010902,PT11A,0109,Arrifana,all_territories_with_mainland_fixed_test,training,2,Training CV fold 3
010904,010904,PT11A,0109,Escapães,all_territories_with_mainland_fixed_test,training,2,Training CV fold 3
010907,010907,PT11A,0109,Fiães,all_territories_with_mainland_fixed_test,training,2,Training CV fold 3
010908,010908,PT11A,0109,Fornos,all_territories_with_mainland_fixed_test,training,2,Training CV fold 3
010913,010913,PT11A,0109,Lourosa,all_territories_with_mainland_fixed_test,training,2,Training CV fold 3
010914,010914,PT11A,0109,Milheirós de Poiares,all_territories_with_mainland_fixed_test,training,2,Training CV fold 3
010916,010916,PT11A,0109,Mozelos,all_territories_with_mainland_fixed_test,training,2,Training CV fold 3
010917,010917,PT11A,0109,Nogueira da Regedoura,all_territories_with_mainland_fixed_test,training,2,Training CV fold 3
010918,010918,PT11A,0109,São Paio de Oleiros,all_territories_with_mainland_fixed_test,training,2,Training CV fold 3
010919,010919,PT11A,0109,Paços de Brandão,all_territories_with_mainland_fixed_test,training,2,Training CV fold 3
010921,010921,PT11A,0109,Rio Meão,all_territories_with_mainland_fixed_test,training,2,Training CV fold 3
010922,010922,PT11A,0109,Romariz,all_territories_with_mainland_fixed_test,training,2,Training CV fold 3
010924,010924,PT11A,0109,Sanguedo,all_territories_with_mainland_fixed_test,training,2,Training CV fold 3
010925,010925,PT11A,0109,Santa Maria de Lamas,all_territories_with_mainland_fixed_test,training,2,Training CV fold 3
010926,010926,PT11A,0109,São João de Ver,all_territories_with_mainland_fixed_test,training,2,Training CV fold 3
010932,010932,PT11A,0109,União das Freguesias de Caldas de São Jorge e Pigieros,all_territories_with_mainland_fixed_test,training,2,Training CV fold 3
010933,010933,PT11A,0109,"União das Freguesias de Canedo, Vale e Vila Maior",all_territories_with_mainland_fixed_test,training,2,Training CV fold 3
010934,010934,PT11A,0109,"União das Freguesias de Lobão, Guião, Louredo e Guisande",all_territories_with_mainland_fixed_test,training,2,Training CV fold 3
010935,010935,PT11A,0109,"União das Freguesias de Santa Maria da Feira, Travanca, Safins e Espargo",all_territories_with_mainland_fixed_test,training,2,Training CV fold 3
010936,010936,PT11A,0109,União das Freguesias de São Miguel do Souto e Mosteirô,all_territories_with_mainland_fixed_test,training,2,Training CV fold 3
011005,011005,PT16D,0110,Gafanha da Encarnação,all_territories_with_mainland_fixed_test,training,3,Training CV fold 4
011006,011006,PT16D,0110,Gafanha da Nazaré,all_territories_with_mainland_fixed_test,training,3,Training CV fold 4
011007,011007,PT16D,0110,Gafanha do Carmo,all_territories_with_mainland_fixed_test,training,3,Training CV fold 4
011008,011008,PT16D,0110,Ílhavo (São Salvador),all_territories_with_mainland_fixed_test,training,3,Training CV fold 4
011102,011102,PT16E,0111,Barcouço,all_territories_with_mainland_fixed_test,training,3,Training CV fold 4
011103,011103,PT16E,0111,Casal Comba,all_territories_with_mainland_fixed_test,training,3,Training CV fold 4
011104,011104,PT16E,0111,Luso,all_territories_with_mainland_fixed_test,training,3,Training CV fold 4
011106,011106,PT16E,0111,Pampilhosa,all_territories_with_mainland_fixed_test,training,3,Training CV fold 4
011107,011107,PT16E,0111,Vacariça,all_territories_with_mainland_fixed_test,training,3,Training CV fold 4
011109,011109,PT16E,0111,"União das Freguesias de Mealhada, Ventosa do Bairro e Antes",all_territories_with_mainland_fixed_test,training,3,Training CV fold 4
011201,011201,PT16D,0112,Bunheiro,all_territories_with_mainland_fixed_test,training,3,Training CV fold 4
011202,011202,PT16D,0112,Monte,all_territories_with_mainland_fixed_test,training,3,Training CV fold 4
011203,011203,PT16D,0112,Murtosa,all_territories_with_mainland_fixed_test,training,3,Training CV fold 4
011204,011204,PT16D,0112,Torreira,all_territories_with_mainland_fixed_test,training,3,Training CV fold 4
011301,011301,PT11A,0113,Carregosa,all_territories_with_mainland_fixed_test,training,2,Training CV fold 3
011302,011302,PT11A,0113,Cesar,all_territories_with_mainland_fixed_test,training,2,Training CV fold 3
011303,011303,PT11A,0113,Fajões,all_territories_with_mainland_fixed_test,training,2,Training CV fold 3
011304,011304,PT11A,0113,Loureiro,all_territories_with_mainland_fixed_test,training,2,Training CV fold 3
011305,011305,PT11A,0113,Macieira de Sarnes,all_territories_with_mainland_fixed_test,training,2,Training CV fold 3
011310,011310,PT11A,0113,Ossela,all_territories_with_mainland_fixed_test,training,2,Training CV fold 3
011315,011315,PT11A,0113,São Martinho da Gândara,all_territories_with_mainland_fixed_test,training,2,Training CV fold 3
011318,011318,PT11A,0113,São Roque,all_territories_with_mainland_fixed_test,training,2,Training CV fold 3
011319,011319,PT11A,0113,Vila de Cucujães,all_territories_with_mainland_fixed_test,training,2,Training CV fold 3
011320,011320,PT11A,0113,União das Freguesias de Nogueira do Cravo e Pindelo,all_territories_with_mainland_fixed_test,training,2,Training CV fold 3
011321,011321,PT11A,0113,"União das Freguesias de Oliveira de Azeméis, Santiafo de Riba-Ul, Machinata de Seixa e Madail",all_territories_with_mainland_fixed_test,training,2,Training CV fold 3
011322,011322,PT11A,0113,"União das Freguesias de Pinheiro da Bemposta, Travanca e Palmaz",all_territories_with_mainland_fixed_test,training,2,Training CV fold 3
011403,011403,PT16D,0114,Oiã,all_territories_with_mainland_fixed_test,training,3,Training CV fold 4
011404,011404,PT16D,0114,Oliveira do Bairro,all_territories_with_mainland_fixed_test,training,3,Training CV fold 4
011405,011405,PT16D,0114,Palhaça,all_territories_with_mainland_fixed_test,training,3,Training CV fold 4
011407,011407,PT16D,0114,"União das Freguesias de Bustos, Troviscal e Mamarrosa",all_territories_with_mainland_fixed_test,training,3,Training CV fold 4
011502,011502,PT16D,0115,Cortegaça,all_territories_with_mainland_fixed_test,training,3,Training CV fold 4
011503,011503,PT16D,0115,Esmoriz,all_territories_with_mainland_fixed_test,training,3,Training CV fold 4
011504,011504,PT16D,0115,Maceda,all_territories_with_mainland_fixed_test,training,3,Training CV fold 4
011507,011507,PT16D,0115,Válega,all_territories_with_mainland_fixed_test,training,3,Training CV fold 4
011509,011509,PT16D,0115,"União das Freguesias de Ovar, São João, Arada e São Vicente de Pereira Jusã",all_territories_with_mainland_fixed_test,training,3,Training CV fold 4
011601,011601,PT11A,0116,São João da Madeira,all_territories_with_mainland_fixed_test,training,2,Training CV fold 3
011702,011702,PT16D,0117,Couto de Esteves,all_territories_with_mainland_fixed_test,training,3,Training CV fold 4
011704,011704,PT16D,0117,Pessegueiro do Vouga,all_territories_with_mainland_fixed_test,training,3,Training CV fold 4
011705,011705,PT16D,0117,Rocas do Vouga,all_territories_with_mainland_fixed_test,training,3,Training CV fold 4
011706,011706,PT16D,0117,Sever do Vouga,all_territories_with_mainland_fixed_test,training,3,Training CV fold 4
011708,011708,PT16D,0117,Talhadas,all_territories_with_mainland_fixed_test,training,3,Training CV fold 4
011710,011710,PT16D,0117,União das Freguesias de Cedrim e Paradela,all_territories_with_mainland_fixed_test,training,3,Training CV fold 4
011711,011711,PT16D,0117,União das Freguesias de Silva Escura e Dornelas,all_territories_with_mainland_fixed_test,training,3,Training CV fold 4
011801,011801,PT16D,0118,Calvão,all_territories_with_mainland_fixed_test,training,3,Training CV fold 4
011804,011804,PT16D,0118,Gafanha da Boa Hora,all_territories_with_mainland_fixed_test,training,3,Training CV fold 4
011805,011805,PT16D,0118,Ouca,all_territories_with_mainland_fixed_test,training,3,Training CV fold 4
011807,011807,PT16D,0118,Sosa,all_territories_with_mainland_fixed_test,training,3,Training CV fold 4
011810,011810,PT16D,0118,Santo André de Vagos,all_territories_with_mainland_fixed_test,training,3,Training CV fold 4
011812,011812,PT16D,0118,União das Freguesias de Fonte de Angeão e Covão do Lobo,all_territories_with_mainland_fixed_test,training,3,Training CV fold 4
011813,011813,PT16D,0118,União das Freguesias de Ponte de Vagos e Santa Catarina,all_territories_with_mainland_fixed_test,training,3,Training CV fold 4
011814,011814,PT16D,0118,União das Freguesias de Vagos e Santo António,all_territories_with_mainland_fixed_test,training,3,Training CV fold 4
011901,011901,PT11A,0119,Arões,all_territories_with_mainland_fixed_test,training,2,Training CV fold 3
011902,011902,PT11A,0119,São Pedro de Castelões,all_territories_with_mainland_fixed_test,training,2,Training CV fold 3
011903,011903,PT11A,0119,Cepelos,all_territories_with_mainland_fixed_test,training,2,Training CV fold 3
011905,011905,PT11A,0119,Junqueira,all_territories_with_mainland_fixed_test,training,2,Training CV fold 3
011906,011906,PT11A,0119,Macieira de Cambra,all_territories_with_mainland_fixed_test,training,2,Training CV fold 3
011907,011907,PT11A,0119,Roge,all_territories_with_mainland_fixed_test,training,2,Training CV fold 3
011910,011910,PT11A,0119,"União das Freguesias de Vila Chã, Codal e Vila Cova do Perrinho",all_territories_with_mainland_fixed_test,training,2,Training CV fold 3
020102,020102,PT184,0201,Ervidel,all_territories_with_mainland_fixed_test,training,4,Training CV fold 5
020103,020103,PT184,0201,Messejana,all_territories_with_mainland_fixed_test,training,4,Training CV fold 5
020104,020104,PT184,0201,São João de Negrilhos,all_territories_with_mainland_fixed_test,training,4,Training CV fold 5
020106,020106,PT184,0201,União das Freguesias de Aljustrel e Rio de Moinhos,all_territories_with_mainland_fixed_test,training,4,Training CV fold 5
020203,020203,PT184,0202,Rosário,all_territories_with_mainland_fixed_test,training,4,Training CV fold 5
020205,020205,PT184,0202,Santa Cruz,all_territories_with_mainland_fixed_test,training,4,Training CV fold 5
020206,020206,PT184,0202,São Barnabé,all_territories_with_mainland_fixed_test,training,4,Training CV fold 5
020208,020208,PT184,0202,Aldeia dos Fernandes,all_territories_with_mainland_fixed_test,training,4,Training CV fold 5
020209,020209,PT184,0202,União das Freguesias de Almodôvar e Graça dos Padrões,all_territories_with_mainland_fixed_test,training,4,Training CV fold 5
020210,020210,PT184,0202,União das Freguesias de Santa-Clara-a-Nova e Gomes Aires,all_territories_with_mainland_fixed_test,training,4,Training CV fold 5
020301,020301,PT184,0203,Alvito,all_territories_with_mainland_fixed_test,training,4,Training CV fold 5
020302,020302,PT184,0203,Vila Nova da Baronia,all_territories_with_mainland_fixed_test,training,4,Training CV fold 5
020401,020401,PT184,0204,Barrancos,all_territories_with_mainland_fixed_test,training,4,Training CV fold 5
020502,020502,PT184,0205,Baleizão,all_territories_with_mainland_fixed_test,training,4,Training CV fold 5
020503,020503,PT184,0205,Beringel,all_territories_with_mainland_fixed_test,training,4,Training CV fold 5
020504,020504,PT184,0205,Cabeça Gorda,all_territories_with_mainland_fixed_test,training,4,Training CV fold 5
020506,020506,PT184,0205,Nossa Senhora das Neves,all_territories_with_mainland_fixed_test,training,4,Training CV fold 5
020510,020510,PT184,0205,Santa Clara de Louredo,all_territories_with_mainland_fixed_test,training,4,Training CV fold 5
020516,020516,PT184,0205,São Matias,all_territories_with_mainland_fixed_test,training,4,Training CV fold 5
020519,020519,PT184,0205,União das Freguesias de Albernoa e Trindade,all_territories_with_mainland_fixed_test,training,4,Training CV fold 5
020520,020520,PT184,0205,União das Freguesias de Beja ( São Salvador e Santa Maria da Feira),all_territories_with_mainland_fixed_test,training,4,Training CV fold 5
020521,020521,PT184,0205,União das Freguesias de Beja ( Santiago Maior e São João Baptista),all_territories_with_mainland_fixed_test,training,4,Training CV fold 5
020522,020522,PT184,0205,União das Freguesias de Salvada e Quintos,all_territories_with_mainland_fixed_test,training,4,Training CV fold 5
020523,020523,PT184,0205,União das Freguesias de Santa Vitória e Mombeja,all_territories_with_mainland_fixed_test,training,4,Training CV fold 5
020524,020524,PT184,0205,União das Freguesias de Trigaches e São Brissos,all_territories_with_mainland_fixed_test,training,4,Training CV fold 5
020603,020603,PT184,0206,Entradas,all_territories_with_mainland_fixed_test,training,4,Training CV fold 5
020604,020604,PT184,0206,Santa Bárbara de Padrões,all_territories_with_mainland_fixed_test,training,4,Training CV fold 5
020605,020605,PT184,0206,São Marcos da Ataboeira,all_territories_with_mainland_fixed_test,training,4,Training CV fold 5
020606,020606,PT184,0206,União das Freguesias de Castro Verde e Casével,all_territories_with_mainland_fixed_test,training,4,Training CV fold 5
020701,020701,PT184,0207,Cuba,all_territories_with_mainland_fixed_test,training,4,Training CV fold 5
020702,020702,PT184,0207,Faro do Alentejo,all_territories_with_mainland_fixed_test,training,4,Training CV fold 5
020703,020703,PT184,0207,Vila Alva,all_territories_with_mainland_fixed_test,training,4,Training CV fold 5
020704,020704,PT184,0207,Vila Ruiva,all_territories_with_mainland_fixed_test,training,4,Training CV fold 5
020803,020803,PT184,0208,Figueira dos Cavaleiros,all_territories_with_mainland_fixed_test,training,4,Training CV fold 5
020804,020804,PT184,0208,Odivelas,all_territories_with_mainland_fixed_test,training,4,Training CV fold 5
020807,020807,PT184,0208,União das Freguesias de Alfundão e Peroguarda,all_territories_with_mainland_fixed_test,training,4,Training CV fold 5
020808,020808,PT184,0208,União das Freguesias de Ferreira do Alentejo e Canhestros,all_territories_with_mainland_fixed_test,training,4,Training CV fold 5
020901,020901,PT184,0209,Alcaria Ruiva,all_territories_with_mainland_fixed_test,training,4,Training CV fold 5
020902,020902,PT184,0209,Corte do Pinto,all_territories_with_mainland_fixed_test,training,4,Training CV fold 5
020903,020903,PT184,0209,Espírito Santo,all_territories_with_mainland_fixed_test,training,4,Training CV fold 5
020904,020904,PT184,0209,Mértola,all_territories_with_mainland_fixed_test,training,4,Training CV fold 5
020905,020905,PT184,0209,Santana de Cambas,all_territories_with_mainland_fixed_test,training,4,Training CV fold 5
020906,020906,PT184,0209,São João dos Caldeireiros,all_territories_with_mainland_fixed_test,training,4,Training CV fold 5
020910,020910,PT184,0209,"União das Freguesias de São Miguel do Pinheiro, São Pedro de Solis e São Sebastião dos Carros",all_territories_with_mainland_fixed_test,training,4,Training CV fold 5
021001,021001,PT184,0210,Amareleja,all_territories_with_mainland_fixed_test,training,4,Training CV fold 5
021002,021002,PT184,0210,Póvoa de São Miguel,all_territories_with_mainland_fixed_test,training,4,Training CV fold 5
021008,021008,PT184,0210,Sobral da Adiça,all_territories_with_mainland_fixed_test,training,4,Training CV fold 5
021009,021009,PT184,0210,União das Freguesias de Moura (Santo Agostinho e São João Baptista) e Santo Amador,all_territories_with_mainland_fixed_test,training,4,Training CV fold 5
021010,021010,PT184,0210,União das Freguesias de Safara e Santo Aleixo da Restauração,all_territories_with_mainland_fixed_test,training,4,Training CV fold 5
021102,021102,PT181,0211,Relíquias,all_territories_with_mainland_fixed_test,training,4,Training CV fold 5
021103,021103,PT181,0211,Sabóia,all_territories_with_mainland_fixed_test,training,4,Training CV fold 5
021106,021106,PT181,0211,São Luís,all_territories_with_mainland_fixed_test,training,4,Training CV fold 5
021107,021107,PT181,0211,São Martinho das Amoreiras,all_territories_with_mainland_fixed_test,training,4,Training CV fold 5
021111,021111,PT181,0211,Vila Nova de Milfontes,all_territories_with_mainland_fixed_test,training,4,Training CV fold 5
021115,021115,PT181,0211,Luzianes-Gare,all_territories_with_mainland_fixed_test,training,4,Training CV fold 5
021116,021116,PT181,0211,Boavista dos Pinheiros,all_territories_with_mainland_fixed_test,training,4,Training CV fold 5
021117,021117,PT181,0211,Longueira/Almograve,all_territories_with_mainland_fixed_test,training,4,Training CV fold 5
021118,021118,PT181,0211,Colos,all_territories_with_mainland_fixed_test,training,4,Training CV fold 5
021119,021119,PT181,0211,Santa Clara-a-Velha,all_territories_with_mainland_fixed_test,training,4,Training CV fold 5
021120,021120,PT181,0211,São Salvador e Santa Maria,all_territories_with_mainland_fixed_test,training,4,Training CV fold 5
021121,021121,PT181,0211,São Teotónio,all_territories_with_mainland_fixed_test,training,4,Training CV fold 5
021122,021122,PT181,0211,Vale de Santiago,all_territories_with_mainland_fixed_test,training,4,Training CV fold 5
021203,021203,PT184,0212,Ourique,all_territories_with_mainland_fixed_test,training,4,Training CV fold 5
021206,021206,PT184,0212,Santana da Serra,all_territories_with_mainland_fixed_test,training,4,Training CV fold 5
021207,021207,PT184,0212,União das Freguesias de Garvão e Santa Luzia,all_territories_with_mainland_fixed_test,training,4,Training CV fold 5
021208,021208,PT184,0212,União das Freguesias de Panóis e Conceição,all_territories_with_mainland_fixed_test,training,4,Training CV fold 5
021302,021302,PT184,0213,Brinches,all_territories_with_mainland_fixed_test,training,4,Training CV fold 5
021303,021303,PT184,0213,Pias,all_territories_with_mainland_fixed_test,training,4,Training CV fold 5
021307,021307,PT184,0213,Vila Verde de Ficalho,all_territories_with_mainland_fixed_test,training,4,Training CV fold 5
021308,021308,PT184,0213,União das Freguesias de Serpa (Salvador e Santa Maria),all_territories_with_mainland_fixed_test,training,4,Training CV fold 5
021309,021309,PT184,0213,União das Freguesias de Vila Nova de São Bento e Vale de Vargo,all_territories_with_mainland_fixed_test,training,4,Training CV fold 5
021401,021401,PT184,0214,Pedrógão,all_territories_with_mainland_fixed_test,training,4,Training CV fold 5
021402,021402,PT184,0214,Selmes,all_territories_with_mainland_fixed_test,training,4,Training CV fold 5
021403,021403,PT184,0214,Vidigueira,all_territories_with_mainland_fixed_test,training,4,Training CV fold 5
021404,021404,PT184,0214,Vila de Frades,all_territories_with_mainland_fixed_test,training,4,Training CV fold 5
030102,030102,PT112,0301,Barreiros,all_territories_with_mainland_fixed_test,fixed_test,,Fixed test
030104,030104,PT112,0301,Bico,all_territories_with_mainland_fixed_test,fixed_test,,Fixed test
030105,030105,PT112,0301,Caires,all_territories_with_mainland_fixed_test,fixed_test,,Fixed test
030107,030107,PT112,0301,Carrazedo,all_territories_with_mainland_fixed_test,fixed_test,,Fixed test
030108,030108,PT112,0301,Dornelas,all_territories_with_mainland_fixed_test,fixed_test,,Fixed test
030111,030111,PT112,0301,Fiscal,all_territories_with_mainland_fixed_test,fixed_test,,Fixed test
030112,030112,PT112,0301,Goães,all_territories_with_mainland_fixed_test,fixed_test,,Fixed test
030113,030113,PT112,0301,Lago,all_territories_with_mainland_fixed_test,fixed_test,,Fixed test
030118,030118,PT112,0301,Rendufe,all_territories_with_mainland_fixed_test,fixed_test,,Fixed test
030119,030119,PT112,0301,Bouro (Santa Maria),all_territories_with_mainland_fixed_test,fixed_test,,Fixed test
030120,030120,PT112,0301,Bouro (Santa Marta),all_territories_with_mainland_fixed_test,fixed_test,,Fixed test
030125,030125,PT112,0301,União das Freguesias de Amares e Figueiredo,all_territories_with_mainland_fixed_test,fixed_test,,Fixed test
030126,030126,PT112,0301,"União das Freguesias de Caldelas, Sequeiros e Paranhos",all_territories_with_mainland_fixed_test,fixed_test,,Fixed test
030127,030127,PT112,0301,"União das Freguesias de Ferreiros, Prozelo e Besteiros",all_territories_with_mainland_fixed_test,fixed_test,,Fixed test
030128,030128,PT112,0301,União das Freguesias de Torre e Portela,all_territories_with_mainland_fixed_test,fixed_test,,Fixed test
030129,030129,PT112,0301,"União das Freguesias de Vilela, Seramil e Paredes Secas",all_territories_with_mainland_fixed_test,fixed_test,,Fixed test
030201,030201,PT112,0302,Abade de Neiva,all_territories_with_mainland_fixed_test,fixed_test,,Fixed test
030202,030202,PT112,0302,Aborim,all_territories_with_mainland_fixed_test,fixed_test,,Fixed test
030203,030203,PT112,0302,Adães,all_territories_with_mainland_fixed_test,fixed_test,,Fixed test
030205,030205,PT112,0302,Airó,all_territories_with_mainland_fixed_test,fixed_test,,Fixed test
030206,030206,PT112,0302,Aldreu,all_territories_with_mainland_fixed_test,fixed_test,,Fixed test
030208,030208,PT112,0302,Alvelos,all_territories_with_mainland_fixed_test,fixed_test,,Fixed test
030209,030209,PT112,0302,Arcozelo,all_territories_with_mainland_fixed_test,fixed_test,,Fixed test
030210,030210,PT112,0302,Areias,all_territories_with_mainland_fixed_test,fixed_test,,Fixed test
030212,030212,PT112,0302,Balugães,all_territories_with_mainland_fixed_test,fixed_test,,Fixed test
030213,030213,PT112,0302,Barcelinhos,all_territories_with_mainland_fixed_test,fixed_test,,Fixed test
030215,030215,PT112,0302,Barqueiros,all_territories_with_mainland_fixed_test,fixed_test,,Fixed test
030216,030216,PT112,0302,Cambeses,all_territories_with_mainland_fixed_test,fixed_test,,Fixed test
030218,030218,PT112,0302,Carapeços,all_territories_with_mainland_fixed_test,fixed_test,,Fixed test
030220,030220,PT112,0302,Carvalhal,all_territories_with_mainland_fixed_test,fixed_test,,Fixed test
030221,030221,PT112,0302,Carvalhos,all_territories_with_mainland_fixed_test,fixed_test,,Fixed test
030224,030224,PT112,0302,Cossourado,all_territories_with_mainland_fixed_test,fixed_test,,Fixed test
030228,030228,PT112,0302,Cristelo,all_territories_with_mainland_fixed_test,fixed_test,,Fixed test
030234,030234,PT112,0302,Fornelos,all_territories_with_mainland_fixed_test,fixed_test,,Fixed test
030235,030235,PT112,0302,Fragoso,all_territories_with_mainland_fixed_test,fixed_test,,Fixed test
030237,030237,PT112,0302,Gilmonde,all_territories_with_mainland_fixed_test,fixed_test,,Fixed test
030242,030242,PT112,0302,Lama,all_territories_with_mainland_fixed_test,fixed_test,,Fixed test
030243,030243,PT112,0302,Lijó,all_territories_with_mainland_fixed_test,fixed_test,,Fixed test
030244,030244,PT112,0302,Macieira de Rates,all_territories_with_mainland_fixed_test,fixed_test,,Fixed test
030245,030245,PT112,0302,Manhente,all_territories_with_mainland_fixed_test,fixed_test,,Fixed test
030247,030247,PT112,0302,Martim,all_territories_with_mainland_fixed_test,fixed_test,,Fixed test
030252,030252,PT112,0302,Moure,all_territories_with_mainland_fixed_test,fixed_test,,Fixed test
030254,030254,PT112,0302,Oliveira,all_territories_with_mainland_fixed_test,fixed_test,,Fixed test
030255,030255,PT112,0302,Palme,all_territories_with_mainland_fixed_test,fixed_test,,Fixed test
030256,030256,PT112,0302,Panque,all_territories_with_mainland_fixed_test,fixed_test,,Fixed test
030257,030257,PT112,0302,Paradela,all_territories_with_mainland_fixed_test,fixed_test,,Fixed test
030259,030259,PT112,0302,Pereira,all_territories_with_mainland_fixed_test,fixed_test,,Fixed test
030260,030260,PT112,0302,Perelhal,all_territories_with_mainland_fixed_test,fixed_test,,Fixed test
030261,030261,PT112,0302,Pousa,all_territories_with_mainland_fixed_test,fixed_test,,Fixed test
030263,030263,PT112,0302,Remelhe,all_territories_with_mainland_fixed_test,fixed_test,,Fixed test
030264,030264,PT112,0302,Roriz,all_territories_with_mainland_fixed_test,fixed_test,,Fixed test
030265,030265,PT112,0302,Rio Covo (Santa Eugénia),all_territories_with_mainland_fixed_test,fixed_test,,Fixed test
030268,030268,PT112,0302,Galegos (Santa Maria),all_territories_with_mainland_fixed_test,fixed_test,,Fixed test
030272,030272,PT112,0302,Galegos (São Martinho),all_territories_with_mainland_fixed_test,fixed_test,,Fixed test
030277,030277,PT112,0302,Tamel (São Veríssimo),all_territories_with_mainland_fixed_test,fixed_test,,Fixed test
030279,030279,PT112,0302,Silva,all_territories_with_mainland_fixed_test,fixed_test,,Fixed test
030282,030282,PT112,0302,Ucha,all_territories_with_mainland_fixed_test,fixed_test,,Fixed test
030283,030283,PT112,0302,Várzea,all_territories_with_mainland_fixed_test,fixed_test,,Fixed test
030287,030287,PT112,0302,Vila Seca,all_territories_with_mainland_fixed_test,fixed_test,,Fixed test
030290,030290,PT112,0302,União das Freguesias de Alheira e Igreja Nova,all_territories_with_mainland_fixed_test,fixed_test,,Fixed test
030291,030291,PT112,0302,União das Freguesias de Alvito (São Pedro e São Martinho) e Couto,all_territories_with_mainland_fixed_test,fixed_test,,Fixed test
030292,030292,PT112,0302,União das Freguesias de Areias de Vilar e Encourados,all_territories_with_mainland_fixed_test,fixed_test,,Fixed test
030293,030293,PT112,0302,"União das Freguesias de Barcelos, Vila Boa e Vila Frescainha (São Martinho e São Pedro)",all_territories_with_mainland_fixed_test,fixed_test,,Fixed test
030294,030294,PT112,0302,União das Freguesias de Campo e Tamel (São Pedro Fins),all_territories_with_mainland_fixed_test,fixed_test,,Fixed test
030295,030295,PT112,0302,União das Freguesias de Carreira e Fonte Coberta,all_territories_with_mainland_fixed_test,fixed_test,,Fixed test
030296,030296,PT112,0302,"União das Freguesias de Chorente, Góios, Courel, Pedra Furada, Gueral",all_territories_with_mainland_fixed_test,fixed_test,,Fixed test
030297,030297,PT112,0302,União das Freguesias de Creixomil e Mariz,all_territories_with_mainland_fixed_test,fixed_test,,Fixed test
030298,030298,PT112,0302,União das Freguesias de Durrães e Tregosa,all_territories_with_mainland_fixed_test,fixed_test,,Fixed test
030299,030299,PT112,0302,União das Freguesias de Gamil e Midões,all_territories_with_mainland_fixed_test,fixed_test,,Fixed test
0302FA,0302FA,PT112,0302,"União das Freguesias de Milhazes, Vilar de Figos e Faria",all_territories_with_mainland_fixed_test,fixed_test,,Fixed test
0302FB,0302FB,PT112,0302,União das Freguesias de Negreiros e Chavão,all_territories_with_mainland_fixed_test,fixed_test,,Fixed test
0302FC,0302FC,PT112,0302,União das Freguesias de Quintiães e Aguiar,all_territories_with_mainland_fixed_test,fixed_test,,Fixed test
0302FD,0302FD,PT112,0302,União das Freguesias de Sequeade e Bastuço (São João e São Estêvão),all_territories_with_mainland_fixed_test,fixed_test,,Fixed test
0302FE,0302FE,PT112,0302,União das Freguesias de Silveiros e Rio Covo (Santa Eulália),all_territories_with_mainland_fixed_test,fixed_test,,Fixed test
0302FF,0302FF,PT112,0302,União das Freguesias de Tamel ( Santa Leocádia) e Vilar do Monte,all_territories_with_mainland_fixed_test,fixed_test,,Fixed test
0302FG,0302FG,PT112,0302,"União das Freguesias de Viatodos, Grimancelos, Minhotães e Monte Fralães",all_territories_with_mainland_fixed_test,fixed_test,,Fixed test
0302FH,0302FH,PT112,0302,União das Freguesias de Vila Cova e Feitos,all_territories_with_mainland_fixed_test,fixed_test,,Fixed test
030301,030301,PT112,0303,Adaúfe,all_territories_with_mainland_fixed_test,fixed_test,,Fixed test
030312,030312,PT112,0303,Espinho,all_territories_with_mainland_fixed_test,fixed_test,,Fixed test
030313,030313,PT112,0303,Esporões,all_territories_with_mainland_fixed_test,fixed_test,,Fixed test
030315,030315,PT112,0303,Figueiredo,all_territories_with_mainland_fixed_test,fixed_test,,Fixed test
030319,030319,PT112,0303,Gualtar,all_territories_with_mainland_fixed_test,fixed_test,,Fixed test
030322,030322,PT112,0303,Lamas,all_territories_with_mainland_fixed_test,fixed_test,,Fixed test
030325,030325,PT112,0303,Mire de Tibães,all_territories_with_mainland_fixed_test,fixed_test,,Fixed test
030330,030330,PT112,0303,Padim da Graça,all_territories_with_mainland_fixed_test,fixed_test,,Fixed test
030331,030331,PT112,0303,Palmeira,all_territories_with_mainland_fixed_test,fixed_test,,Fixed test
030334,030334,PT112,0303,Pedralva,all_territories_with_mainland_fixed_test,fixed_test,,Fixed test
030336,030336,PT112,0303,Priscos,all_territories_with_mainland_fixed_test,fixed_test,,Fixed test
030338,030338,PT112,0303,Ruilhe,all_territories_with_mainland_fixed_test,fixed_test,,Fixed test
030349,030349,PT112,0303,Braga (São Vicente),all_territories_with_mainland_fixed_test,fixed_test,,Fixed test
030351,030351,PT112,0303,Braga (São Vítor),all_territories_with_mainland_fixed_test,fixed_test,,Fixed test
030354,030354,PT112,0303,Sequeira,all_territories_with_mainland_fixed_test,fixed_test,,Fixed test
030355,030355,PT112,0303,Sobreposta,all_territories_with_mainland_fixed_test,fixed_test,,Fixed test
030356,030356,PT112,0303,Tadim,all_territories_with_mainland_fixed_test,fixed_test,,Fixed test
030357,030357,PT112,0303,Tebosa,all_territories_with_mainland_fixed_test,fixed_test,,Fixed test
030363,030363,PT112,0303,União das Freguesias de Arentim e Cunha,all_territories_with_mainland_fixed_test,fixed_test,,Fixed test
030364,030364,PT112,0303,"União das Freguesias de Braga (Maximinos, Sé e Cividade)",all_territories_with_mainland_fixed_test,fixed_test,,Fixed test
030365,030365,PT112,0303,União das Freguesias de Braga (São José de São Lázaro e São João do Souto),all_territories_with_mainland_fixed_test,fixed_test,,Fixed test
030366,030366,PT112,0303,União das Freguesias de Cabreiros e Passos (São Julião),all_territories_with_mainland_fixed_test,fixed_test,,Fixed test
030367,030367,PT112,0303,"União das Freguesias de Celeirós, Aveleda e Vimiero",all_territories_with_mainland_fixed_test,fixed_test,,Fixed test
030368,030368,PT112,0303,União das Freguesias de Crespos e Lousada,all_territories_with_mainland_fixed_test,fixed_test,,Fixed test
030369,030369,PT112,0303,União das Freguesias de Escudeiros e Penso (São Estevão e São Vicente),all_territories_with_mainland_fixed_test,fixed_test,,Fixed test
030370,030370,PT112,0303,União das Freguesias de Este (São Pedro e São Mamede),all_territories_with_mainland_fixed_test,fixed_test,,Fixed test
030371,030371,PT112,0303,União das Freguesias de Ferreiros e Gondizalves,all_territories_with_mainland_fixed_test,fixed_test,,Fixed test
030372,030372,PT112,0303,União das Freguesias de Guisande e Oliveira (São Pedro),all_territories_with_mainland_fixed_test,fixed_test,,Fixed test
030373,030373,PT112,0303,União das Freguesias de Lomar e Marcos,all_territories_with_mainland_fixed_test,fixed_test,,Fixed test
030374,030374,PT112,0303,"União das Freguesias de Merelim (São Paio), Panois e Parada de Tibães",all_territories_with_mainland_fixed_test,fixed_test,,Fixed test
030375,030375,PT112,0303,União das Freguesia de Merelim (São Pedro) e Frossos,all_territories_with_mainland_fixed_test,fixed_test,,Fixed test
030376,030376,PT112,0303,União das Freguesias de Morreira e Trandeiras,all_territories_with_mainland_fixed_test,fixed_test,,Fixed test
030377,030377,PT112,0303,"União das Freguesias de Nogueira, Fraião e Lamaçães",all_territories_with_mainland_fixed_test,fixed_test,,Fixed test
030378,030378,PT112,0303,União das Freguesias de Nogueiró e Tenões,all_territories_with_mainland_fixed_test,fixed_test,,Fixed test
030379,030379,PT112,0303,"União das Freguesias de Real, Dume e Semelhe",all_territories_with_mainland_fixed_test,fixed_test,,Fixed test
030380,030380,PT112,0303,União das Freguesias de Santa Lucrécia de Algeriz e Navarra,all_territories_with_mainland_fixed_test,fixed_test,,Fixed test
030381,030381,PT112,0303,União das Freguesias de Vilaça e Fradelos,all_territories_with_mainland_fixed_test,fixed_test,,Fixed test
030401,030401,PT119,0304,Abadim,all_territories_with_mainland_fixed_test,training,1,Training CV fold 2
030404,030404,PT119,0304,Basto,all_territories_with_mainland_fixed_test,training,1,Training CV fold 2
030405,030405,PT119,0304,Bucos,all_territories_with_mainland_fixed_test,training,1,Training CV fold 2
030406,030406,PT119,0304,Cabeceiras de Basto,all_territories_with_mainland_fixed_test,training,1,Training CV fold 2
030407,030407,PT119,0304,Cavez,all_territories_with_mainland_fixed_test,training,1,Training CV fold 2
030408,030408,PT119,0304,Faia,all_territories_with_mainland_fixed_test,training,1,Training CV fold 2
030413,030413,PT119,0304,Pedraça,all_territories_with_mainland_fixed_test,training,1,Training CV fold 2
030415,030415,PT119,0304,Rio Douro,all_territories_with_mainland_fixed_test,training,1,Training CV fold 2
030418,030418,PT119,0304,União das Freguesias de Alvite e Passos,all_territories_with_mainland_fixed_test,training,1,Training CV fold 2
030419,030419,PT119,0304,União das Freguesias de Arco de Baúlhe e Vila Nune,all_territories_with_mainland_fixed_test,training,1,Training CV fold 2
030420,030420,PT119,0304,União das Freguesias de Gondiães e Vilar de Cunhas,all_territories_with_mainland_fixed_test,training,1,Training CV fold 2
030421,030421,PT119,0304,"União das Freguesias de Rofojos de Basto, Outeiro e Painzela",all_territories_with_mainland_fixed_test,training,1,Training CV fold 2
030501,030501,PT11C,0305,Agilde,all_territories_with_mainland_fixed_test,training,1,Training CV fold 2
030502,030502,PT11C,0305,Arnóia,all_territories_with_mainland_fixed_test,training,1,Training CV fold 2
030503,030503,PT11C,0305,Borba de Montanha,all_territories_with_mainland_fixed_test,training,1,Training CV fold 2
030508,030508,PT11C,0305,Codeçoso,all_territories_with_mainland_fixed_test,training,1,Training CV fold 2
030510,030510,PT11C,0305,Fervença,all_territories_with_mainland_fixed_test,training,1,Training CV fold 2
030515,030515,PT11C,0305,Moreira do Castelo,all_territories_with_mainland_fixed_test,training,1,Training CV fold 2
030517,030517,PT11C,0305,Rego,all_territories_with_mainland_fixed_test,training,1,Training CV fold 2
030518,030518,PT11C,0305,Ribas,all_territories_with_mainland_fixed_test,training,1,Training CV fold 2
030520,030520,PT11C,0305,Basto (São Clemente),all_territories_with_mainland_fixed_test,training,1,Training CV fold 2
030521,030521,PT11C,0305,Vale de Bouro,all_territories_with_mainland_fixed_test,training,1,Training CV fold 2
030523,030523,PT11C,0305,"União das Freguesias de Britela, Gêmeos e Ourilhe",all_territories_with_mainland_fixed_test,training,1,Training CV fold 2
030524,030524,PT11C,0305,União das Freguesias de Caçarilhe e Infesta,all_territories_with_mainland_fixed_test,training,1,Training CV fold 2
030525,030525,PT11C,0305,União das Freguesias de Canedo de Basto e Corgo,all_territories_with_mainland_fixed_test,training,1,Training CV fold 2
030526,030526,PT11C,0305,União das Freguesias de Carvalho e Basto (Santa Tecla),all_territories_with_mainland_fixed_test,training,1,Training CV fold 2
030527,030527,PT11C,0305,"União das Freguesias de Veade, Gagos e Molares",all_territories_with_mainland_fixed_test,training,1,Training CV fold 2
030601,030601,PT112,0306,Antas,all_territories_with_mainland_fixed_test,fixed_test,,Fixed test
030608,030608,PT112,0306,Forjães,all_territories_with_mainland_fixed_test,fixed_test,,Fixed test
030610,030610,PT112,0306,Gemeses,all_territories_with_mainland_fixed_test,fixed_test,,Fixed test
030615,030615,PT112,0306,Vila Chã,all_territories_with_mainland_fixed_test,fixed_test,,Fixed test
030616,030616,PT112,0306,União das Freguesias de Apúlia e Fão,all_territories_with_mainland_fixed_test,fixed_test,,Fixed test
030617,030617,PT112,0306,União das Freguesias de Belinho e Mar,all_territories_with_mainland_fixed_test,fixed_test,,Fixed test
030618,030618,PT112,0306,"União das Freguesias de Esposende, Marinhas e Gandra",all_territories_with_mainland_fixed_test,fixed_test,,Fixed test
030619,030619,PT112,0306,União das Freguesias de Fonte Boa e Rio Tinto,all_territories_with_mainland_fixed_test,fixed_test,,Fixed test
030620,030620,PT112,0306,União de Freguesias de Palmeira de Faro e Curvos,all_territories_with_mainland_fixed_test,fixed_test,,Fixed test
030705,030705,PT119,0307,Armil,all_territories_with_mainland_fixed_test,training,1,Training CV fold 2
030708,030708,PT119,0307,Estorãos,all_territories_with_mainland_fixed_test,training,1,Training CV fold 2
030709,030709,PT119,0307,Fafe,all_territories_with_mainland_fixed_test,training,1,Training CV fold 2
030712,030712,PT119,0307,Fornelos,all_territories_with_mainland_fixed_test,training,1,Training CV fold 2
030714,030714,PT119,0307,Golães,all_territories_with_mainland_fixed_test,training,1,Training CV fold 2
030716,030716,PT119,0307,Medelo,all_territories_with_mainland_fixed_test,training,1,Training CV fold 2
030719,030719,PT119,0307,Passos,all_territories_with_mainland_fixed_test,training,1,Training CV fold 2
030722,030722,PT119,0307,Quinchães,all_territories_with_mainland_fixed_test,training,1,Training CV fold 2
030723,030723,PT119,0307,Regadas,all_territories_with_mainland_fixed_test,training,1,Training CV fold 2
030724,030724,PT119,0307,Revelhe,all_territories_with_mainland_fixed_test,training,1,Training CV fold 2
030725,030725,PT119,0307,Ribeiros,all_territories_with_mainland_fixed_test,training,1,Training CV fold 2
030726,030726,PT119,0307,Arões (Santa Cristina),all_territories_with_mainland_fixed_test,training,1,Training CV fold 2
030728,030728,PT119,0307,São Gens,all_territories_with_mainland_fixed_test,training,1,Training CV fold 2
030729,030729,PT119,0307,Silvares (São Martinho),all_territories_with_mainland_fixed_test,training,1,Training CV fold 2
030730,030730,PT119,0307,Arões (São Romão),all_territories_with_mainland_fixed_test,training,1,Training CV fold 2
030733,030733,PT119,0307,Travassós,all_territories_with_mainland_fixed_test,training,1,Training CV fold 2
030736,030736,PT119,0307,Vinhós,all_territories_with_mainland_fixed_test,training,1,Training CV fold 2
030737,030737,PT119,0307,"União das Freguesias de Aboim, Felgueiras, Gontim e Pedraído",all_territories_with_mainland_fixed_test,training,1,Training CV fold 2
030738,030738,PT119,0307,União das Freguesias de Agrela e Serafão,all_territories_with_mainland_fixed_test,training,1,Training CV fold 2
030739,030739,PT119,0307,União das Freguesias de Antime e Silvares (São Clemente),all_territories_with_mainland_fixed_test,training,1,Training CV fold 2
030740,030740,PT119,0307,"União das Freguesias de Ardegão, Arnozelas e Seidões",all_territories_with_mainland_fixed_test,training,1,Training CV fold 2
030741,030741,PT119,0307,União das Freguesias de Cepães e Fareja,all_territories_with_mainland_fixed_test,training,1,Training CV fold 2
030742,030742,PT119,0307,União das Freguesias de Freitas e Vila Cova,all_territories_with_mainland_fixed_test,training,1,Training CV fold 2
030743,030743,PT119,0307,União das Freguesias de Monte e Queimadela,all_territories_with_mainland_fixed_test,training,1,Training CV fold 2
030744,030744,PT119,0307,União das Freguesias de Moreira do Rei e Várzea Cova,all_territories_with_mainland_fixed_test,training,1,Training CV fold 2
030801,030801,PT119,0308,Aldão,all_territories_with_mainland_fixed_test,training,1,Training CV fold 2
030804,030804,PT119,0308,Azurém,all_territories_with_mainland_fixed_test,training,1,Training CV fold 2
030806,030806,PT119,0308,Barco,all_territories_with_mainland_fixed_test,training,1,Training CV fold 2
030807,030807,PT119,0308,Brito,all_territories_with_mainland_fixed_test,training,1,Training CV fold 2
030808,030808,PT119,0308,Caldelas,all_territories_with_mainland_fixed_test,training,1,Training CV fold 2
030812,030812,PT119,0308,Costa,all_territories_with_mainland_fixed_test,training,1,Training CV fold 2
030813,030813,PT119,0308,Creixomil,all_territories_with_mainland_fixed_test,training,1,Training CV fold 2
030815,030815,PT119,0308,Fermentões,all_territories_with_mainland_fixed_test,training,1,Training CV fold 2
030820,030820,PT119,0308,Gonça,all_territories_with_mainland_fixed_test,training,1,Training CV fold 2
030821,030821,PT119,0308,Gondar,all_territories_with_mainland_fixed_test,training,1,Training CV fold 2
030823,030823,PT119,0308,Guardizela,all_territories_with_mainland_fixed_test,training,1,Training CV fold 2
030824,030824,PT119,0308,Infantas,all_territories_with_mainland_fixed_test,training,1,Training CV fold 2
030827,030827,PT119,0308,Longos,all_territories_with_mainland_fixed_test,training,1,Training CV fold 2
030828,030828,PT119,0308,Lordelo,all_territories_with_mainland_fixed_test,training,1,Training CV fold 2
030830,030830,PT119,0308,Mesão Frio,all_territories_with_mainland_fixed_test,training,1,Training CV fold 2
030831,030831,PT119,0308,Moreira de Cónegos,all_territories_with_mainland_fixed_test,training,1,Training CV fold 2
030832,030832,PT119,0308,Nespereira,all_territories_with_mainland_fixed_test,training,1,Training CV fold 2
030835,030835,PT119,0308,Pencelo,all_territories_with_mainland_fixed_test,training,1,Training CV fold 2
030836,030836,PT119,0308,Pinheiro,all_territories_with_mainland_fixed_test,training,1,Training CV fold 2
030837,030837,PT119,0308,Polvoreira,all_territories_with_mainland_fixed_test,training,1,Training CV fold 2
030838,030838,PT119,0308,Ponte,all_territories_with_mainland_fixed_test,training,1,Training CV fold 2
030840,030840,PT119,0308,Ronfe,all_territories_with_mainland_fixed_test,training,1,Training CV fold 2
030842,030842,PT119,0308,Prazins (Santa Eufémia),all_territories_with_mainland_fixed_test,training,1,Training CV fold 2
030850,030850,PT119,0308,Selho (São Cristóvão),all_territories_with_mainland_fixed_test,training,1,Training CV fold 2
030854,030854,PT119,0308,Selho (São Jorge),all_territories_with_mainland_fixed_test,training,1,Training CV fold 2
030857,030857,PT119,0308,Candoso (São Martinho),all_territories_with_mainland_fixed_test,training,1,Training CV fold 2
030858,030858,PT119,0308,Sande (São Martinho),all_territories_with_mainland_fixed_test,training,1,Training CV fold 2
030865,030865,PT119,0308,São Torcato,all_territories_with_mainland_fixed_test,training,1,Training CV fold 2
030866,030866,PT119,0308,Serzedelo,all_territories_with_mainland_fixed_test,training,1,Training CV fold 2
030868,030868,PT119,0308,Silvares,all_territories_with_mainland_fixed_test,training,1,Training CV fold 2
030871,030871,PT119,0308,Urgezes,all_territories_with_mainland_fixed_test,training,1,Training CV fold 2
030875,030875,PT119,0308,União das Freguesias de Abação e Gêmeos,all_territories_with_mainland_fixed_test,training,1,Training CV fold 2
030876,030876,PT119,0308,"União das Freguesias de Airão Santa Maria, Airão São João e Vermil",all_territories_with_mainland_fixed_test,training,1,Training CV fold 2
030877,030877,PT119,0308,União das Freguesias de Arosa e Castelões,all_territories_with_mainland_fixed_test,training,1,Training CV fold 2
030878,030878,PT119,0308,União das Freguesias de Atães e Rendufe,all_territories_with_mainland_fixed_test,training,1,Training CV fold 2
030879,030879,PT119,0308,União das Freguesias de Briteiros Santo Estevão e Donim,all_territories_with_mainland_fixed_test,training,1,Training CV fold 2
030880,030880,PT119,0308,União das Freguesias de Briteiros São Salvador e Briteiros Santa Leocácia,all_territories_with_mainland_fixed_test,training,1,Training CV fold 2
030881,030881,PT119,0308,União das Freguesias de Candoso São Tiago e Mascotelos,all_territories_with_mainland_fixed_test,training,1,Training CV fold 2
030882,030882,PT119,0308,União das Freguesias de Conde e Gandarela,all_territories_with_mainland_fixed_test,training,1,Training CV fold 2
030883,030883,PT119,0308,"União das Freguesias de Leitões, Oleiros e Figueiredo",all_territories_with_mainland_fixed_test,training,1,Training CV fold 2
030884,030884,PT119,0308,"União das Freguesias de Oliveira, São Paio e São Sebastião",all_territories_with_mainland_fixed_test,training,1,Training CV fold 2
030885,030885,PT119,0308,União das Freguesias de Prazins Santo Tirso e Corvite,all_territories_with_mainland_fixed_test,training,1,Training CV fold 2
030886,030886,PT119,0308,União das Freguesias de Sande São Lourenço e Balazar,all_territories_with_mainland_fixed_test,training,1,Training CV fold 2
030887,030887,PT119,0308,União das Freguesias de Sande Vila Nova e Sande São Clemente,all_territories_with_mainland_fixed_test,training,1,Training CV fold 2
030888,030888,PT119,0308,União das Freguesias de Selho São Lourenço e Gominhães,all_territories_with_mainland_fixed_test,training,1,Training CV fold 2
030889,030889,PT119,0308,União das Freguesias de Servedo e Calvos,all_territories_with_mainland_fixed_test,training,1,Training CV fold 2
030890,030890,PT119,0308,"União das Freguesias de Souto Santa Maria, Souto São Salvador e Gondomar",all_territories_with_mainland_fixed_test,training,1,Training CV fold 2
030891,030891,PT119,0308,União das Freguesias de Tabuadelo e São Faustino,all_territories_with_mainland_fixed_test,training,1,Training CV fold 2
030906,030906,PT119,0309,Covelas,all_territories_with_mainland_fixed_test,training,1,Training CV fold 2
030908,030908,PT119,0309,Ferreiros,all_territories_with_mainland_fixed_test,training,1,Training CV fold 2
030912,030912,PT119,0309,Galegos,all_territories_with_mainland_fixed_test,training,1,Training CV fold 2
030913,030913,PT119,0309,Garfe,all_territories_with_mainland_fixed_test,training,1,Training CV fold 2
030914,030914,PT119,0309,Geraz do Minho,all_territories_with_mainland_fixed_test,training,1,Training CV fold 2
030915,030915,PT119,0309,Lanhoso,all_territories_with_mainland_fixed_test,training,1,Training CV fold 2
030917,030917,PT119,0309,Monsul,all_territories_with_mainland_fixed_test,training,1,Training CV fold 2
030919,030919,PT119,0309,Póvoa de Lanhoso (Nossa Senhora do Amparo),all_territories_with_mainland_fixed_test,training,1,Training CV fold 2
030921,030921,PT119,0309,Rendufinho,all_territories_with_mainland_fixed_test,training,1,Training CV fold 2
030922,030922,PT119,0309,Santo Emilião,all_territories_with_mainland_fixed_test,training,1,Training CV fold 2
030923,030923,PT119,0309,São João de Rei,all_territories_with_mainland_fixed_test,training,1,Training CV fold 2
030924,030924,PT119,0309,Serzedelo,all_territories_with_mainland_fixed_test,training,1,Training CV fold 2
030925,030925,PT119,0309,Sobradelo da Goma,all_territories_with_mainland_fixed_test,training,1,Training CV fold 2
030926,030926,PT119,0309,Taíde,all_territories_with_mainland_fixed_test,training,1,Training CV fold 2
030927,030927,PT119,0309,Travassos,all_territories_with_mainland_fixed_test,training,1,Training CV fold 2
030929,030929,PT119,0309,Vilela,all_territories_with_mainland_fixed_test,training,1,Training CV fold 2
030930,030930,PT119,0309,União das Freguesias de Águas Santas e Moure,all_territories_with_mainland_fixed_test,training,1,Training CV fold 2
030931,030931,PT119,0309,União das Freguesias de Calvos e Frades,all_territories_with_mainland_fixed_test,training,1,Training CV fold 2
030932,030932,PT119,0309,União das Freguesias de Campos e Louredo,all_territories_with_mainland_fixed_test,training,1,Training CV fold 2
030933,030933,PT119,0309,União das Freguesia de Esperança e Brunhais,all_territories_with_mainland_fixed_test,training,1,Training CV fold 2
030934,030934,PT119,0309,União das Freguesias Fonte Arcada e Oliveira,all_territories_with_mainland_fixed_test,training,1,Training CV fold 2
030935,030935,PT119,0309,"União das Freguesias de Verim, Friande e Ajude",all_territories_with_mainland_fixed_test,training,1,Training CV fold 2
031001,031001,PT112,0310,Balança,all_territories_with_mainland_fixed_test,fixed_test,,Fixed test
031003,031003,PT112,0310,Campo do Gerês,all_territories_with_mainland_fixed_test,fixed_test,,Fixed test
031004,031004,PT112,0310,Carvalheira,all_territories_with_mainland_fixed_test,fixed_test,,Fixed test
031008,031008,PT112,0310,Covide,all_territories_with_mainland_fixed_test,fixed_test,,Fixed test
031009,031009,PT112,0310,Gondoriz,all_territories_with_mainland_fixed_test,fixed_test,,Fixed test
031010,031010,PT112,0310,Moimenta,all_territories_with_mainland_fixed_test,fixed_test,,Fixed test
031012,031012,PT112,0310,Ribeira,all_territories_with_mainland_fixed_test,fixed_test,,Fixed test
031013,031013,PT112,0310,Rio Caldo,all_territories_with_mainland_fixed_test,fixed_test,,Fixed test
031014,031014,PT112,0310,Souto,all_territories_with_mainland_fixed_test,fixed_test,,Fixed test
031015,031015,PT112,0310,Valdosende,all_territories_with_mainland_fixed_test,fixed_test,,Fixed test
031017,031017,PT112,0310,Vilar da Veiga,all_territories_with_mainland_fixed_test,fixed_test,,Fixed test
031018,031018,PT112,0310,União das Freguesias de Chamoim e Vilar,all_territories_with_mainland_fixed_test,fixed_test,,Fixed test
031019,031019,PT112,0310,União das Freguesias de Chorense e Monte,all_territories_with_mainland_fixed_test,fixed_test,,Fixed test
031020,031020,PT112,0310,União das Freguesias de Cibões e Brufe,all_territories_with_mainland_fixed_test,fixed_test,,Fixed test
031105,031105,PT119,0311,Cantelães,all_territories_with_mainland_fixed_test,training,1,Training CV fold 2
031107,031107,PT119,0311,Eira Vedra,all_territories_with_mainland_fixed_test,training,1,Training CV fold 2
031108,031108,PT119,0311,Guilhofrei,all_territories_with_mainland_fixed_test,training,1,Training CV fold 2
031109,031109,PT119,0311,Louredo,all_territories_with_mainland_fixed_test,training,1,Training CV fold 2
031110,031110,PT119,0311,Mosteiro,all_territories_with_mainland_fixed_test,training,1,Training CV fold 2
031111,031111,PT119,0311,Parada do Bouro,all_territories_with_mainland_fixed_test,training,1,Training CV fold 2
031112,031112,PT119,0311,Pinheiro,all_territories_with_mainland_fixed_test,training,1,Training CV fold 2
031113,031113,PT119,0311,Rossas,all_territories_with_mainland_fixed_test,training,1,Training CV fold 2
031115,031115,PT119,0311,Salamonde,all_territories_with_mainland_fixed_test,training,1,Training CV fold 2
031118,031118,PT119,0311,Tabuaças,all_territories_with_mainland_fixed_test,training,1,Training CV fold 2
031120,031120,PT119,0311,Vieira do Minho,all_territories_with_mainland_fixed_test,training,1,Training CV fold 2
031122,031122,PT119,0311,União das Freguesias de Anissó e Soutelo,all_territories_with_mainland_fixed_test,training,1,Training CV fold 2
031123,031123,PT119,0311,União das Freguesias de Anjos e Vilar do Chão,all_territories_with_mainland_fixed_test,training,1,Training CV fold 2
031124,031124,PT119,0311,União das Freguesias de Caniçada e Soengas,all_territories_with_mainland_fixed_test,training,1,Training CV fold 2
031125,031125,PT119,0311,União das Freguesias de Ruivães e Campos,all_territories_with_mainland_fixed_test,training,1,Training CV fold 2
031126,031126,PT119,0311,União das Freguesias de Ventosa e Cova,all_territories_with_mainland_fixed_test,training,1,Training CV fold 2
031204,031204,PT119,0312,Bairro,all_territories_with_mainland_fixed_test,training,1,Training CV fold 2
031206,031206,PT119,0312,Brufe,all_territories_with_mainland_fixed_test,training,1,Training CV fold 2
031210,031210,PT119,0312,Castelões,all_territories_with_mainland_fixed_test,training,1,Training CV fold 2
031212,031212,PT119,0312,Cruz,all_territories_with_mainland_fixed_test,training,1,Training CV fold 2
031213,031213,PT119,0312,Delães,all_territories_with_mainland_fixed_test,training,1,Training CV fold 2
031215,031215,PT119,0312,Fradelos,all_territories_with_mainland_fixed_test,training,1,Training CV fold 2
031216,031216,PT119,0312,Gavião,all_territories_with_mainland_fixed_test,training,1,Training CV fold 2
031219,031219,PT119,0312,Joane,all_territories_with_mainland_fixed_test,training,1,Training CV fold 2
031221,031221,PT119,0312,Landim,all_territories_with_mainland_fixed_test,training,1,Training CV fold 2
031223,031223,PT119,0312,Louro,all_territories_with_mainland_fixed_test,training,1,Training CV fold 2
031224,031224,PT119,0312,Lousado,all_territories_with_mainland_fixed_test,training,1,Training CV fold 2
031225,031225,PT119,0312,Mogege,all_territories_with_mainland_fixed_test,training,1,Training CV fold 2
031227,031227,PT119,0312,Nine,all_territories_with_mainland_fixed_test,training,1,Training CV fold 2
031230,031230,PT119,0312,Pedome,all_territories_with_mainland_fixed_test,training,1,Training CV fold 2
031232,031232,PT119,0312,Pousada de Saramagos,all_territories_with_mainland_fixed_test,training,1,Training CV fold 2
031233,031233,PT119,0312,Requião,all_territories_with_mainland_fixed_test,training,1,Training CV fold 2
031234,031234,PT119,0312,Riba de Ave,all_territories_with_mainland_fixed_test,training,1,Training CV fold 2
031235,031235,PT119,0312,Ribeirão,all_territories_with_mainland_fixed_test,training,1,Training CV fold 2
031239,031239,PT119,0312,Oliveira (Santa Maria),all_territories_with_mainland_fixed_test,training,1,Training CV fold 2
031241,031241,PT119,0312,Vale (São Martinho),all_territories_with_mainland_fixed_test,training,1,Training CV fold 2
031242,031242,PT119,0312,Oliveira (São Mateus),all_territories_with_mainland_fixed_test,training,1,Training CV fold 2
031247,031247,PT119,0312,Vermoim,all_territories_with_mainland_fixed_test,training,1,Training CV fold 2
031249,031249,PT119,0312,Vilarinho das Cambas,all_territories_with_mainland_fixed_test,training,1,Training CV fold 2
031250,031250,PT119,0312,União das Freguesias de Antas e Abade de Vermoim,all_territories_with_mainland_fixed_test,training,1,Training CV fold 2
031251,031251,PT119,0312,União das Freguesias de Arnoso (Santa Maria e Santa Eulália) e Sezures,all_territories_with_mainland_fixed_test,training,1,Training CV fold 2
031252,031252,PT119,0312,União das Freguesias de Avidos e Lagoa,all_territories_with_mainland_fixed_test,training,1,Training CV fold 2
031253,031253,PT119,0312,União das Freguesias de Carreira e Bente,all_territories_with_mainland_fixed_test,training,1,Training CV fold 2
031254,031254,PT119,0312,União das Freguesias de Esmeriz e Cabeçudos,all_territories_with_mainland_fixed_test,training,1,Training CV fold 2
031255,031255,PT119,0312,"União daS Freguesias de Gondifelos, Cavalões e Outiz",all_territories_with_mainland_fixed_test,training,1,Training CV fold 2
031256,031256,PT119,0312,"União das Freguesias de Lemenhe, Mouquim e Jesufrei",all_territories_with_mainland_fixed_test,training,1,Training CV fold 2
031257,031257,PT119,0312,União das Freguesias de Ruivães e Novais,all_territories_with_mainland_fixed_test,training,1,Training CV fold 2
031258,031258,PT119,0312,Uniãod das Freguesias de Seide,all_territories_with_mainland_fixed_test,training,1,Training CV fold 2
031259,031259,PT119,0312,"União das Freguesias de Vale (São Cosme), Telhado e Portela",all_territories_with_mainland_fixed_test,training,1,Training CV fold 2
031260,031260,PT119,0312,União das Freguesias de Vila Nova de Famalicão e Calendário,all_territories_with_mainland_fixed_test,training,1,Training CV fold 2
031304,031304,PT112,0313,Atiães,all_territories_with_mainland_fixed_test,fixed_test,,Fixed test
031308,031308,PT112,0313,Cabanelas,all_territories_with_mainland_fixed_test,fixed_test,,Fixed test
031309,031309,PT112,0313,Cervães,all_territories_with_mainland_fixed_test,fixed_test,,Fixed test
031311,031311,PT112,0313,Coucieiro,all_territories_with_mainland_fixed_test,fixed_test,,Fixed test
031313,031313,PT112,0313,Dossãos,all_territories_with_mainland_fixed_test,fixed_test,,Fixed test
031316,031316,PT112,0313,Freiriz,all_territories_with_mainland_fixed_test,fixed_test,,Fixed test
031317,031317,PT112,0313,Geme,all_territories_with_mainland_fixed_test,fixed_test,,Fixed test
031323,031323,PT112,0313,Laje,all_territories_with_mainland_fixed_test,fixed_test,,Fixed test
031324,031324,PT112,0313,Lanhas,all_territories_with_mainland_fixed_test,fixed_test,,Fixed test
031325,031325,PT112,0313,Loureira,all_territories_with_mainland_fixed_test,fixed_test,,Fixed test
031328,031328,PT112,0313,Moure,all_territories_with_mainland_fixed_test,fixed_test,,Fixed test
031330,031330,PT112,0313,Oleiros,all_territories_with_mainland_fixed_test,fixed_test,,Fixed test
031331,031331,PT112,0313,Parada de Gatim,all_territories_with_mainland_fixed_test,fixed_test,,Fixed test
031335,031335,PT112,0313,Pico,all_territories_with_mainland_fixed_test,fixed_test,,Fixed test
031337,031337,PT112,0313,Ponte,all_territories_with_mainland_fixed_test,fixed_test,,Fixed test
031340,031340,PT112,0313,Sabariz,all_territories_with_mainland_fixed_test,fixed_test,,Fixed test
031342,031342,PT112,0313,Vila de Prado,all_territories_with_mainland_fixed_test,fixed_test,,Fixed test
031350,031350,PT112,0313,Prado (São Miguel),all_territories_with_mainland_fixed_test,fixed_test,,Fixed test
031352,031352,PT112,0313,Soutelo,all_territories_with_mainland_fixed_test,fixed_test,,Fixed test
031354,031354,PT112,0313,Turiz,all_territories_with_mainland_fixed_test,fixed_test,,Fixed test
031355,031355,PT112,0313,Valdreu,all_territories_with_mainland_fixed_test,fixed_test,,Fixed test
031359,031359,PT112,0313,Aboim da Nóbrega e Gondomar,all_territories_with_mainland_fixed_test,fixed_test,,Fixed test
031360,031360,PT112,0313,União das Freguesias da Ribeira do Neiva,all_territories_with_mainland_fixed_test,fixed_test,,Fixed test
031361,031361,PT112,0313,União das Freguesias de Carreiras (São Miguel) e Carreiras (Santiago),all_territories_with_mainland_fixed_test,fixed_test,,Fixed test
031362,031362,PT112,0313,União das Freguesias de Escariz (São Mamede) e Escariz (São Martinho),all_territories_with_mainland_fixed_test,fixed_test,,Fixed test
031363,031363,PT112,0313,"União das Freguesias de Esqueiros, Nevogilde e Travossós",all_territories_with_mainland_fixed_test,fixed_test,,Fixed test
031364,031364,PT112,0313,União das Freguesias de Marrancos e Arcozelo,all_territories_with_mainland_fixed_test,fixed_test,,Fixed test
031365,031365,PT112,0313,União das Freguesias de Oriz (Santa Marinha) e Oriz (São Miguel),all_territories_with_mainland_fixed_test,fixed_test,,Fixed test
031366,031366,PT112,0313,"União das Freguesias de Pico de Regalados, Gondiães e Mós",all_territories_with_mainland_fixed_test,fixed_test,,Fixed test
031367,031367,PT112,0313,"União das Freguesias de Sande, Vilarinhos, Barros e Gomide",all_territories_with_mainland_fixed_test,fixed_test,,Fixed test
031368,031368,PT112,0313,"União das Freguesias de Valbom (São Pedro), Passô e Valbom (São Martinho)",all_territories_with_mainland_fixed_test,fixed_test,,Fixed test
031369,031369,PT112,0313,União das Freguesias de Vade,all_territories_with_mainland_fixed_test,fixed_test,,Fixed test
031370,031370,PT112,0313,Vila Verde e Barbudo,all_territories_with_mainland_fixed_test,fixed_test,,Fixed test
031404,031401,PT119,0314,Infias,all_territories_with_mainland_fixed_test,training,1,Training CV fold 2
031401,031402,PT119,0314,Santa Eulália,all_territories_with_mainland_fixed_test,training,1,Training CV fold 2
031406,031403,PT119,0314,Vizela (Santo Adrião),all_territories_with_mainland_fixed_test,training,1,Training CV fold 2
031408,031408,PT119,0314,União das Freguesias de Caldas de Vizela (São Miguel e São João),all_territories_with_mainland_fixed_test,training,1,Training CV fold 2
031409,031409,PT119,0314,União das Freguesias de Tagilde e Vizela (São Paio),all_territories_with_mainland_fixed_test,training,1,Training CV fold 2
040102,040102,PT11E,0401,Alfândega da Fé,all_territories_with_mainland_fixed_test,training,2,Training CV fold 3
040103,040103,PT11E,0401,Cerejais,all_territories_with_mainland_fixed_test,training,2,Training CV fold 3
040111,040111,PT11E,0401,Sambade,all_territories_with_mainland_fixed_test,training,2,Training CV fold 3
040118,040118,PT11E,0401,Vilar Chão,all_territories_with_mainland_fixed_test,training,2,Training CV fold 3
040119,040119,PT11E,0401,Vilarelhos,all_territories_with_mainland_fixed_test,training,2,Training CV fold 3
040120,040120,PT11E,0401,Vilares de Vilariça,all_territories_with_mainland_fixed_test,training,2,Training CV fold 3
040121,040121,PT11E,0401,"União das Freguesias de Agrobom, Saldonha e Vale Pereiro",all_territories_with_mainland_fixed_test,training,2,Training CV fold 3
040122,040122,PT11E,0401,"União das Freguesias de Eucisia, Gouveia e Valverde",all_territories_with_mainland_fixed_test,training,2,Training CV fold 3
040123,040123,PT11E,0401,União das Freguesias de Ferradosa e Sendim da Ribeira,all_territories_with_mainland_fixed_test,training,2,Training CV fold 3
040124,040124,PT11E,0401,União das Freguesias de Gebelim e Soeima,all_territories_with_mainland_fixed_test,training,2,Training CV fold 3
040125,040125,PT11E,0401,União das Freguesias de Parada e Sendim da Ribeira,all_territories_with_mainland_fixed_test,training,2,Training CV fold 3
040126,040126,PT11E,0401,União das Freguesias de Pombal e Vales,all_territories_with_mainland_fixed_test,training,2,Training CV fold 3
040201,040201,PT11E,0402,Alfaião,all_territories_with_mainland_fixed_test,training,2,Training CV fold 3
040203,040203,PT11E,0402,Babe,all_territories_with_mainland_fixed_test,training,2,Training CV fold 3
040204,040204,PT11E,0402,Baçal,all_territories_with_mainland_fixed_test,training,2,Training CV fold 3
040206,040206,PT11E,0402,Carragosa,all_territories_with_mainland_fixed_test,training,2,Training CV fold 3
040209,040209,PT11E,0402,Castro de Avelãs,all_territories_with_mainland_fixed_test,training,2,Training CV fold 3
040210,040210,PT11E,0402,Coelhoso,all_territories_with_mainland_fixed_test,training,2,Training CV fold 3
040212,040212,PT11E,0402,Donai,all_territories_with_mainland_fixed_test,training,2,Training CV fold 3
040213,040213,PT11E,0402,Espinhosela,all_territories_with_mainland_fixed_test,training,2,Training CV fold 3
040215,040215,PT11E,0402,França,all_territories_with_mainland_fixed_test,training,2,Training CV fold 3
040216,040216,PT11E,0402,Gimonde,all_territories_with_mainland_fixed_test,training,2,Training CV fold 3
040217,040217,PT11E,0402,Gondesende,all_territories_with_mainland_fixed_test,training,2,Training CV fold 3
040218,040218,PT11E,0402,Gostei,all_territories_with_mainland_fixed_test,training,2,Training CV fold 3
040219,040219,PT11E,0402,Grijó de Parada,all_territories_with_mainland_fixed_test,training,2,Training CV fold 3
040221,040221,PT11E,0402,Macedo do Mato,all_territories_with_mainland_fixed_test,training,2,Training CV fold 3
040224,040224,PT11E,0402,Mós,all_territories_with_mainland_fixed_test,training,2,Training CV fold 3
040225,040225,PT11E,0402,Nogueira,all_territories_with_mainland_fixed_test,training,2,Training CV fold 3
040226,040226,PT11E,0402,Outeiro,all_territories_with_mainland_fixed_test,training,2,Training CV fold 3
040229,040229,PT11E,0402,Parâmio,all_territories_with_mainland_fixed_test,training,2,Training CV fold 3
040230,040230,PT11E,0402,Pinela,all_territories_with_mainland_fixed_test,training,2,Training CV fold 3
040232,040232,PT11E,0402,Quintanilha,all_territories_with_mainland_fixed_test,training,2,Training CV fold 3
040233,040233,PT11E,0402,Quintela de Lampaças,all_territories_with_mainland_fixed_test,training,2,Training CV fold 3
040234,040234,PT11E,0402,Rabal,all_territories_with_mainland_fixed_test,training,2,Training CV fold 3
040236,040236,PT11E,0402,Rebordãos,all_territories_with_mainland_fixed_test,training,2,Training CV fold 3
040239,040239,PT11E,0402,Salsas,all_territories_with_mainland_fixed_test,training,2,Training CV fold 3
040240,040240,PT11E,0402,Samil,all_territories_with_mainland_fixed_test,training,2,Training CV fold 3
040241,040241,PT11E,0402,Santa Comba de Rossas,all_territories_with_mainland_fixed_test,training,2,Training CV fold 3
040244,040244,PT11E,0402,São Pedro de Sarracenos,all_territories_with_mainland_fixed_test,training,2,Training CV fold 3
040246,040246,PT11E,0402,Sendas,all_territories_with_mainland_fixed_test,training,2,Training CV fold 3
040247,040247,PT11E,0402,Serapicos,all_territories_with_mainland_fixed_test,training,2,Training CV fold 3
040248,040248,PT11E,0402,Sortes,all_territories_with_mainland_fixed_test,training,2,Training CV fold 3
040249,040249,PT11E,0402,Zoio,all_territories_with_mainland_fixed_test,training,2,Training CV fold 3
040250,040250,PT11E,0402,União das Freguesias de Aveleda e Rio de Onor,all_territories_with_mainland_fixed_test,training,2,Training CV fold 3
040251,040251,PT11E,0402,União das Freguesias de Castrelos e Carrazedo,all_territories_with_mainland_fixed_test,training,2,Training CV fold 3
040252,040252,PT11E,0402,"União das Freguesias de Izeda, Calvelhe e Paradinha Nova",all_territories_with_mainland_fixed_test,training,2,Training CV fold 3
040253,040253,PT11E,0402,União das Freguesias de Parada e Faílde,all_territories_with_mainland_fixed_test,training,2,Training CV fold 3
040254,040254,PT11E,0402,União das Freguesias de Rebordainhos e Pombares,all_territories_with_mainland_fixed_test,training,2,Training CV fold 3
040255,040255,PT11E,0402,União das Freguesias de Rio Frio e Milhão,all_territories_with_mainland_fixed_test,training,2,Training CV fold 3
040256,040256,PT11E,0402,União das Freguesias de São Júlião de Palácios e Deilão,all_territories_with_mainland_fixed_test,training,2,Training CV fold 3
040257,040257,PT11E,0402,"União das Freguesias de Sé, Santa Maria e Mexedo",all_territories_with_mainland_fixed_test,training,2,Training CV fold 3
040304,040304,PT11D,0403,Carrazeda de Ansiães,all_territories_with_mainland_fixed_test,training,0,Training CV fold 1
040306,040306,PT11D,0403,Fonte Longa,all_territories_with_mainland_fixed_test,training,0,Training CV fold 1
040308,040308,PT11D,0403,Linhares,all_territories_with_mainland_fixed_test,training,0,Training CV fold 1
040309,040309,PT11D,0403,Marzagão,all_territories_with_mainland_fixed_test,training,0,Training CV fold 1
040311,040311,PT11D,0403,Parambos,all_territories_with_mainland_fixed_test,training,0,Training CV fold 1
040312,040312,PT11D,0403,Pereiros,all_territories_with_mainland_fixed_test,training,0,Training CV fold 1
040313,040313,PT11D,0403,Pinhal do Norte,all_territories_with_mainland_fixed_test,training,0,Training CV fold 1
040314,040314,PT11D,0403,Pombal,all_territories_with_mainland_fixed_test,training,0,Training CV fold 1
040316,040316,PT11D,0403,Seixo de Ansiães,all_territories_with_mainland_fixed_test,training,0,Training CV fold 1
040318,040318,PT11D,0403,Vilarinho da Castanheira,all_territories_with_mainland_fixed_test,training,0,Training CV fold 1
040320,040320,PT11D,0403,União das Freguesias de Amedo e Zedes,all_territories_with_mainland_fixed_test,training,0,Training CV fold 1
040321,040321,PT11D,0403,União das Freguesias de Belver e Mogo de Malta,all_territories_with_mainland_fixed_test,training,0,Training CV fold 1
040322,040322,PT11D,0403,União das Freguesias de Castanheiro do Norte e Ribalonga,all_territories_with_mainland_fixed_test,training,0,Training CV fold 1
040323,040323,PT11D,0403,"União das Freguesias de Lavandeira, Beira Grande e Selores",all_territories_with_mainland_fixed_test,training,0,Training CV fold 1
040404,040404,PT11D,0404,Ligares,all_territories_with_mainland_fixed_test,training,0,Training CV fold 1
040406,040406,PT11D,0404,Poiares,all_territories_with_mainland_fixed_test,training,0,Training CV fold 1
040407,040407,PT11D,0404,União das Freguesias de Freixo de Espada à Cinta e Mazouco,all_territories_with_mainland_fixed_test,training,0,Training CV fold 1
040408,040408,PT11D,0404,União das Freguesias de Lagoaça e Fornos,all_territories_with_mainland_fixed_test,training,0,Training CV fold 1
040502,040502,PT11E,0405,Amendoeira,all_territories_with_mainland_fixed_test,training,2,Training CV fold 3
040503,040503,PT11E,0405,Arcas,all_territories_with_mainland_fixed_test,training,2,Training CV fold 3
040507,040507,PT11E,0405,Carrapatas,all_territories_with_mainland_fixed_test,training,2,Training CV fold 3
040509,040509,PT11E,0405,Chacim,all_territories_with_mainland_fixed_test,training,2,Training CV fold 3
040510,040510,PT11E,0405,Cortiços,all_territories_with_mainland_fixed_test,training,2,Training CV fold 3
040511,040511,PT11E,0405,Corujas,all_territories_with_mainland_fixed_test,training,2,Training CV fold 3
040514,040514,PT11E,0405,Ferreira,all_territories_with_mainland_fixed_test,training,2,Training CV fold 3
040515,040515,PT11E,0405,Grijó,all_territories_with_mainland_fixed_test,training,2,Training CV fold 3
040516,040516,PT11E,0405,Lagoa,all_territories_with_mainland_fixed_test,training,2,Training CV fold 3
040517,040517,PT11E,0405,Lamalonga,all_territories_with_mainland_fixed_test,training,2,Training CV fold 3
040518,040518,PT11E,0405,Lamas,all_territories_with_mainland_fixed_test,training,2,Training CV fold 3
040519,040519,PT11E,0405,Lombo,all_territories_with_mainland_fixed_test,training,2,Training CV fold 3
040520,040520,PT11E,0405,Macedo de Cavaleiros,all_territories_with_mainland_fixed_test,training,2,Training CV fold 3
040521,040521,PT11E,0405,Morais,all_territories_with_mainland_fixed_test,training,2,Training CV fold 3
040523,040523,PT11E,0405,Olmos,all_territories_with_mainland_fixed_test,training,2,Training CV fold 3
040524,040524,PT11E,0405,Peredo,all_territories_with_mainland_fixed_test,training,2,Training CV fold 3
040526,040526,PT11E,0405,Salselas,all_territories_with_mainland_fixed_test,training,2,Training CV fold 3
040528,040528,PT11E,0405,Sesulfe,all_territories_with_mainland_fixed_test,training,2,Training CV fold 3
040530,040530,PT11E,0405,Talhas,all_territories_with_mainland_fixed_test,training,2,Training CV fold 3
040532,040532,PT11E,0405,Vale Benfeito,all_territories_with_mainland_fixed_test,training,2,Training CV fold 3
040533,040533,PT11E,0405,Vale da Porca,all_territories_with_mainland_fixed_test,training,2,Training CV fold 3
040534,040534,PT11E,0405,Vale de Prados,all_territories_with_mainland_fixed_test,training,2,Training CV fold 3
040536,040536,PT11E,0405,Vilarinho de Agrochão,all_territories_with_mainland_fixed_test,training,2,Training CV fold 3
040538,040538,PT11E,0405,Vinhas,all_territories_with_mainland_fixed_test,training,2,Training CV fold 3
040539,040539,PT11E,0405,União das Freguesias de Ala e Vilarinho do Monte,all_territories_with_mainland_fixed_test,training,2,Training CV fold 3
040540,040540,PT11E,0405,União das Freguesias de Bornes e Burga,all_territories_with_mainland_fixed_test,training,2,Training CV fold 3
040541,040541,PT11E,0405,União das Freguesias de Castelãos e Vilar do Monte,all_territories_with_mainland_fixed_test,training,2,Training CV fold 3
040542,040542,PT11E,0405,"União das Freguesias de Espadanedo, Edroso, Murçós e Soutelo Mourisco ",all_territories_with_mainland_fixed_test,training,2,Training CV fold 3
040543,040543,PT11E,0405,União das Freguesias de Podence e Santa Combinha,all_territories_with_mainland_fixed_test,training,2,Training CV fold 3
040544,040544,PT11E,0405,União das Freguesias de Talhinhas e Bagueixe,all_territories_with_mainland_fixed_test,training,2,Training CV fold 3
040604,040604,PT11E,0406,Duas Igrejas,all_territories_with_mainland_fixed_test,training,2,Training CV fold 3
040605,040605,PT11E,0406,Genísio,all_territories_with_mainland_fixed_test,training,2,Training CV fold 3
040607,040607,PT11E,0406,Malhadas,all_territories_with_mainland_fixed_test,training,2,Training CV fold 3
040608,040608,PT11E,0406,Miranda do Douro,all_territories_with_mainland_fixed_test,training,2,Training CV fold 3
040609,040609,PT11E,0406,Palaçoulo,all_territories_with_mainland_fixed_test,training,2,Training CV fold 3
040611,040611,PT11E,0406,Picote,all_territories_with_mainland_fixed_test,training,2,Training CV fold 3
040612,040612,PT11E,0406,Póvoa,all_territories_with_mainland_fixed_test,training,2,Training CV fold 3
040613,040613,PT11E,0406,São Martinho de Angueira,all_territories_with_mainland_fixed_test,training,2,Training CV fold 3
040616,040616,PT11E,0406,Vila Chã de Braciosa,all_territories_with_mainland_fixed_test,training,2,Training CV fold 3
040618,040618,PT11E,0406,União das Freguesias de Constantim e Cicouro,all_territories_with_mainland_fixed_test,training,2,Training CV fold 3
040619,040619,PT11E,0406,União das Freguesias de Ifanes e Paradela,all_territories_with_mainland_fixed_test,training,2,Training CV fold 3
040620,040620,PT11E,0406,União das Freguesias de Sendim e Atenor,all_territories_with_mainland_fixed_test,training,2,Training CV fold 3
040621,040621,PT11E,0406,União das Freguesias de Silva e Águas Vivas,all_territories_with_mainland_fixed_test,training,2,Training CV fold 3
040701,040701,PT11E,0407,Abambres,all_territories_with_mainland_fixed_test,training,2,Training CV fold 3
040702,040702,PT11E,0407,Abreiro,all_territories_with_mainland_fixed_test,training,2,Training CV fold 3
040703,040703,PT11E,0407,Aguieiras,all_territories_with_mainland_fixed_test,training,2,Training CV fold 3
040704,040704,PT11E,0407,Alvites,all_territories_with_mainland_fixed_test,training,2,Training CV fold 3
040708,040708,PT11E,0407,Bouça,all_territories_with_mainland_fixed_test,training,2,Training CV fold 3
040709,040709,PT11E,0407,Cabanelas,all_territories_with_mainland_fixed_test,training,2,Training CV fold 3
040710,040710,PT11E,0407,Caravelas,all_territories_with_mainland_fixed_test,training,2,Training CV fold 3
040711,040711,PT11E,0407,Carvalhais,all_territories_with_mainland_fixed_test,training,2,Training CV fold 3
040712,040712,PT11E,0407,Cedães,all_territories_with_mainland_fixed_test,training,2,Training CV fold 3
040713,040713,PT11E,0407,Cobro,all_territories_with_mainland_fixed_test,training,2,Training CV fold 3
040714,040714,PT11E,0407,Fradizela,all_territories_with_mainland_fixed_test,training,2,Training CV fold 3
040716,040716,PT11E,0407,Frechas,all_territories_with_mainland_fixed_test,training,2,Training CV fold 3
040718,040718,PT11E,0407,Lamas de Orelhão,all_territories_with_mainland_fixed_test,training,2,Training CV fold 3
040720,040720,PT11E,0407,Mascarenhas,all_territories_with_mainland_fixed_test,training,2,Training CV fold 3
040721,040721,PT11E,0407,Mirandela,all_territories_with_mainland_fixed_test,training,2,Training CV fold 3
040722,040722,PT11E,0407,Múrias,all_territories_with_mainland_fixed_test,training,2,Training CV fold 3
040724,040724,PT11E,0407,Passos,all_territories_with_mainland_fixed_test,training,2,Training CV fold 3
040727,040727,PT11E,0407,São Pedro Velho,all_territories_with_mainland_fixed_test,training,2,Training CV fold 3
040728,040728,PT11E,0407,São Salvador,all_territories_with_mainland_fixed_test,training,2,Training CV fold 3
040729,040729,PT11E,0407,Suçães,all_territories_with_mainland_fixed_test,training,2,Training CV fold 3
040730,040730,PT11E,0407,Torre de Dona Chama,all_territories_with_mainland_fixed_test,training,2,Training CV fold 3
040731,040731,PT11E,0407,Vale de Asnes,all_territories_with_mainland_fixed_test,training,2,Training CV fold 3
040732,040732,PT11E,0407,Vale de Gouvinhas,all_territories_with_mainland_fixed_test,training,2,Training CV fold 3
040733,040733,PT11E,0407,Vale de Salgueiro,all_territories_with_mainland_fixed_test,training,2,Training CV fold 3
040734,040734,PT11E,0407,Vale de Telhas,all_territories_with_mainland_fixed_test,training,2,Training CV fold 3
040738,040738,PT11E,0407,União das Freguesias de Avantos e Romeu,all_territories_with_mainland_fixed_test,training,2,Training CV fold 3
040739,040739,PT11E,0407,"União das Freguesias de Avidagos, Navalho e Pereira",all_territories_with_mainland_fixed_test,training,2,Training CV fold 3
040740,040740,PT11E,0407,"União das Freguesias de Barcel, Marmelos e Valverde da Gestosa",all_territories_with_mainland_fixed_test,training,2,Training CV fold 3
040741,040741,PT11E,0407,União das Freguesias de Franco e Vila Boa,all_territories_with_mainland_fixed_test,training,2,Training CV fold 3
040742,040742,PT11E,0407,União das Freguesias de Freixeda e Vila Verde,all_territories_with_mainland_fixed_test,training,2,Training CV fold 3
040801,040801,PT11E,0408,Azinhoso,all_territories_with_mainland_fixed_test,training,2,Training CV fold 3
040802,040802,PT11E,0408,Bemposta,all_territories_with_mainland_fixed_test,training,2,Training CV fold 3
040803,040803,PT11E,0408,Bruçó,all_territories_with_mainland_fixed_test,training,2,Training CV fold 3
040804,040804,PT11E,0408,Brunhoso,all_territories_with_mainland_fixed_test,training,2,Training CV fold 3
040807,040807,PT11E,0408,Castelo Branco,all_territories_with_mainland_fixed_test,training,2,Training CV fold 3
040808,040808,PT11E,0408,Castro Vicente,all_territories_with_mainland_fixed_test,training,2,Training CV fold 3
040809,040809,PT11E,0408,Meirinhos,all_territories_with_mainland_fixed_test,training,2,Training CV fold 3
040811,040811,PT11E,0408,Paradela,all_territories_with_mainland_fixed_test,training,2,Training CV fold 3
040812,040812,PT11E,0408,Penas Roias,all_territories_with_mainland_fixed_test,training,2,Training CV fold 3
040813,040813,PT11E,0408,Peredo da Bemposta,all_territories_with_mainland_fixed_test,training,2,Training CV fold 3
040815,040815,PT11E,0408,Saldanha,all_territories_with_mainland_fixed_test,training,2,Training CV fold 3
040817,040817,PT11E,0408,São Martinho do Peso,all_territories_with_mainland_fixed_test,training,2,Training CV fold 3
040819,040819,PT11E,0408,Tó,all_territories_with_mainland_fixed_test,training,2,Training CV fold 3
040820,040820,PT11E,0408,Travanca,all_territories_with_mainland_fixed_test,training,2,Training CV fold 3
040821,040821,PT11E,0408,Urrós,all_territories_with_mainland_fixed_test,training,2,Training CV fold 3
040822,040822,PT11E,0408,Vale da Madre,all_territories_with_mainland_fixed_test,training,2,Training CV fold 3
040826,040826,PT11E,0408,Vila de Ala,all_territories_with_mainland_fixed_test,training,2,Training CV fold 3
040829,040829,PT11E,0408,"União das Freguesias de Brunozinho, Castanheira e Sanoane",all_territories_with_mainland_fixed_test,training,2,Training CV fold 3
040830,040830,PT11E,0408,"União das Freguesias de Mogadouro, Valverde, Vale de Porco e Vilar de Rei",all_territories_with_mainland_fixed_test,training,2,Training CV fold 3
040831,040831,PT11E,0408,União das Freguesias de Romondes e Soutelo,all_territories_with_mainland_fixed_test,training,2,Training CV fold 3
040832,040832,PT11E,0408,União das Freguesias de Vilarinhos dos Galegos e Ventozelo,all_territories_with_mainland_fixed_test,training,2,Training CV fold 3
040901,040901,PT11D,0409,Açoreira,all_territories_with_mainland_fixed_test,training,0,Training CV fold 1
040903,040903,PT11D,0409,Cabeça Boa,all_territories_with_mainland_fixed_test,training,0,Training CV fold 1
040905,040905,PT11D,0409,Carviçais,all_territories_with_mainland_fixed_test,training,0,Training CV fold 1
040906,040906,PT11D,0409,Castedo,all_territories_with_mainland_fixed_test,training,0,Training CV fold 1
040909,040909,PT11D,0409,Horta da Vilariça,all_territories_with_mainland_fixed_test,training,0,Training CV fold 1
040910,040910,PT11D,0409,Larinho,all_territories_with_mainland_fixed_test,training,0,Training CV fold 1
040911,040911,PT11D,0409,Lousa,all_territories_with_mainland_fixed_test,training,0,Training CV fold 1
040913,040913,PT11D,0409,Mós,all_territories_with_mainland_fixed_test,training,0,Training CV fold 1
040916,040916,PT11D,0409,Torre de Moncorvo,all_territories_with_mainland_fixed_test,training,0,Training CV fold 1
040918,040918,PT11D,0409,União das Freguesias de Adeganha e Cardanha,all_territories_with_mainland_fixed_test,training,0,Training CV fold 1
040919,040919,PT11D,0409,União das Freguesias de Felgar e Souto da Velha,all_territories_with_mainland_fixed_test,training,0,Training CV fold 1
040920,040920,PT11D,0409,União das Freguesias de Felgueiras e Maçores,all_territories_with_mainland_fixed_test,training,0,Training CV fold 1
040921,040921,PT11D,0409,União das Freguesias de Urros e Peredos dos Castelhanos,all_territories_with_mainland_fixed_test,training,0,Training CV fold 1
041002,041002,PT11E,0410,Benlhevai,all_territories_with_mainland_fixed_test,training,2,Training CV fold 3
041005,041005,PT11E,0410,Freixiel,all_territories_with_mainland_fixed_test,training,2,Training CV fold 3
041009,041009,PT11E,0410,Roios,all_territories_with_mainland_fixed_test,training,2,Training CV fold 3
041010,041010,PT11E,0410,Samões,all_territories_with_mainland_fixed_test,training,2,Training CV fold 3
041011,041011,PT11E,0410,Sampaio,all_territories_with_mainland_fixed_test,training,2,Training CV fold 3
041012,041012,PT11E,0410,Santa Comba de Vilariça,all_territories_with_mainland_fixed_test,training,2,Training CV fold 3
041013,041013,PT11E,0410,Seixo de Manhoses,all_territories_with_mainland_fixed_test,training,2,Training CV fold 3
041014,041014,PT11E,0410,Trindade,all_territories_with_mainland_fixed_test,training,2,Training CV fold 3
041015,041015,PT11E,0410,Vale Frechoso,all_territories_with_mainland_fixed_test,training,2,Training CV fold 3
041020,041020,PT11E,0410,União das Freguesias de Assares e Lodões,all_territories_with_mainland_fixed_test,training,2,Training CV fold 3
041021,041021,PT11E,0410,União das Freguesias de Candoso e Carvalho de Egas,all_territories_with_mainland_fixed_test,training,2,Training CV fold 3
041022,041022,PT11E,0410,União das Freguesias de Valtorno e Mourão,all_territories_with_mainland_fixed_test,training,2,Training CV fold 3
041023,041023,PT11E,0410,União das Freguesias de Vila Flor e Nabo,all_territories_with_mainland_fixed_test,training,2,Training CV fold 3
041024,041024,PT11E,0410,União das Freguesias de Vilas Boas e Vilarinho das Azenhas,all_territories_with_mainland_fixed_test,training,2,Training CV fold 3
041103,041103,PT11E,0411,Argozelo,all_territories_with_mainland_fixed_test,training,2,Training CV fold 3
041107,041107,PT11E,0411,Carção,all_territories_with_mainland_fixed_test,training,2,Training CV fold 3
041108,041108,PT11E,0411,Matela,all_territories_with_mainland_fixed_test,training,2,Training CV fold 3
041109,041109,PT11E,0411,Pinelo,all_territories_with_mainland_fixed_test,training,2,Training CV fold 3
041110,041110,PT11E,0411,Santulhão,all_territories_with_mainland_fixed_test,training,2,Training CV fold 3
041113,041113,PT11E,0411,Vilar Seco,all_territories_with_mainland_fixed_test,training,2,Training CV fold 3
041114,041114,PT11E,0411,Vimioso,all_territories_with_mainland_fixed_test,training,2,Training CV fold 3
041115,041115,PT11E,0411,"União das Freguesias de Algoso, Campo de Víboras e Uva",all_territories_with_mainland_fixed_test,training,2,Training CV fold 3
041116,041116,PT11E,0411,União das Freguesias de Caçarelhos e Angueira,all_territories_with_mainland_fixed_test,training,2,Training CV fold 3
041117,041117,PT11E,0411,União das Freguesias de Vale de Frades e Avelanoso,all_territories_with_mainland_fixed_test,training,2,Training CV fold 3
041201,041201,PT11E,0412,Agrochão,all_territories_with_mainland_fixed_test,training,2,Training CV fold 3
041203,041203,PT11E,0412,Candedo,all_territories_with_mainland_fixed_test,training,2,Training CV fold 3
041204,041204,PT11E,0412,Celas,all_territories_with_mainland_fixed_test,training,2,Training CV fold 3
041206,041206,PT11E,0412,Edral,all_territories_with_mainland_fixed_test,training,2,Training CV fold 3
041207,041207,PT11E,0412,Edrosa,all_territories_with_mainland_fixed_test,training,2,Training CV fold 3
041208,041208,PT11E,0412,Ervedosa,all_territories_with_mainland_fixed_test,training,2,Training CV fold 3
041215,041215,PT11E,0412,Paçó,all_territories_with_mainland_fixed_test,training,2,Training CV fold 3
041216,041216,PT11E,0412,Penhas Juntas,all_territories_with_mainland_fixed_test,training,2,Training CV fold 3
041219,041219,PT11E,0412,Rebordelo,all_territories_with_mainland_fixed_test,training,2,Training CV fold 3
041221,041221,PT11E,0412,Santalha,all_territories_with_mainland_fixed_test,training,2,Training CV fold 3
041226,041226,PT11E,0412,Tuizelo,all_territories_with_mainland_fixed_test,training,2,Training CV fold 3
041227,041227,PT11E,0412,Vale das Fontes,all_territories_with_mainland_fixed_test,training,2,Training CV fold 3
041229,041229,PT11E,0412,Vila Boa de Ousilhão,all_territories_with_mainland_fixed_test,training,2,Training CV fold 3
041230,041230,PT11E,0412,Vila Verde,all_territories_with_mainland_fixed_test,training,2,Training CV fold 3
041232,041232,PT11E,0412,Vilar de Ossos,all_territories_with_mainland_fixed_test,training,2,Training CV fold 3
041233,041233,PT11E,0412,Vilar de Peregrinos,all_territories_with_mainland_fixed_test,training,2,Training CV fold 3
041234,041234,PT11E,0412,Vilar Seco de Lomba,all_territories_with_mainland_fixed_test,training,2,Training CV fold 3
041235,041235,PT11E,0412,Vinhais,all_territories_with_mainland_fixed_test,training,2,Training CV fold 3
041236,041236,PT11E,0412,União das Freguesias de Curopos e Vale de Janeiro,all_territories_with_mainland_fixed_test,training,2,Training CV fold 3
041237,041237,PT11E,0412,União das Freguesias de Moimenta e Montouto,all_territories_with_mainland_fixed_test,training,2,Training CV fold 3
041238,041238,PT11E,0412,União das Freguesias de Nunes e Ousilhão,all_territories_with_mainland_fixed_test,training,2,Training CV fold 3
041239,041239,PT11E,0412,União das Freguesias de Quirás e Pinheiro Novo,all_territories_with_mainland_fixed_test,training,2,Training CV fold 3
041240,041240,PT11E,0412,União das Freguesias de Sobreiró de Baixo e Alvaredos,all_territories_with_mainland_fixed_test,training,2,Training CV fold 3
041241,041241,PT11E,0412,"União das Freguesias de Soeira, Fresulfe e Mofreita",all_territories_with_mainland_fixed_test,training,2,Training CV fold 3
041242,041242,PT11E,0412,União das Freguesias de Travanca e Santa Cruz,all_territories_with_mainland_fixed_test,training,2,Training CV fold 3
041243,041243,PT11E,0412,União das Freguesias de Vilar de Lomba e São Jomil,all_territories_with_mainland_fixed_test,training,2,Training CV fold 3
050102,050102,PT16J,0501,Caria,all_territories_with_mainland_fixed_test,fixed_test,,Fixed test
050104,050104,PT16J,0501,Inguias,all_territories_with_mainland_fixed_test,fixed_test,,Fixed test
050105,050105,PT16J,0501,Maçainhas,all_territories_with_mainland_fixed_test,fixed_test,,Fixed test
050106,050106,PT16J,0501,União das Freguesias de Belmonte e Colmeal da Torre,all_territories_with_mainland_fixed_test,fixed_test,,Fixed test
050201,050201,PT16H,0502,Alcains,all_territories_with_mainland_fixed_test,training,4,Training CV fold 5
050202,050202,PT16H,0502,Almaceda,all_territories_with_mainland_fixed_test,training,4,Training CV fold 5
050203,050203,PT16H,0502,Benquerenças,all_territories_with_mainland_fixed_test,training,4,Training CV fold 5
050205,050205,PT16H,0502,Castelo Branco,all_territories_with_mainland_fixed_test,training,4,Training CV fold 5
050211,050211,PT16H,0502,Lardosa,all_territories_with_mainland_fixed_test,training,4,Training CV fold 5
050212,050212,PT16H,0502,Louriçal do Campo,all_territories_with_mainland_fixed_test,training,4,Training CV fold 5
050214,050214,PT16H,0502,Malpica do Tejo,all_territories_with_mainland_fixed_test,training,4,Training CV fold 5
050216,050216,PT16H,0502,Monforte da Beira,all_territories_with_mainland_fixed_test,training,4,Training CV fold 5
050220,050220,PT16H,0502,Salgueiro do Campo,all_territories_with_mainland_fixed_test,training,4,Training CV fold 5
050221,050221,PT16H,0502,Santo André das Tojeiras,all_territories_with_mainland_fixed_test,training,4,Training CV fold 5
050222,050222,PT16H,0502,São Vicente da Beira,all_territories_with_mainland_fixed_test,training,4,Training CV fold 5
050223,050223,PT16H,0502,Sarzedas,all_territories_with_mainland_fixed_test,training,4,Training CV fold 5
050225,050225,PT16H,0502,Tinalhas,all_territories_with_mainland_fixed_test,training,4,Training CV fold 5
050226,050226,PT16H,0502,União das Freguesias de Cebolais de Cima e Retaxo,all_territories_with_mainland_fixed_test,training,4,Training CV fold 5
050227,050227,PT16H,0502,União das Freguesias de Escalos de Baixo e Mata,all_territories_with_mainland_fixed_test,training,4,Training CV fold 5
050228,050228,PT16H,0502,União das Freguesias de Escalo de Cima e Lousa,all_territories_with_mainland_fixed_test,training,4,Training CV fold 5
050229,050229,PT16H,0502,União das Freguesias de Freixial e Juncal do Campo,all_territories_with_mainland_fixed_test,training,4,Training CV fold 5
050230,050230,PT16H,0502,União das Freguesias de Ninho de Açor e Sobral de Campo,all_territories_with_mainland_fixed_test,training,4,Training CV fold 5
050231,050231,PT16H,0502,União das Freguesias de Póvoa de Rio de Moinhos e Cafede,all_territories_with_mainland_fixed_test,training,4,Training CV fold 5
050302,050302,PT16J,0503,Aldeia de São Francisco de Assis,all_territories_with_mainland_fixed_test,fixed_test,,Fixed test
050305,050305,PT16J,0503,Boidobra,all_territories_with_mainland_fixed_test,fixed_test,,Fixed test
050308,050308,PT16J,0503,Cortes do Meio,all_territories_with_mainland_fixed_test,fixed_test,,Fixed test
050309,050309,PT16J,0503,Dominguizo,all_territories_with_mainland_fixed_test,fixed_test,,Fixed test
050310,050310,PT16J,0503,Erada,all_territories_with_mainland_fixed_test,fixed_test,,Fixed test
050311,050311,PT16J,0503,Ferro,all_territories_with_mainland_fixed_test,fixed_test,,Fixed test
050312,050312,PT16J,0503,Orjais,all_territories_with_mainland_fixed_test,fixed_test,,Fixed test
050314,050314,PT16J,0503,Paul,all_territories_with_mainland_fixed_test,fixed_test,,Fixed test
050315,050315,PT16J,0503,Peraboa,all_territories_with_mainland_fixed_test,fixed_test,,Fixed test
050318,050318,PT16J,0503,São Jorge da Beira,all_territories_with_mainland_fixed_test,fixed_test,,Fixed test
050322,050322,PT16J,0503,Sobral de São Miguel,all_territories_with_mainland_fixed_test,fixed_test,,Fixed test
050324,050324,PT16J,0503,Tortosendo,all_territories_with_mainland_fixed_test,fixed_test,,Fixed test
050325,050325,PT16J,0503,Unhais da Serra,all_territories_with_mainland_fixed_test,fixed_test,,Fixed test
050327,050327,PT16J,0503,Verdelhos,all_territories_with_mainland_fixed_test,fixed_test,,Fixed test
050332,050332,PT16J,0503,União das Freguesias de Barco e Coutada,all_territories_with_mainland_fixed_test,fixed_test,,Fixed test
050333,050333,PT16J,0503,União das Freguesias de Cantar-Galo e Vila do Carvalho,all_territories_with_mainland_fixed_test,fixed_test,,Fixed test
050334,050334,PT16J,0503,União das Freguesias de Casegas e Ourondo,all_territories_with_mainland_fixed_test,fixed_test,,Fixed test
050335,050335,PT16J,0503,União das Freguesias de Covilhã e Canhoso,all_territories_with_mainland_fixed_test,fixed_test,,Fixed test
050336,050336,PT16J,0503,União das Freguesias de Peso e Vales do Rio,all_territories_with_mainland_fixed_test,fixed_test,,Fixed test
050337,050337,PT16J,0503,União das Freguesias de Teixoso e Sarzedo,all_territories_with_mainland_fixed_test,fixed_test,,Fixed test
050338,050338,PT16J,0503,União das Freguesias de Vale Formoso e Aldeia do Souto,all_territories_with_mainland_fixed_test,fixed_test,,Fixed test
050401,050401,PT16J,0504,Alcaide,all_territories_with_mainland_fixed_test,fixed_test,,Fixed test
050402,050402,PT16J,0504,Alcaria,all_territories_with_mainland_fixed_test,fixed_test,,Fixed test
050403,050403,PT16J,0504,Alcongosta,all_territories_with_mainland_fixed_test,fixed_test,,Fixed test
050406,050406,PT16J,0504,Alpedrinha,all_territories_with_mainland_fixed_test,fixed_test,,Fixed test
050408,050408,PT16J,0504,Barroca,all_territories_with_mainland_fixed_test,fixed_test,,Fixed test
050410,050410,PT16J,0504,Bogas de Cima,all_territories_with_mainland_fixed_test,fixed_test,,Fixed test
050411,050411,PT16J,0504,Capinha,all_territories_with_mainland_fixed_test,fixed_test,,Fixed test
050412,050412,PT16J,0504,Castelejo,all_territories_with_mainland_fixed_test,fixed_test,,Fixed test
050413,050413,PT16J,0504,Castelo Novo,all_territories_with_mainland_fixed_test,fixed_test,,Fixed test
050416,050416,PT16J,0504,Fatela,all_territories_with_mainland_fixed_test,fixed_test,,Fixed test
050419,050419,PT16J,0504,Lavacolhos,all_territories_with_mainland_fixed_test,fixed_test,,Fixed test
050420,050420,PT16J,0504,Orca,all_territories_with_mainland_fixed_test,fixed_test,,Fixed test
050421,050421,PT16J,0504,Pêro Viseu,all_territories_with_mainland_fixed_test,fixed_test,,Fixed test
050424,050424,PT16J,0504,Silvares,all_territories_with_mainland_fixed_test,fixed_test,,Fixed test
050425,050425,PT16J,0504,Soalheira,all_territories_with_mainland_fixed_test,fixed_test,,Fixed test
050426,050426,PT16J,0504,Souto da Casa,all_territories_with_mainland_fixed_test,fixed_test,,Fixed test
050427,050427,PT16J,0504,Telhado,all_territories_with_mainland_fixed_test,fixed_test,,Fixed test
050431,050431,PT16J,0504,Enxames,all_territories_with_mainland_fixed_test,fixed_test,,Fixed test
050432,050432,PT16J,0504,Três Povos,all_territories_with_mainland_fixed_test,fixed_test,,Fixed test
050433,050433,PT16J,0504,União das Freguesias de Janeiro de Cima e Bogas de Baixo,all_territories_with_mainland_fixed_test,fixed_test,,Fixed test
050434,050434,PT16J,0504,"União das Freguesias de Fundão, Valverde, Donas, Aldeia de Joanes e Aldeia Nova do Cabo",all_territories_with_mainland_fixed_test,fixed_test,,Fixed test
050435,050435,PT16J,0504,União das Freguesias de Póvoa da Atalaia e Atalaia do Campo,all_territories_with_mainland_fixed_test,fixed_test,,Fixed test
050436,050436,PT16J,0504,União das Freguesias de Vale de Prazeres e Mata da Rainha,all_territories_with_mainland_fixed_test,fixed_test,,Fixed test
050502,050502,PT16H,0505,Aldeia de Santa Margarida,all_territories_with_mainland_fixed_test,training,4,Training CV fold 5
050505,050505,PT16H,0505,Ladoeiro,all_territories_with_mainland_fixed_test,training,4,Training CV fold 5
050506,050506,PT16H,0505,Medelim,all_territories_with_mainland_fixed_test,training,4,Training CV fold 5
050509,050509,PT16H,0505,Oledo,all_territories_with_mainland_fixed_test,training,4,Training CV fold 5
050510,050510,PT16H,0505,Penha Garcia,all_territories_with_mainland_fixed_test,training,4,Training CV fold 5
050511,050511,PT16H,0505,Proença-a-Velha,all_territories_with_mainland_fixed_test,training,4,Training CV fold 5
050512,050512,PT16H,0505,Rosmaninhal,all_territories_with_mainland_fixed_test,training,4,Training CV fold 5
050514,050514,PT16H,0505,São Miguel de Acha,all_territories_with_mainland_fixed_test,training,4,Training CV fold 5
050516,050516,PT16H,0505,Toulões,all_territories_with_mainland_fixed_test,training,4,Training CV fold 5
050518,050518,PT16H,0505,União das Freguesias de Idanha-a-Nova e Alcafozes,all_territories_with_mainland_fixed_test,training,4,Training CV fold 5
050519,050519,PT16H,0505,União das Freguesias de Monfortinho e Salvaterra do Extremo,all_territories_with_mainland_fixed_test,training,4,Training CV fold 5
050520,050520,PT16H,0505,União das Freguesias de Monsanto e Idanha-a-Velha,all_territories_with_mainland_fixed_test,training,4,Training CV fold 5
050521,050521,PT16H,0505,União das Freguesias de Zebreira e Segura,all_territories_with_mainland_fixed_test,training,4,Training CV fold 5
050601,050601,PT16H,0506,Álvaro,all_territories_with_mainland_fixed_test,training,4,Training CV fold 5
050603,050603,PT16H,0506,Cambas,all_territories_with_mainland_fixed_test,training,4,Training CV fold 5
050605,050605,PT16H,0506,Isna,all_territories_with_mainland_fixed_test,training,4,Training CV fold 5
050606,050606,PT16H,0506,Madeirã,all_territories_with_mainland_fixed_test,training,4,Training CV fold 5
050607,050607,PT16H,0506,Mosteiro,all_territories_with_mainland_fixed_test,training,4,Training CV fold 5
050609,050609,PT16H,0506,Orvalho,all_territories_with_mainland_fixed_test,training,4,Training CV fold 5
050610,050610,PT16H,0506,Sarnadas de São Simão,all_territories_with_mainland_fixed_test,training,4,Training CV fold 5
050611,050611,PT16H,0506,Sobral,all_territories_with_mainland_fixed_test,training,4,Training CV fold 5
050613,050613,PT16H,0506,Estreito-Vilar Barroco,all_territories_with_mainland_fixed_test,training,4,Training CV fold 5
050614,050614,PT16H,0506,Oleiros-Amieira,all_territories_with_mainland_fixed_test,training,4,Training CV fold 5
050704,050704,PT16H,0507,Aranhas,all_territories_with_mainland_fixed_test,training,4,Training CV fold 5
050706,050706,PT16H,0507,Benquerença,all_territories_with_mainland_fixed_test,training,4,Training CV fold 5
050707,050707,PT16H,0507,Meimão,all_territories_with_mainland_fixed_test,training,4,Training CV fold 5
050708,050708,PT16H,0507,Meimoa,all_territories_with_mainland_fixed_test,training,4,Training CV fold 5
050710,050710,PT16H,0507,Penamacor,all_territories_with_mainland_fixed_test,training,4,Training CV fold 5
050711,050711,PT16H,0507,Salvador,all_territories_with_mainland_fixed_test,training,4,Training CV fold 5
050712,050712,PT16H,0507,Vale da Senhora da Póvoa,all_territories_with_mainland_fixed_test,training,4,Training CV fold 5
050713,050713,PT16H,0507,"União das Freguesias de Aldeia do Bispo, Águas e Aldeia de João Pires",all_territories_with_mainland_fixed_test,training,4,Training CV fold 5
050714,050714,PT16H,0507,União das Freguesias de Pedrogão de São Pedro e Bemposta,all_territories_with_mainland_fixed_test,training,4,Training CV fold 5
050802,050802,PT16H,0508,Montes da Senhora,all_territories_with_mainland_fixed_test,training,4,Training CV fold 5
050805,050805,PT16H,0508,São Pedro do Esteval,all_territories_with_mainland_fixed_test,training,4,Training CV fold 5
050807,050807,PT16H,0508,União das Freguesias de Proença-a-Nova e Peral,all_territories_with_mainland_fixed_test,training,4,Training CV fold 5
050808,050808,PT16H,0508,União das Freguesias de Sobreira Formosa e Alvito da Beira,all_territories_with_mainland_fixed_test,training,4,Training CV fold 5
050901,050901,PT16I,0509,Cabeçudo,all_territories_with_mainland_fixed_test,training,2,Training CV fold 3
050902,050902,PT16I,0509,Carvalhal,all_territories_with_mainland_fixed_test,training,2,Training CV fold 3
050903,050903,PT16I,0509,Castelo,all_territories_with_mainland_fixed_test,training,2,Training CV fold 3
050911,050911,PT16I,0509,Pedrógão Pequeno,all_territories_with_mainland_fixed_test,training,2,Training CV fold 3
050912,050912,PT16I,0509,Sertã,all_territories_with_mainland_fixed_test,training,2,Training CV fold 3
050913,050913,PT16I,0509,Troviscal,all_territories_with_mainland_fixed_test,training,2,Training CV fold 3
050914,050914,PT16I,0509,Várzea dos Cavaleiros,all_territories_with_mainland_fixed_test,training,2,Training CV fold 3
050915,050915,PT16I,0509,"União das Freguesias de Cernache do Bonjardim, Nesperal e Palhais",all_territories_with_mainland_fixed_test,training,2,Training CV fold 3
050916,050916,PT16I,0509,União das Freguesias de Cumeada e Marmeleiro,all_territories_with_mainland_fixed_test,training,2,Training CV fold 3
050917,050917,PT16I,0509,União das Freguesias de Ermida e Figueiredo,all_territories_with_mainland_fixed_test,training,2,Training CV fold 3
051001,051001,PT16I,0510,Fundada,all_territories_with_mainland_fixed_test,training,2,Training CV fold 3
051002,051002,PT16I,0510,São João do Peso,all_territories_with_mainland_fixed_test,training,2,Training CV fold 3
051003,051003,PT16I,0510,Vila de Rei,all_territories_with_mainland_fixed_test,training,2,Training CV fold 3
051101,051101,PT16H,0511,Fratel,all_territories_with_mainland_fixed_test,training,4,Training CV fold 5
051102,051102,PT16H,0511,Perais,all_territories_with_mainland_fixed_test,training,4,Training CV fold 5
051103,051103,PT16H,0511,Sarnadas de Ródão,all_territories_with_mainland_fixed_test,training,4,Training CV fold 5
051104,051104,PT16H,0511,Vila Velha de Ródão,all_territories_with_mainland_fixed_test,training,4,Training CV fold 5
060102,060102,PT16E,0601,Arganil,all_territories_with_mainland_fixed_test,training,3,Training CV fold 4
060104,060104,PT16E,0601,Benfeita,all_territories_with_mainland_fixed_test,training,3,Training CV fold 4
060105,060105,PT16E,0601,Celavisa,all_territories_with_mainland_fixed_test,training,3,Training CV fold 4
060109,060109,PT16E,0601,Folques,all_territories_with_mainland_fixed_test,training,3,Training CV fold 4
060111,060111,PT16E,0601,Piódão,all_territories_with_mainland_fixed_test,training,3,Training CV fold 4
060112,060112,PT16E,0601,Pomares,all_territories_with_mainland_fixed_test,training,3,Training CV fold 4
060113,060113,PT16E,0601,Pombeiro da Beira,all_territories_with_mainland_fixed_test,training,3,Training CV fold 4
060114,060114,PT16E,0601,São Martinho da Cortiça,all_territories_with_mainland_fixed_test,training,3,Training CV fold 4
060115,060115,PT16E,0601,Sarzedo,all_territories_with_mainland_fixed_test,training,3,Training CV fold 4
060116,060116,PT16E,0601,Secarias,all_territories_with_mainland_fixed_test,training,3,Training CV fold 4
060119,060119,PT16E,0601,União das Freguesias de Cepo e Teixeira,all_territories_with_mainland_fixed_test,training,3,Training CV fold 4
060120,060120,PT16E,0601,União das Freguesias de Cerdeira e Moura da Serra,all_territories_with_mainland_fixed_test,training,3,Training CV fold 4
060121,060121,PT16E,0601,União das Freguesias de Côja e Barril de Alva,all_territories_with_mainland_fixed_test,training,3,Training CV fold 4
060122,060122,PT16E,0601,União das Freguesias de Vila Cova de Alva e Anseriz,all_territories_with_mainland_fixed_test,training,3,Training CV fold 4
060201,060201,PT16E,0602,Ançã,all_territories_with_mainland_fixed_test,training,3,Training CV fold 4
060203,060203,PT16E,0602,Cadima,all_territories_with_mainland_fixed_test,training,3,Training CV fold 4
060205,060205,PT16E,0602,Cordinhã,all_territories_with_mainland_fixed_test,training,3,Training CV fold 4
060207,060207,PT16E,0602,Febres,all_territories_with_mainland_fixed_test,training,3,Training CV fold 4
060208,060208,PT16E,0602,Murtede,all_territories_with_mainland_fixed_test,training,3,Training CV fold 4
060209,060209,PT16E,0602,Ourentã,all_territories_with_mainland_fixed_test,training,3,Training CV fold 4
060214,060214,PT16E,0602,Tocha,all_territories_with_mainland_fixed_test,training,3,Training CV fold 4
060215,060215,PT16E,0602,São Caetano,all_territories_with_mainland_fixed_test,training,3,Training CV fold 4
060218,060218,PT16E,0602,Sanguinheira,all_territories_with_mainland_fixed_test,training,3,Training CV fold 4
060220,060220,PT16E,0602,União das Freguesias de Cantanhede e Pocariça,all_territories_with_mainland_fixed_test,training,3,Training CV fold 4
060221,060221,PT16E,0602,União das Freguesias de Covões e Camarneira,all_territories_with_mainland_fixed_test,training,3,Training CV fold 4
060222,060222,PT16E,0602,União das Freguesias de Portunhos e Outil,all_territories_with_mainland_fixed_test,training,3,Training CV fold 4
060223,060223,PT16E,0602,União das Freguesias de Sepins e Bolho,all_territories_with_mainland_fixed_test,training,3,Training CV fold 4
060224,060224,PT16E,0602,União das Freguesias de Vilamar e Corticeiro de Cima,all_territories_with_mainland_fixed_test,training,3,Training CV fold 4
060301,060301,PT16E,0603,Almalaguês,all_territories_with_mainland_fixed_test,training,3,Training CV fold 4
060309,060309,PT16E,0603,Brasfemes,all_territories_with_mainland_fixed_test,training,3,Training CV fold 4
060311,060311,PT16E,0603,Ceira,all_territories_with_mainland_fixed_test,training,3,Training CV fold 4
060312,060312,PT16E,0603,Cernache,all_territories_with_mainland_fixed_test,training,3,Training CV fold 4
060318,060318,PT16E,0603,Santo António dos Olivais,all_territories_with_mainland_fixed_test,training,3,Training CV fold 4
060320,060320,PT16E,0603,São João do Campo,all_territories_with_mainland_fixed_test,training,3,Training CV fold 4
060324,060324,PT16E,0603,São Silvestre,all_territories_with_mainland_fixed_test,training,3,Training CV fold 4
060329,060329,PT16E,0603,Torres do Mondego,all_territories_with_mainland_fixed_test,training,3,Training CV fold 4
060332,060332,PT16E,0603,União das Freguesias de Antuzede e Vil de Matos,all_territories_with_mainland_fixed_test,training,3,Training CV fold 4
060333,060333,PT16E,0603,União das Freguesias Assafarge e Antanhol,all_territories_with_mainland_fixed_test,training,3,Training CV fold 4
060334,060334,PT16E,0603,"União das Freguesias de Coimbra (Sé Nova, Santa Cruz, Almedina e São Bartolomeu)",all_territories_with_mainland_fixed_test,training,3,Training CV fold 4
060335,060335,PT16E,0603,União das Freguesias de Eiras e São Paulo de Frades,all_territories_with_mainland_fixed_test,training,3,Training CV fold 4
060336,060336,PT16E,0603,União das Freguesias de Santa Clara e Castelo Viegas,all_territories_with_mainland_fixed_test,training,3,Training CV fold 4
060337,060337,PT16E,0603,União das Freguesias de São Martinho de Árvore e Lamarosa,all_territories_with_mainland_fixed_test,training,3,Training CV fold 4
060338,060338,PT16E,0603,União das Freguesias de São Martinho do Bispo e Ribeira das Frades,all_territories_with_mainland_fixed_test,training,3,Training CV fold 4
060339,060339,PT16E,0603,União das Freguesias de Sousela e Botão,all_territories_with_mainland_fixed_test,training,3,Training CV fold 4
060340,060340,PT16E,0603,"União das Freguesias de Taveiro, Ameal e Arzila",all_territories_with_mainland_fixed_test,training,3,Training CV fold 4
060341,060341,PT16E,0603,União das Freguesias de Trouxemil e Torre de Vilela,all_territories_with_mainland_fixed_test,training,3,Training CV fold 4
060401,060401,PT16E,0604,Anobra,all_territories_with_mainland_fixed_test,training,3,Training CV fold 4
060406,060406,PT16E,0604,Ega,all_territories_with_mainland_fixed_test,training,3,Training CV fold 4
060407,060407,PT16E,0604,Furadouro,all_territories_with_mainland_fixed_test,training,3,Training CV fold 4
060410,060410,PT16E,0604,Zambujal,all_territories_with_mainland_fixed_test,training,3,Training CV fold 4
060411,060411,PT16E,0604,União das Freguesias de Condeixa-A-Velha e Condeixa-A-Nova,all_territories_with_mainland_fixed_test,training,3,Training CV fold 4
060412,060412,PT16E,0604,União das Freguesias de Sebal e Belide,all_territories_with_mainland_fixed_test,training,3,Training CV fold 4
060413,060413,PT16E,0604,União das Freguesias de Vila Seca e Bem da Fé,all_territories_with_mainland_fixed_test,training,3,Training CV fold 4
060502,060502,PT16E,0605,Alqueidão,all_territories_with_mainland_fixed_test,training,3,Training CV fold 4
060507,060507,PT16E,0605,Maiorca,all_territories_with_mainland_fixed_test,training,3,Training CV fold 4
060508,060508,PT16E,0605,Marinha das Ondas,all_territories_with_mainland_fixed_test,training,3,Training CV fold 4
060512,060512,PT16E,0605,Tavarede,all_territories_with_mainland_fixed_test,training,3,Training CV fold 4
060513,060513,PT16E,0605,Vila Verde,all_territories_with_mainland_fixed_test,training,3,Training CV fold 4
060514,060514,PT16E,0605,São Pedro,all_territories_with_mainland_fixed_test,training,3,Training CV fold 4
060515,060515,PT16E,0605,Bom Sucesso,all_territories_with_mainland_fixed_test,training,3,Training CV fold 4
060518,060518,PT16E,0605,Moinhos da Gândara,all_territories_with_mainland_fixed_test,training,3,Training CV fold 4
060519,060519,PT16E,0605,Alhadas,all_territories_with_mainland_fixed_test,training,3,Training CV fold 4
060520,060520,PT16E,0605,Buarcos e São Julião,all_territories_with_mainland_fixed_test,training,3,Training CV fold 4
060521,060521,PT16E,0605,Ferreira-a-Nova,all_territories_with_mainland_fixed_test,training,3,Training CV fold 4
060522,060522,PT16E,0605,Lavos,all_territories_with_mainland_fixed_test,training,3,Training CV fold 4
060523,060523,PT16E,0605,Paião,all_territories_with_mainland_fixed_test,training,3,Training CV fold 4
060524,060524,PT16E,0605,Quiaios,all_territories_with_mainland_fixed_test,training,3,Training CV fold 4
060601,060601,PT16E,0606,Alvares,all_territories_with_mainland_fixed_test,training,3,Training CV fold 4
060604,060604,PT16E,0606,Góis,all_territories_with_mainland_fixed_test,training,3,Training CV fold 4
060605,060605,PT16E,0606,Vila Nova de Ceira,all_territories_with_mainland_fixed_test,training,3,Training CV fold 4
060606,060606,PT16E,0606,União das Freguesias de Cadafaz e Colmeal,all_territories_with_mainland_fixed_test,training,3,Training CV fold 4
060704,060704,PT16E,0607,Serpins,all_territories_with_mainland_fixed_test,training,3,Training CV fold 4
060706,060706,PT16E,0607,Gândaras,all_territories_with_mainland_fixed_test,training,3,Training CV fold 4
060707,060707,PT16E,0607,União das Freguesias de Foz do Arouce e Casal de Ermio,all_territories_with_mainland_fixed_test,training,3,Training CV fold 4
060708,060708,PT16E,0607,União das Freguesias de Lousã e Vilarinho,all_territories_with_mainland_fixed_test,training,3,Training CV fold 4
060801,060801,PT16E,0608,Mira,all_territories_with_mainland_fixed_test,training,3,Training CV fold 4
060802,060802,PT16E,0608,Seixo,all_territories_with_mainland_fixed_test,training,3,Training CV fold 4
060803,060803,PT16E,0608,Carapelhos,all_territories_with_mainland_fixed_test,training,3,Training CV fold 4
060804,060804,PT16E,0608,Praia de Mira,all_territories_with_mainland_fixed_test,training,3,Training CV fold 4
060901,060901,PT16E,0609,Lamas,all_territories_with_mainland_fixed_test,training,3,Training CV fold 4
060902,060902,PT16E,0609,Miranda do Corvo,all_territories_with_mainland_fixed_test,training,3,Training CV fold 4
060905,060905,PT16E,0609,Vila Nova,all_territories_with_mainland_fixed_test,training,3,Training CV fold 4
060906,060906,PT16E,0609,União das Freguesias de Semide e Rio Vide,all_territories_with_mainland_fixed_test,training,3,Training CV fold 4
061002,061002,PT16E,0610,Arazede,all_territories_with_mainland_fixed_test,training,3,Training CV fold 4
061003,061003,PT16E,0610,Carapinheira,all_territories_with_mainland_fixed_test,training,3,Training CV fold 4
061005,061005,PT16E,0610,Liceia,all_territories_with_mainland_fixed_test,training,3,Training CV fold 4
061006,061006,PT16E,0610,Meãs do Campo,all_territories_with_mainland_fixed_test,training,3,Training CV fold 4
061008,061008,PT16E,0610,Pereira,all_territories_with_mainland_fixed_test,training,3,Training CV fold 4
061009,061009,PT16E,0610,Santo Varão,all_territories_with_mainland_fixed_test,training,3,Training CV fold 4
061010,061010,PT16E,0610,Seixo de Gatões,all_territories_with_mainland_fixed_test,training,3,Training CV fold 4
061011,061011,PT16E,0610,Tentúgal,all_territories_with_mainland_fixed_test,training,3,Training CV fold 4
061014,061014,PT16E,0610,Ereira,all_territories_with_mainland_fixed_test,training,3,Training CV fold 4
061015,061015,PT16E,0610,"União das Freguesias de Abrunheira, Verride e Vila Nova da Barca",all_territories_with_mainland_fixed_test,training,3,Training CV fold 4
061016,061016,PT16E,0610,União das Freguesias de Montemor-o-Velho e Gatões,all_territories_with_mainland_fixed_test,training,3,Training CV fold 4
061101,061101,PT16E,0611,Aldeia das Dez,all_territories_with_mainland_fixed_test,training,3,Training CV fold 4
061102,061102,PT16E,0611,Alvoco das Várzeas,all_territories_with_mainland_fixed_test,training,3,Training CV fold 4
061103,061103,PT16E,0611,Avô,all_territories_with_mainland_fixed_test,training,3,Training CV fold 4
061104,061104,PT16E,0611,Bobadela,all_territories_with_mainland_fixed_test,training,3,Training CV fold 4
061106,061106,PT16E,0611,Lagares,all_territories_with_mainland_fixed_test,training,3,Training CV fold 4
061109,061109,PT16E,0611,Lourosa,all_territories_with_mainland_fixed_test,training,3,Training CV fold 4
061110,061110,PT16E,0611,Meruge,all_territories_with_mainland_fixed_test,training,3,Training CV fold 4
061111,061111,PT16E,0611,Nogueira do Cravo,all_territories_with_mainland_fixed_test,training,3,Training CV fold 4
061115,061115,PT16E,0611,São Gião,all_territories_with_mainland_fixed_test,training,3,Training CV fold 4
061118,061118,PT16E,0611,Seixo da Beira,all_territories_with_mainland_fixed_test,training,3,Training CV fold 4
061119,061119,PT16E,0611,Travanca de Lagos,all_territories_with_mainland_fixed_test,training,3,Training CV fold 4
061122,061122,PT16E,0611,União das Freguesias de Ervedal e Vila Franca da Beira,all_territories_with_mainland_fixed_test,training,3,Training CV fold 4
061123,061123,PT16E,0611,União das Freguesias de Lagos da Beira e Lajeosa,all_territories_with_mainland_fixed_test,training,3,Training CV fold 4
061124,061124,PT16E,0611,União das Freguesias de Oliveira do Hospital e São Paio de Gramaços,all_territories_with_mainland_fixed_test,training,3,Training CV fold 4
061125,061125,PT16E,0611,União das Freguesias de Penalva de Alva e São Sebastião da Freira,all_territories_with_mainland_fixed_test,training,3,Training CV fold 4
061126,061126,PT16E,0611,União das Freguesias de Santa Ovaia e Vila Pouca da Beira,all_territories_with_mainland_fixed_test,training,3,Training CV fold 4
061201,061201,PT16E,0612,Cabril,all_territories_with_mainland_fixed_test,training,3,Training CV fold 4
061202,061202,PT16E,0612,Dornelas do Zêzere,all_territories_with_mainland_fixed_test,training,3,Training CV fold 4
061204,061204,PT16E,0612,Janeiro de Baixo,all_territories_with_mainland_fixed_test,training,3,Training CV fold 4
061206,061206,PT16E,0612,Pampilhosa da Serra,all_territories_with_mainland_fixed_test,training,3,Training CV fold 4
061207,061207,PT16E,0612,Pessegueiro,all_territories_with_mainland_fixed_test,training,3,Training CV fold 4
061209,061209,PT16E,0612,Unhais-o-Velho,all_territories_with_mainland_fixed_test,training,3,Training CV fold 4
061211,061211,PT16E,0612,Fajão-Vidual,all_territories_with_mainland_fixed_test,training,3,Training CV fold 4
061212,061212,PT16E,0612,Portela do Fojo-Machio,all_territories_with_mainland_fixed_test,training,3,Training CV fold 4
061301,061301,PT16E,0613,Carvalho,all_territories_with_mainland_fixed_test,training,3,Training CV fold 4
061302,061302,PT16E,0613,Figueira de Lorvão,all_territories_with_mainland_fixed_test,training,3,Training CV fold 4
061304,061304,PT16E,0613,Lorvão,all_territories_with_mainland_fixed_test,training,3,Training CV fold 4
061307,061307,PT16E,0613,Penacova,all_territories_with_mainland_fixed_test,training,3,Training CV fold 4
061310,061310,PT16E,0613,Sazes do Lorvão,all_territories_with_mainland_fixed_test,training,3,Training CV fold 4
061312,061312,PT16E,0613,União das Freguesias de Friúmes e Paradela,all_territories_with_mainland_fixed_test,training,3,Training CV fold 4
061313,061313,PT16E,0613,União das Freguesias de Oliveira de Mondego e Travanca do Mondego,all_territories_with_mainland_fixed_test,training,3,Training CV fold 4
061314,061314,PT16E,0613,União das Freguesias de São Pedro de Alva e São Paio de Mondego,all_territories_with_mainland_fixed_test,training,3,Training CV fold 4
061401,061401,PT16E,0614,Cumeeira,all_territories_with_mainland_fixed_test,training,3,Training CV fold 4
061402,061402,PT16E,0614,Espinhal,all_territories_with_mainland_fixed_test,training,3,Training CV fold 4
061403,061403,PT16E,0614,Podentes,all_territories_with_mainland_fixed_test,training,3,Training CV fold 4
061407,061407,PT16E,0614,"União das Freguesias de São Miguel, Santa Eufémia e Rabaçal",all_territories_with_mainland_fixed_test,training,3,Training CV fold 4
061501,061501,PT16E,0615,Alfarelos,all_territories_with_mainland_fixed_test,training,3,Training CV fold 4
061504,061504,PT16E,0615,Figueiró do Campo,all_territories_with_mainland_fixed_test,training,3,Training CV fold 4
061506,061506,PT16E,0615,Granja do Ulmeiro,all_territories_with_mainland_fixed_test,training,3,Training CV fold 4
061508,061508,PT16E,0615,Samuel,all_territories_with_mainland_fixed_test,training,3,Training CV fold 4
061509,061509,PT16E,0615,Soure,all_territories_with_mainland_fixed_test,training,3,Training CV fold 4
061510,061510,PT16E,0615,Tapéus,all_territories_with_mainland_fixed_test,training,3,Training CV fold 4
061511,061511,PT16E,0615,Vila Nova de Anços,all_territories_with_mainland_fixed_test,training,3,Training CV fold 4
061512,061512,PT16E,0615,Vinha da Rainha,all_territories_with_mainland_fixed_test,training,3,Training CV fold 4
061513,061513,PT16E,0615,União das Freguesias de Degracias e Pombalinho,all_territories_with_mainland_fixed_test,training,3,Training CV fold 4
061514,061514,PT16E,0615,União das Freguesias de Gesteira e Brunhós,all_territories_with_mainland_fixed_test,training,3,Training CV fold 4
061602,061602,PT16E,0616,Candosa,all_territories_with_mainland_fixed_test,training,3,Training CV fold 4
061603,061603,PT16E,0616,Carapinha,all_territories_with_mainland_fixed_test,training,3,Training CV fold 4
061608,061608,PT16E,0616,Midões,all_territories_with_mainland_fixed_test,training,3,Training CV fold 4
061609,061609,PT16E,0616,Mouronho,all_territories_with_mainland_fixed_test,training,3,Training CV fold 4
061611,061611,PT16E,0616,Póvoa de Midões,all_territories_with_mainland_fixed_test,training,3,Training CV fold 4
061612,061612,PT16E,0616,São João da Boa Vista,all_territories_with_mainland_fixed_test,training,3,Training CV fold 4
061614,061614,PT16E,0616,Tábua,all_territories_with_mainland_fixed_test,training,3,Training CV fold 4
061616,061616,PT16E,0616,União das Freguesias de Ázere e Covelo,all_territories_with_mainland_fixed_test,training,3,Training CV fold 4
061617,061617,PT16E,0616,União das Freguesias de Covas e Vila Nova de Oliveirinha,all_territories_with_mainland_fixed_test,training,3,Training CV fold 4
061618,061618,PT16E,0616,União das Freguesias de Espariz e Sinde,all_territories_with_mainland_fixed_test,training,3,Training CV fold 4
061619,061619,PT16E,0616,União da Freguesias de Pinheiro de Coja e Meda de Mouros,all_territories_with_mainland_fixed_test,training,3,Training CV fold 4
061701,061701,PT16E,0617,Arrifana,all_territories_with_mainland_fixed_test,training,3,Training CV fold 4
061702,061702,PT16E,0617,Lavegadas,all_territories_with_mainland_fixed_test,training,3,Training CV fold 4
061703,061703,PT16E,0617,Poiares (Santo André),all_territories_with_mainland_fixed_test,training,3,Training CV fold 4
061704,061704,PT16E,0617,São Miguel de Poiares,all_territories_with_mainland_fixed_test,training,3,Training CV fold 4
070103,070103,PT187,0701,Santiago Maior,all_territories_with_mainland_fixed_test,fixed_test,,Fixed test
070104,070104,PT187,0701,Capelins (Santo António),all_territories_with_mainland_fixed_test,fixed_test,,Fixed test
070105,070105,PT187,0701,Terena (São Pedro),all_territories_with_mainland_fixed_test,fixed_test,,Fixed test
070107,070107,PT187,0701,"União das Freguesias de Alandroal (Nossa Senhora da Conceição), São Brás dos Matos (Mina do Bugalho) e Juromenha (Nossa Senhora do Loreto)",all_territories_with_mainland_fixed_test,fixed_test,,Fixed test
070201,070201,PT187,0702,Arraiolos,all_territories_with_mainland_fixed_test,fixed_test,,Fixed test
070202,070202,PT187,0702,Igrejinha,all_territories_with_mainland_fixed_test,fixed_test,,Fixed test
070206,070206,PT187,0702,Vimieiro,all_territories_with_mainland_fixed_test,fixed_test,,Fixed test
070208,070208,PT187,0702,União das Freguesias de Gafanhoeira (São Pedro) e Sabugueiro,all_territories_with_mainland_fixed_test,fixed_test,,Fixed test
070209,070209,PT187,0702,União das Freguesias de São Gregório e Santa Justa,all_territories_with_mainland_fixed_test,fixed_test,,Fixed test
070301,070301,PT187,0703,Borba (Matriz),all_territories_with_mainland_fixed_test,fixed_test,,Fixed test
070302,070302,PT187,0703,Orada,all_territories_with_mainland_fixed_test,fixed_test,,Fixed test
070303,070303,PT187,0703,Rio de Moinhos,all_territories_with_mainland_fixed_test,fixed_test,,Fixed test
070304,070304,PT187,0703,Borba (São Bartolomeu),all_territories_with_mainland_fixed_test,fixed_test,,Fixed test
070401,070401,PT187,0704,Arcos,all_territories_with_mainland_fixed_test,fixed_test,,Fixed test
070402,070402,PT187,0704,Glória,all_territories_with_mainland_fixed_test,fixed_test,,Fixed test
070404,070404,PT187,0704,Évora Monte (Santa Maria),all_territories_with_mainland_fixed_test,fixed_test,,Fixed test
070411,070411,PT187,0704,São Domingos de Ana Loura,all_territories_with_mainland_fixed_test,fixed_test,,Fixed test
070413,070413,PT187,0704,Veiros,all_territories_with_mainland_fixed_test,fixed_test,,Fixed test
070414,070414,PT187,0704,União das Freguesias de Estremoz (Santa Maria e Santo André),all_territories_with_mainland_fixed_test,fixed_test,,Fixed test
070415,070415,PT187,0704,União das Freguesias de São Bento de Cortiço e São Estevão,all_territories_with_mainland_fixed_test,fixed_test,,Fixed test
070416,070416,PT187,0704,União das Freguesias de São Lourenço de Mamporcão e São Bento de Ana Loura,all_territories_with_mainland_fixed_test,fixed_test,,Fixed test
070417,070417,PT187,0704,União das Freguesias de Ameixial (Santa Vitória e São Bento),all_territories_with_mainland_fixed_test,fixed_test,,Fixed test
070502,070502,PT187,0705,Nossa Senhora da Graça do Divor,all_territories_with_mainland_fixed_test,fixed_test,,Fixed test
070503,070503,PT187,0705,Nossa Senhora de Machede,all_territories_with_mainland_fixed_test,fixed_test,,Fixed test
070506,070506,PT187,0705,São Bento do Mato,all_territories_with_mainland_fixed_test,fixed_test,,Fixed test
070509,070509,PT187,0705,São Miguel de Machede,all_territories_with_mainland_fixed_test,fixed_test,,Fixed test
070513,070513,PT187,0705,Torre de Coelheiros,all_territories_with_mainland_fixed_test,fixed_test,,Fixed test
070515,070515,PT187,0705,Canaviais,all_territories_with_mainland_fixed_test,fixed_test,,Fixed test
070522,070522,PT187,0705,União das Freguesias de Bacelo e Senhora da Saúde,all_territories_with_mainland_fixed_test,fixed_test,,Fixed test
070523,070523,PT187,0705,"União das Freguesias de Évora (São Mamede, Sé, São Pedro e Santo Antão)",all_territories_with_mainland_fixed_test,fixed_test,,Fixed test
070524,070524,PT187,0705,União das Freguesias de Malagueira e Horta das Figueiras,all_territories_with_mainland_fixed_test,fixed_test,,Fixed test
070525,070525,PT187,0705,União das Freguesias de Nossa Senhora da Tourega e Nossa Senhora de Guadalupe,all_territories_with_mainland_fixed_test,fixed_test,,Fixed test
070526,070526,PT187,0705,União das Freguesias de São Manços e São Vicente do Pigeiro,all_territories_with_mainland_fixed_test,fixed_test,,Fixed test
070527,070527,PT187,0705,União das Freguesias de São Sebastião da Giesteira e de Nossa Senhora da Boa Fé,all_territories_with_mainland_fixed_test,fixed_test,,Fixed test
070601,070601,PT187,0706,Cabrela,all_territories_with_mainland_fixed_test,fixed_test,,Fixed test
070605,070605,PT187,0706,Santiago do Escoural,all_territories_with_mainland_fixed_test,fixed_test,,Fixed test
070606,070606,PT187,0706,São Cristóvão,all_territories_with_mainland_fixed_test,fixed_test,,Fixed test
070607,070607,PT187,0706,Ciborro,all_territories_with_mainland_fixed_test,fixed_test,,Fixed test
070610,070610,PT187,0706,Foros de Vale de Figueira,all_territories_with_mainland_fixed_test,fixed_test,,Fixed test
070611,070611,PT187,0706,União das Freguesias de Cortiçadas de Lavre e Lavre,all_territories_with_mainland_fixed_test,fixed_test,,Fixed test
070612,070612,PT187,0706,"União das Freguesias de Nossa Senhora da Vila, Nossa Senhora do Bispo e Silveiras",all_territories_with_mainland_fixed_test,fixed_test,,Fixed test
070701,070701,PT187,0707,Brotas,all_territories_with_mainland_fixed_test,fixed_test,,Fixed test
070702,070702,PT187,0707,Cabeção,all_territories_with_mainland_fixed_test,fixed_test,,Fixed test
070703,070703,PT187,0707,Mora,all_territories_with_mainland_fixed_test,fixed_test,,Fixed test
070704,070704,PT187,0707,Pavia,all_territories_with_mainland_fixed_test,fixed_test,,Fixed test
070801,070801,PT187,0708,Granja,all_territories_with_mainland_fixed_test,fixed_test,,Fixed test
070802,070802,PT187,0708,Luz,all_territories_with_mainland_fixed_test,fixed_test,,Fixed test
070803,070803,PT187,0708,Mourão,all_territories_with_mainland_fixed_test,fixed_test,,Fixed test
070903,070903,PT187,0709,Monte do Trigo,all_territories_with_mainland_fixed_test,fixed_test,,Fixed test
070905,070905,PT187,0709,Portel,all_territories_with_mainland_fixed_test,fixed_test,,Fixed test
070906,070906,PT187,0709,Santana,all_territories_with_mainland_fixed_test,fixed_test,,Fixed test
070908,070908,PT187,0709,Vera Cruz,all_territories_with_mainland_fixed_test,fixed_test,,Fixed test
070909,070909,PT187,0709,União das Freguesias de Amieira e Alqueva,all_territories_with_mainland_fixed_test,fixed_test,,Fixed test
070910,070910,PT187,0709,União das Freguesias de São Bartolomeu de Outeiro e Oriola,all_territories_with_mainland_fixed_test,fixed_test,,Fixed test
071001,071001,PT187,0710,Montoito,all_territories_with_mainland_fixed_test,fixed_test,,Fixed test
071002,071002,PT187,0710,Redondo,all_territories_with_mainland_fixed_test,fixed_test,,Fixed test
071102,071102,PT187,0711,Corval,all_territories_with_mainland_fixed_test,fixed_test,,Fixed test
071103,071103,PT187,0711,Monsaraz,all_territories_with_mainland_fixed_test,fixed_test,,Fixed test
071104,071104,PT187,0711,Reguengos de Monsaraz,all_territories_with_mainland_fixed_test,fixed_test,,Fixed test
071106,071106,PT187,0711,União das Freguesias de Campo e Campinho,all_territories_with_mainland_fixed_test,fixed_test,,Fixed test
071201,071201,PT187,0712,Vendas Novas,all_territories_with_mainland_fixed_test,fixed_test,,Fixed test
071202,071202,PT187,0712,Landeira,all_territories_with_mainland_fixed_test,fixed_test,,Fixed test
071301,071301,PT187,0713,Alcáçovas,all_territories_with_mainland_fixed_test,fixed_test,,Fixed test
071302,071302,PT187,0713,Viana do Alentejo,all_territories_with_mainland_fixed_test,fixed_test,,Fixed test
071303,071303,PT187,0713,Aguiar,all_territories_with_mainland_fixed_test,fixed_test,,Fixed test
071401,071401,PT187,0714,Bencatel,all_territories_with_mainland_fixed_test,fixed_test,,Fixed test
071402,071402,PT187,0714,Ciladas,all_territories_with_mainland_fixed_test,fixed_test,,Fixed test
071404,071404,PT187,0714,Pardais,all_territories_with_mainland_fixed_test,fixed_test,,Fixed test
071406,071406,PT187,0714,Nossa Senhora da Conceição e São Bartolomeu,all_territories_with_mainland_fixed_test,fixed_test,,Fixed test
080102,080102,PT150,0801,Guia,all_territories_with_mainland_fixed_test,training,4,Training CV fold 5
080103,080103,PT150,0801,Paderne,all_territories_with_mainland_fixed_test,training,4,Training CV fold 5
080104,080104,PT150,0801,Ferreiras,all_territories_with_mainland_fixed_test,training,4,Training CV fold 5
080106,080106,PT150,0801,Albufeira e Olhos de Água,all_territories_with_mainland_fixed_test,training,4,Training CV fold 5
080202,080202,PT150,0802,Giões,all_territories_with_mainland_fixed_test,training,4,Training CV fold 5
080203,080203,PT150,0802,Martim Longo,all_territories_with_mainland_fixed_test,training,4,Training CV fold 5
080205,080205,PT150,0802,Vaqueiros,all_territories_with_mainland_fixed_test,training,4,Training CV fold 5
080206,080206,PT150,0802,União das Freguesias de Alcoutim e Pereiro,all_territories_with_mainland_fixed_test,training,4,Training CV fold 5
080301,080301,PT150,0803,Aljezur,all_territories_with_mainland_fixed_test,training,4,Training CV fold 5
080302,080302,PT150,0803,Bordeira,all_territories_with_mainland_fixed_test,training,4,Training CV fold 5
080303,080303,PT150,0803,Odeceixe,all_territories_with_mainland_fixed_test,training,4,Training CV fold 5
080304,080304,PT150,0803,Rogil,all_territories_with_mainland_fixed_test,training,4,Training CV fold 5
080401,080401,PT150,0804,Azinhal,all_territories_with_mainland_fixed_test,training,4,Training CV fold 5
080402,080402,PT150,0804,Castro Marim,all_territories_with_mainland_fixed_test,training,4,Training CV fold 5
080403,080403,PT150,0804,Odeleite,all_territories_with_mainland_fixed_test,training,4,Training CV fold 5
080404,080404,PT150,0804,Altura,all_territories_with_mainland_fixed_test,training,4,Training CV fold 5
080503,080503,PT150,0805,Santa Bárbara de Nexe,all_territories_with_mainland_fixed_test,training,4,Training CV fold 5
080506,080506,PT150,0805,Montenegro,all_territories_with_mainland_fixed_test,training,4,Training CV fold 5
080507,080507,PT150,0805,União das Freguesias de Conceição e Estoi,all_territories_with_mainland_fixed_test,training,4,Training CV fold 5
080508,080508,PT150,0805,União das Freguesias de Faro (Sé e São Pedro),all_territories_with_mainland_fixed_test,training,4,Training CV fold 5
080602,080602,PT150,0806,Ferragudo,all_territories_with_mainland_fixed_test,training,4,Training CV fold 5
080604,080604,PT150,0806,Porches,all_territories_with_mainland_fixed_test,training,4,Training CV fold 5
080607,080607,PT150,0806,União das Freguesias de estômbar e Parchal,all_territories_with_mainland_fixed_test,training,4,Training CV fold 5
080608,080608,PT150,0806,União das Freguesias de Lagoa e Carvoeiro,all_territories_with_mainland_fixed_test,training,4,Training CV fold 5
080703,080703,PT150,0807,Luz,all_territories_with_mainland_fixed_test,training,4,Training CV fold 5
080704,080704,PT150,0807,Odiáxere,all_territories_with_mainland_fixed_test,training,4,Training CV fold 5
080707,080707,PT150,0807,União das Freguesias de Barão de São João e Bensafrim,all_territories_with_mainland_fixed_test,training,4,Training CV fold 5
080708,080708,PT150,0807,União das Freguesias de São Sebastião e Santa Maria,all_territories_with_mainland_fixed_test,training,4,Training CV fold 5
080801,080801,PT150,0808,Almancil,all_territories_with_mainland_fixed_test,training,4,Training CV fold 5
080802,080802,PT150,0808,Alte,all_territories_with_mainland_fixed_test,training,4,Training CV fold 5
080803,080803,PT150,0808,Ameixial,all_territories_with_mainland_fixed_test,training,4,Training CV fold 5
080804,080804,PT150,0808,Boliqueime,all_territories_with_mainland_fixed_test,training,4,Training CV fold 5
080805,080805,PT150,0808,Quarteira,all_territories_with_mainland_fixed_test,training,4,Training CV fold 5
080807,080807,PT150,0808,Salir,all_territories_with_mainland_fixed_test,training,4,Training CV fold 5
080808,080808,PT150,0808,Loulé (São Clemente),all_territories_with_mainland_fixed_test,training,4,Training CV fold 5
080809,080809,PT150,0808,Loulé (São Sebastião),all_territories_with_mainland_fixed_test,training,4,Training CV fold 5
080812,080812,PT150,0808,"União das Freguesias de Querença, Tôr e Benafim",all_territories_with_mainland_fixed_test,training,4,Training CV fold 5
080901,080901,PT150,0809,Alferce,all_territories_with_mainland_fixed_test,training,4,Training CV fold 5
080902,080902,PT150,0809,Marmelete,all_territories_with_mainland_fixed_test,training,4,Training CV fold 5
080903,080903,PT150,0809,Monchique,all_territories_with_mainland_fixed_test,training,4,Training CV fold 5
081003,081003,PT150,0810,Olhão,all_territories_with_mainland_fixed_test,training,4,Training CV fold 5
081004,081004,PT150,0810,Pechão,all_territories_with_mainland_fixed_test,training,4,Training CV fold 5
081005,081005,PT150,0810,Quelfes,all_territories_with_mainland_fixed_test,training,4,Training CV fold 5
081006,081006,PT150,0810,União das Freguesias de Moncarapacho e Fuseta,all_territories_with_mainland_fixed_test,training,4,Training CV fold 5
081101,081101,PT150,0811,Alvor,all_territories_with_mainland_fixed_test,training,4,Training CV fold 5
081102,081102,PT150,0811,Mexilhoeira Grande,all_territories_with_mainland_fixed_test,training,4,Training CV fold 5
081103,081103,PT150,0811,Portimão,all_territories_with_mainland_fixed_test,training,4,Training CV fold 5
081201,081201,PT150,0812,São Brás de Alportel,all_territories_with_mainland_fixed_test,training,4,Training CV fold 5
081303,081303,PT150,0813,Armação de Pêra,all_territories_with_mainland_fixed_test,training,4,Training CV fold 5
081305,081305,PT150,0813,São Bartolomeu de Messines,all_territories_with_mainland_fixed_test,training,4,Training CV fold 5
081306,081306,PT150,0813,São Marcos da Serra,all_territories_with_mainland_fixed_test,training,4,Training CV fold 5
081307,081307,PT150,0813,Silves,all_territories_with_mainland_fixed_test,training,4,Training CV fold 5
081309,081309,PT150,0813,União das Freguesias de Alcantarilha e Pêra,all_territories_with_mainland_fixed_test,training,4,Training CV fold 5
081310,081310,PT150,0813,União das Freguesias de Algoz e Tunes,all_territories_with_mainland_fixed_test,training,4,Training CV fold 5
081401,081401,PT150,0814,Cachopo,all_territories_with_mainland_fixed_test,training,4,Training CV fold 5
081404,081404,PT150,0814,Santa Catarina da Fonte do Bispo,all_territories_with_mainland_fixed_test,training,4,Training CV fold 5
081408,081408,PT150,0814,Santa Luzia,all_territories_with_mainland_fixed_test,training,4,Training CV fold 5
081410,081410,PT150,0814,União das Freguesias de Conceição e Cabanas de Tavira,all_territories_with_mainland_fixed_test,training,4,Training CV fold 5
081411,081411,PT150,0814,União das Freguesias de Luz de Tavira e Santo Estêvão,all_territories_with_mainland_fixed_test,training,4,Training CV fold 5
081412,081412,PT150,0814,União das Freguesias de Tavira (Santa Maria e Santiago),all_territories_with_mainland_fixed_test,training,4,Training CV fold 5
081501,081501,PT150,0815,Barão de São Miguel,all_territories_with_mainland_fixed_test,training,4,Training CV fold 5
081502,081502,PT150,0815,Budens,all_territories_with_mainland_fixed_test,training,4,Training CV fold 5
081504,081504,PT150,0815,Sagres,all_territories_with_mainland_fixed_test,training,4,Training CV fold 5
081506,081506,PT150,0815,Vila do Bispo e Raposeira,all_territories_with_mainland_fixed_test,training,4,Training CV fold 5
081601,081601,PT150,0816,Vila Nova de Cacela,all_territories_with_mainland_fixed_test,training,4,Training CV fold 5
081602,081602,PT150,0816,Vila Real de Santo António,all_territories_with_mainland_fixed_test,training,4,Training CV fold 5
081603,081603,PT150,0816,Monte Gordo,all_territories_with_mainland_fixed_test,training,4,Training CV fold 5
090102,090102,PT16G,0901,Carapito,all_territories_with_mainland_fixed_test,training,4,Training CV fold 5
090103,090103,PT16G,0901,Cortiçada,all_territories_with_mainland_fixed_test,training,4,Training CV fold 5
090105,090105,PT16G,0901,Dornelas,all_territories_with_mainland_fixed_test,training,4,Training CV fold 5
090106,090106,PT16G,0901,Eirado,all_territories_with_mainland_fixed_test,training,4,Training CV fold 5
090107,090107,PT16G,0901,Forninhos,all_territories_with_mainland_fixed_test,training,4,Training CV fold 5
090109,090109,PT16G,0901,Pena Verde,all_territories_with_mainland_fixed_test,training,4,Training CV fold 5
090110,090110,PT16G,0901,Pinheiro,all_territories_with_mainland_fixed_test,training,4,Training CV fold 5
090114,090114,PT16G,0901,União das Freguesias de Aguiar da Beira e Coruche,all_territories_with_mainland_fixed_test,training,4,Training CV fold 5
090115,090115,PT16G,0901,União das Freguesias de Sequeiro e Gradiz,all_territories_with_mainland_fixed_test,training,4,Training CV fold 5
090116,090116,PT16G,0901,União das Freguesias de Souto de Aguiar da Beira e Valverde,all_territories_with_mainland_fixed_test,training,4,Training CV fold 5
090203,090203,PT16J,0902,Almeida,all_territories_with_mainland_fixed_test,fixed_test,,Fixed test
090207,090207,PT16J,0902,Castelo Bom,all_territories_with_mainland_fixed_test,fixed_test,,Fixed test
090209,090209,PT16J,0902,Freineda,all_territories_with_mainland_fixed_test,fixed_test,,Fixed test
090210,090210,PT16J,0902,Freixo,all_territories_with_mainland_fixed_test,fixed_test,,Fixed test
090213,090213,PT16J,0902,Malhada Sorda,all_territories_with_mainland_fixed_test,fixed_test,,Fixed test
090219,090219,PT16J,0902,Nave de Haver,all_territories_with_mainland_fixed_test,fixed_test,,Fixed test
090224,090224,PT16J,0902,São Pedro de Rio Seco,all_territories_with_mainland_fixed_test,fixed_test,,Fixed test
090227,090227,PT16J,0902,Vale da Mula,all_territories_with_mainland_fixed_test,fixed_test,,Fixed test
090229,090229,PT16J,0902,Vilar Formoso,all_territories_with_mainland_fixed_test,fixed_test,,Fixed test
090230,090230,PT16J,0902,"União das Freguesias de Amoreira, Parada e Cabreira",all_territories_with_mainland_fixed_test,fixed_test,,Fixed test
090231,090231,PT16J,0902,"União das Freguesias de Azinhal, Peva e Valverde",all_territories_with_mainland_fixed_test,fixed_test,,Fixed test
090232,090232,PT16J,0902,"União das Freguesias de Castelo Mendo, Ade, Monteperobolso e Mesquitela",all_territories_with_mainland_fixed_test,fixed_test,,Fixed test
090233,090233,PT16J,0902,União das Freguesias de Junça e Naves,all_territories_with_mainland_fixed_test,fixed_test,,Fixed test
090234,090234,PT16J,0902,"União das Freguesias de Leomil, Mido, Senouras e Aldeia Nova",all_territories_with_mainland_fixed_test,fixed_test,,Fixed test
090235,090235,PT16J,0902,União das Freguesias de Malpartida e Vale de Coelha,all_territories_with_mainland_fixed_test,fixed_test,,Fixed test
090236,090236,PT16J,0902,União das Freguesias de Miuzela e Porto de Ovelha,all_territories_with_mainland_fixed_test,fixed_test,,Fixed test
090302,090302,PT16J,0903,Baraçal,all_territories_with_mainland_fixed_test,fixed_test,,Fixed test
090304,090304,PT16J,0903,Carrapichana,all_territories_with_mainland_fixed_test,fixed_test,,Fixed test
090306,090306,PT16J,0903,Forno Telheiro,all_territories_with_mainland_fixed_test,fixed_test,,Fixed test
090307,090307,PT16J,0903,Lajeosa do Mondego,all_territories_with_mainland_fixed_test,fixed_test,,Fixed test
090308,090308,PT16J,0903,Linhares,all_territories_with_mainland_fixed_test,fixed_test,,Fixed test
090309,090309,PT16J,0903,Maçal do Chão,all_territories_with_mainland_fixed_test,fixed_test,,Fixed test
090310,090310,PT16J,0903,Mesquitela,all_territories_with_mainland_fixed_test,fixed_test,,Fixed test
090311,090311,PT16J,0903,Minhocal,all_territories_with_mainland_fixed_test,fixed_test,,Fixed test
090312,090312,PT16J,0903,Prados,all_territories_with_mainland_fixed_test,fixed_test,,Fixed test
090314,090314,PT16J,0903,Ratoeira,all_territories_with_mainland_fixed_test,fixed_test,,Fixed test
090318,090318,PT16J,0903,Vale de Azares,all_territories_with_mainland_fixed_test,fixed_test,,Fixed test
090322,090322,PT16J,0903,Casas do Soeiro,all_territories_with_mainland_fixed_test,fixed_test,,Fixed test
090323,090323,PT16J,0903,União das Freguesias de Açores e Velosa,all_territories_with_mainland_fixed_test,fixed_test,,Fixed test
090324,090324,PT16J,0903,União das Freguesias de Celorico (Santa Maria e São Pedro) e Vila Boa do Mondego,all_territories_with_mainland_fixed_test,fixed_test,,Fixed test
090325,090325,PT16J,0903,"União das Freguesias de Cortiço das Serras, Vide entre Vinhas e Salgueirais",all_territories_with_mainland_fixed_test,fixed_test,,Fixed test
090326,090326,PT16J,0903,União das Freguesias de Rapa e Cadafaz,all_territories_with_mainland_fixed_test,fixed_test,,Fixed test
090403,090403,PT16J,0904,Castelo Rodrigo,all_territories_with_mainland_fixed_test,fixed_test,,Fixed test
090406,090406,PT16J,0904,Escalhão,all_territories_with_mainland_fixed_test,fixed_test,,Fixed test
090408,090408,PT16J,0904,Figueira de Castelo Rodrigo,all_territories_with_mainland_fixed_test,fixed_test,,Fixed test
090410,090410,PT16J,0904,Mata de Lobos,all_territories_with_mainland_fixed_test,fixed_test,,Fixed test
090415,090415,PT16J,0904,Vermiosa,all_territories_with_mainland_fixed_test,fixed_test,,Fixed test
090418,090418,PT16J,0904,"União das Freguesias de Algodres, Vale de Afonsinho e Vilar de Amargo",all_territories_with_mainland_fixed_test,fixed_test,,Fixed test
090419,090419,PT16J,0904,União das Freguesias de Almofala e Escarigo,all_territories_with_mainland_fixed_test,fixed_test,,Fixed test
090420,090420,PT16J,0904,União das Freguesias de Cinco Vilas e Reigada,all_territories_with_mainland_fixed_test,fixed_test,,Fixed test
090421,090421,PT16J,0904,"União das Freguesias de Freixeda do Torrão, Quintã Pêro Martins e Penha da Águia",all_territories_with_mainland_fixed_test,fixed_test,,Fixed test
090422,090422,PT16J,0904,União das Freguesias de Colmeal e Vilar Torpim,all_territories_with_mainland_fixed_test,fixed_test,,Fixed test
090501,090501,PT16J,0905,Algodres,all_territories_with_mainland_fixed_test,fixed_test,,Fixed test
090502,090502,PT16J,0905,Casal Vasco,all_territories_with_mainland_fixed_test,fixed_test,,Fixed test
090504,090504,PT16J,0905,Figueiró da Granja,all_territories_with_mainland_fixed_test,fixed_test,,Fixed test
090505,090505,PT16J,0905,Fornos de Algodres,all_territories_with_mainland_fixed_test,fixed_test,,Fixed test
090507,090507,PT16J,0905,Infias,all_territories_with_mainland_fixed_test,fixed_test,,Fixed test
090509,090509,PT16J,0905,Maceira,all_territories_with_mainland_fixed_test,fixed_test,,Fixed test
090510,090510,PT16J,0905,Matança,all_territories_with_mainland_fixed_test,fixed_test,,Fixed test
090511,090511,PT16J,0905,Muxagata,all_territories_with_mainland_fixed_test,fixed_test,,Fixed test
090512,090512,PT16J,0905,Queiriz,all_territories_with_mainland_fixed_test,fixed_test,,Fixed test
090517,090517,PT16J,0905,União das Freguesias de Cortiçô e Vila Chã,all_territories_with_mainland_fixed_test,fixed_test,,Fixed test
090518,090518,PT16J,0905,"União das Freguesias de Juncais, Vila Ruiva e Vila Soeiro do Chão",all_territories_with_mainland_fixed_test,fixed_test,,Fixed test
090519,090519,PT16J,0905,União das Freguesias de Sobral Pichorro e Fuinhas,all_territories_with_mainland_fixed_test,fixed_test,,Fixed test
090602,090602,PT16J,0906,Arcozelo,all_territories_with_mainland_fixed_test,fixed_test,,Fixed test
090603,090603,PT16J,0906,Cativelos,all_territories_with_mainland_fixed_test,fixed_test,,Fixed test
090605,090605,PT16J,0906,Folgosinho,all_territories_with_mainland_fixed_test,fixed_test,,Fixed test
090612,090612,PT16J,0906,Nespereira,all_territories_with_mainland_fixed_test,fixed_test,,Fixed test
090613,090613,PT16J,0906,Paços da Serra,all_territories_with_mainland_fixed_test,fixed_test,,Fixed test
090614,090614,PT16J,0906,Ribamondego,all_territories_with_mainland_fixed_test,fixed_test,,Fixed test
090617,090617,PT16J,0906,São Paio,all_territories_with_mainland_fixed_test,fixed_test,,Fixed test
090619,090619,PT16J,0906,Vila Cortês da Serra,all_territories_with_mainland_fixed_test,fixed_test,,Fixed test
090620,090620,PT16J,0906,Vila Franca da Serra,all_territories_with_mainland_fixed_test,fixed_test,,Fixed test
090621,090621,PT16J,0906,Vila Nova de Tazem,all_territories_with_mainland_fixed_test,fixed_test,,Fixed test
090623,090623,PT16J,0906,União das Freguesias de Aldeias e Mangualde da Serra,all_territories_with_mainland_fixed_test,fixed_test,,Fixed test
090624,090624,PT16J,0906,União das Freguesias de Figueiró da Serra e Freixo da Serra,all_territories_with_mainland_fixed_test,fixed_test,,Fixed test
090625,090625,PT16J,0906,União das Freguesias de Gouveia (São Pedro e São Julião),all_territories_with_mainland_fixed_test,fixed_test,,Fixed test
090626,090626,PT16J,0906,União das Freguesias de Melo e Nabais,all_territories_with_mainland_fixed_test,fixed_test,,Fixed test
090627,090627,PT16J,0906,União das Freguesias de Moimenta da Serra e Vinhó,all_territories_with_mainland_fixed_test,fixed_test,,Fixed test
090628,090628,PT16J,0906,União das Freguesias de Rio Torto e Lagartinhos,all_territories_with_mainland_fixed_test,fixed_test,,Fixed test
090703,090703,PT16J,0907,Aldeia do Bispo,all_territories_with_mainland_fixed_test,fixed_test,,Fixed test
090704,090704,PT16J,0907,Aldeia Viçosa,all_territories_with_mainland_fixed_test,fixed_test,,Fixed test
090705,090705,PT16J,0907,Alvendre,all_territories_with_mainland_fixed_test,fixed_test,,Fixed test
090706,090706,PT16J,0907,Arrifana,all_territories_with_mainland_fixed_test,fixed_test,,Fixed test
090708,090708,PT16J,0907,Avelãs da Ribeira,all_territories_with_mainland_fixed_test,fixed_test,,Fixed test
090709,090709,PT16J,0907,Benespera,all_territories_with_mainland_fixed_test,fixed_test,,Fixed test
090711,090711,PT16J,0907,Casal de Cinza,all_territories_with_mainland_fixed_test,fixed_test,,Fixed test
090712,090712,PT16J,0907,Castanheira,all_territories_with_mainland_fixed_test,fixed_test,,Fixed test
090713,090713,PT16J,0907,Cavadoude,all_territories_with_mainland_fixed_test,fixed_test,,Fixed test
090714,090714,PT16J,0907,Codesseiro,all_territories_with_mainland_fixed_test,fixed_test,,Fixed test
090716,090716,PT16J,0907,Faia,all_territories_with_mainland_fixed_test,fixed_test,,Fixed test
090717,090717,PT16J,0907,Famalicão,all_territories_with_mainland_fixed_test,fixed_test,,Fixed test
090718,090718,PT16J,0907,Fernão Joanes,all_territories_with_mainland_fixed_test,fixed_test,,Fixed test
090721,090721,PT16J,0907,Gonçalo Bocas,all_territories_with_mainland_fixed_test,fixed_test,,Fixed test
090722,090722,PT16J,0907,João Antão,all_territories_with_mainland_fixed_test,fixed_test,,Fixed test
090723,090723,PT16J,0907,Maçainhas,all_territories_with_mainland_fixed_test,fixed_test,,Fixed test
090724,090724,PT16J,0907,Marmeleiro,all_territories_with_mainland_fixed_test,fixed_test,,Fixed test
090725,090725,PT16J,0907,Meios,all_territories_with_mainland_fixed_test,fixed_test,,Fixed test
090728,090728,PT16J,0907,Panoias de Cima,all_territories_with_mainland_fixed_test,fixed_test,,Fixed test
090729,090729,PT16J,0907,Pega,all_territories_with_mainland_fixed_test,fixed_test,,Fixed test
090730,090730,PT16J,0907,Pêra do Moço,all_territories_with_mainland_fixed_test,fixed_test,,Fixed test
090732,090732,PT16J,0907,Porto da Carne,all_territories_with_mainland_fixed_test,fixed_test,,Fixed test
090734,090734,PT16J,0907,Ramela,all_territories_with_mainland_fixed_test,fixed_test,,Fixed test
090738,090738,PT16J,0907,Santana da Azinha,all_territories_with_mainland_fixed_test,fixed_test,,Fixed test
090744,090744,PT16J,0907,Sobral da Serra,all_territories_with_mainland_fixed_test,fixed_test,,Fixed test
090746,090746,PT16J,0907,Vale de Estrela,all_territories_with_mainland_fixed_test,fixed_test,,Fixed test
090747,090747,PT16J,0907,Valhelhas,all_territories_with_mainland_fixed_test,fixed_test,,Fixed test
090748,090748,PT16J,0907,Vela,all_territories_with_mainland_fixed_test,fixed_test,,Fixed test
090749,090749,PT16J,0907,Videmonte,all_territories_with_mainland_fixed_test,fixed_test,,Fixed test
090750,090750,PT16J,0907,Vila Cortês do Mondego,all_territories_with_mainland_fixed_test,fixed_test,,Fixed test
090751,090751,PT16J,0907,Vila Fernando,all_territories_with_mainland_fixed_test,fixed_test,,Fixed test
090752,090752,PT16J,0907,Vila Franca do Deão,all_territories_with_mainland_fixed_test,fixed_test,,Fixed test
090753,090753,PT16J,0907,Vila Garcia,all_territories_with_mainland_fixed_test,fixed_test,,Fixed test
090757,090757,PT16J,0907,Gonçalo,all_territories_with_mainland_fixed_test,fixed_test,,Fixed test
090758,090758,PT16J,0907,Guarda,all_territories_with_mainland_fixed_test,fixed_test,,Fixed test
090759,090759,PT16J,0907,Jarmelo São Miguel,all_territories_with_mainland_fixed_test,fixed_test,,Fixed test
090760,090760,PT16J,0907,Jarmelo São Pedro,all_territories_with_mainland_fixed_test,fixed_test,,Fixed test
090761,090761,PT16J,0907,União das Freguesias de Avelãs de Ambom e Rocamondo,all_territories_with_mainland_fixed_test,fixed_test,,Fixed test
090762,090762,PT16J,0907,União das Freguesias de Corujeira e Trinta,all_territories_with_mainland_fixed_test,fixed_test,,Fixed test
090763,090763,PT16J,0907,"União das Freguesias de Mirazela, Pêro Soares e Vila Soeiro",all_territories_with_mainland_fixed_test,fixed_test,,Fixed test
090764,090764,PT16J,0907,União das Freguesias de Pousade e Albardo,all_territories_with_mainland_fixed_test,fixed_test,,Fixed test
090765,090765,PT16J,0907,União das Freguesias de Rochoso e Monte Margarida,all_territories_with_mainland_fixed_test,fixed_test,,Fixed test
090766,090766,PT16J,0907,Adão,all_territories_with_mainland_fixed_test,fixed_test,,Fixed test
090801,090801,PT16J,0908,Sameiro,all_territories_with_mainland_fixed_test,fixed_test,,Fixed test
090802,090802,PT16J,0908,Manteigas (Santa Maria),all_territories_with_mainland_fixed_test,fixed_test,,Fixed test
090803,090803,PT16J,0908,Manteigas (São Pedro),all_territories_with_mainland_fixed_test,fixed_test,,Fixed test
090804,090804,PT16J,0908,Vale de Amoreira,all_territories_with_mainland_fixed_test,fixed_test,,Fixed test
090901,090901,PT16J,0909,Aveloso,all_territories_with_mainland_fixed_test,fixed_test,,Fixed test
090902,090902,PT16J,0909,Barreira,all_territories_with_mainland_fixed_test,fixed_test,,Fixed test
090905,090905,PT16J,0909,Coriscada,all_territories_with_mainland_fixed_test,fixed_test,,Fixed test
090907,090907,PT16J,0909,Longroiva,all_territories_with_mainland_fixed_test,fixed_test,,Fixed test
090908,090908,PT16J,0909,Marialva,all_territories_with_mainland_fixed_test,fixed_test,,Fixed test
090912,090912,PT16J,0909,Poço do Canto,all_territories_with_mainland_fixed_test,fixed_test,,Fixed test
090914,090914,PT16J,0909,Rabaçal,all_territories_with_mainland_fixed_test,fixed_test,,Fixed test
090915,090915,PT16J,0909,Ranhados,all_territories_with_mainland_fixed_test,fixed_test,,Fixed test
090917,090917,PT16J,0909,"União das Freguesias de Meda, Outeiro de Gatos e Fonte Longa",all_territories_with_mainland_fixed_test,fixed_test,,Fixed test
090918,090918,PT16J,0909,União das Freguesias de Prova e Casteição,all_territories_with_mainland_fixed_test,fixed_test,,Fixed test
090919,090919,PT16J,0909,"União das Freguesias de Vale Flor, Carvalhal e Pai Penela",all_territories_with_mainland_fixed_test,fixed_test,,Fixed test
091009,091009,PT16J,0910,Ervedosa,all_territories_with_mainland_fixed_test,fixed_test,,Fixed test
091010,091010,PT16J,0910,Freixedas,all_territories_with_mainland_fixed_test,fixed_test,,Fixed test
091012,091012,PT16J,0910,Lamegal,all_territories_with_mainland_fixed_test,fixed_test,,Fixed test
091013,091013,PT16J,0910,Lameiras,all_territories_with_mainland_fixed_test,fixed_test,,Fixed test
091014,091014,PT16J,0910,Manigoto,all_territories_with_mainland_fixed_test,fixed_test,,Fixed test
091015,091015,PT16J,0910,Pala,all_territories_with_mainland_fixed_test,fixed_test,,Fixed test
091017,091017,PT16J,0910,Pinhel,all_territories_with_mainland_fixed_test,fixed_test,,Fixed test
091018,091018,PT16J,0910,Pínzio,all_territories_with_mainland_fixed_test,fixed_test,,Fixed test
091024,091024,PT16J,0910,Souro Pires,all_territories_with_mainland_fixed_test,fixed_test,,Fixed test
091027,091027,PT16J,0910,Vascoveiro,all_territories_with_mainland_fixed_test,fixed_test,,Fixed test
091028,091028,PT16J,0910,Agregação das Freguesias Sul de Pinhel,all_territories_with_mainland_fixed_test,fixed_test,,Fixed test
091029,091029,PT16J,0910,Alverca da Beira/Bouça Cova,all_territories_with_mainland_fixed_test,fixed_test,,Fixed test
091030,091030,PT16J,0910,Terras de Massueime,all_territories_with_mainland_fixed_test,fixed_test,,Fixed test
091031,091031,PT16J,0910,Valbom/Bogalhal,all_territories_with_mainland_fixed_test,fixed_test,,Fixed test
091032,091032,PT16J,0910,Alto do Palurdo,all_territories_with_mainland_fixed_test,fixed_test,,Fixed test
091033,091033,PT16J,0910,Vale do Côa,all_territories_with_mainland_fixed_test,fixed_test,,Fixed test
091034,091034,PT16J,0910,Vale de Massueime,all_territories_with_mainland_fixed_test,fixed_test,,Fixed test
091035,091035,PT16J,0910,União das Freguesias de Atalaia e Safurdão,all_territories_with_mainland_fixed_test,fixed_test,,Fixed test
091101,091101,PT16J,0911,Águas Belas,all_territories_with_mainland_fixed_test,fixed_test,,Fixed test
091102,091102,PT16J,0911,Aldeia do Bispo,all_territories_with_mainland_fixed_test,fixed_test,,Fixed test
091103,091103,PT16J,0911,Aldeia da Ponte,all_territories_with_mainland_fixed_test,fixed_test,,Fixed test
091106,091106,PT16J,0911,Aldeia Velha,all_territories_with_mainland_fixed_test,fixed_test,,Fixed test
091107,091107,PT16J,0911,Alfaiates,all_territories_with_mainland_fixed_test,fixed_test,,Fixed test
091109,091109,PT16J,0911,Baraçal,all_territories_with_mainland_fixed_test,fixed_test,,Fixed test
091110,091110,PT16J,0911,Bendada,all_territories_with_mainland_fixed_test,fixed_test,,Fixed test
091111,091111,PT16J,0911,Bismula,all_territories_with_mainland_fixed_test,fixed_test,,Fixed test
091112,091112,PT16J,0911,Casteleiro,all_territories_with_mainland_fixed_test,fixed_test,,Fixed test
091113,091113,PT16J,0911,Cerdeira,all_territories_with_mainland_fixed_test,fixed_test,,Fixed test
091114,091114,PT16J,0911,Fóios,all_territories_with_mainland_fixed_test,fixed_test,,Fixed test
091118,091118,PT16J,0911,Malcata,all_territories_with_mainland_fixed_test,fixed_test,,Fixed test
091120,091120,PT16J,0911,Nave,all_territories_with_mainland_fixed_test,fixed_test,,Fixed test
091123,091123,PT16J,0911,Quadrazais,all_territories_with_mainland_fixed_test,fixed_test,,Fixed test
091124,091124,PT16J,0911,Quinta de São Bartolomeu,all_territories_with_mainland_fixed_test,fixed_test,,Fixed test
091125,091125,PT16J,0911,Rapoula do Côa,all_territories_with_mainland_fixed_test,fixed_test,,Fixed test
091126,091126,PT16J,0911,Rebolosa,all_territories_with_mainland_fixed_test,fixed_test,,Fixed test
091127,091127,PT16J,0911,Rendo,all_territories_with_mainland_fixed_test,fixed_test,,Fixed test
091133,091133,PT16J,0911,Sortelha,all_territories_with_mainland_fixed_test,fixed_test,,Fixed test
091134,091134,PT16J,0911,Souto,all_territories_with_mainland_fixed_test,fixed_test,,Fixed test
091136,091136,PT16J,0911,Vale de Espinho,all_territories_with_mainland_fixed_test,fixed_test,,Fixed test
091138,091138,PT16J,0911,Vila Boa,all_territories_with_mainland_fixed_test,fixed_test,,Fixed test
091139,091139,PT16J,0911,Vila do Touro,all_territories_with_mainland_fixed_test,fixed_test,,Fixed test
091141,091141,PT16J,0911,"União das Freguesias de Aldeia da Ribeira, Vilar Maior e Badamalos",all_territories_with_mainland_fixed_test,fixed_test,,Fixed test
091142,091142,PT16J,0911,União das Freguesias de Lajeosa e Forcalhos,all_territories_with_mainland_fixed_test,fixed_test,,Fixed test
091143,091143,PT16J,0911,"União das Freguesias de Pousafoles do Bispo, Pena Lobo e Lomba",all_territories_with_mainland_fixed_test,fixed_test,,Fixed test
091144,091144,PT16J,0911,"União das Freguesias de Ruvina, Ruivós e Vale das Éguas ",all_territories_with_mainland_fixed_test,fixed_test,,Fixed test
091145,091145,PT16J,0911,União das Freguesias de Sabugal e Aldeia de Santo António,all_territories_with_mainland_fixed_test,fixed_test,,Fixed test
091146,091146,PT16J,0911,União das Freguesias de Santo Estêvão e Moita,all_territories_with_mainland_fixed_test,fixed_test,,Fixed test
091147,091147,PT16J,0911,União das Freguesias de Seixo do Côa e Vale Longo,all_territories_with_mainland_fixed_test,fixed_test,,Fixed test
091201,091201,PT16J,0912,Alvoco da Serra,all_territories_with_mainland_fixed_test,fixed_test,,Fixed test
091205,091205,PT16J,0912,Girabolhos,all_territories_with_mainland_fixed_test,fixed_test,,Fixed test
091207,091207,PT16J,0912,Loriga,all_territories_with_mainland_fixed_test,fixed_test,,Fixed test
091208,091208,PT16J,0912,Paranhos,all_territories_with_mainland_fixed_test,fixed_test,,Fixed test
091209,091209,PT16J,0912,Pinhanços,all_territories_with_mainland_fixed_test,fixed_test,,Fixed test
091210,091210,PT16J,0912,Sabugueiro,all_territories_with_mainland_fixed_test,fixed_test,,Fixed test
091212,091212,PT16J,0912,Sandomil,all_territories_with_mainland_fixed_test,fixed_test,,Fixed test
091213,091213,PT16J,0912,Santa Comba,all_territories_with_mainland_fixed_test,fixed_test,,Fixed test
091216,091216,PT16J,0912,Santiago,all_territories_with_mainland_fixed_test,fixed_test,,Fixed test
091219,091219,PT16J,0912,Sazes da Beira,all_territories_with_mainland_fixed_test,fixed_test,,Fixed test
091221,091221,PT16J,0912,Teixeira,all_territories_with_mainland_fixed_test,fixed_test,,Fixed test
091224,091224,PT16J,0912,Travancinha,all_territories_with_mainland_fixed_test,fixed_test,,Fixed test
091225,091225,PT16J,0912,Valezim,all_territories_with_mainland_fixed_test,fixed_test,,Fixed test
091228,091228,PT16J,0912,Vila Cova à Coelheira,all_territories_with_mainland_fixed_test,fixed_test,,Fixed test
091230,091230,PT16J,0912,União das Freguesias de Carragozela e Várzea de Meruge,all_territories_with_mainland_fixed_test,fixed_test,,Fixed test
091231,091231,PT16J,0912,União das Freguesias de Sameice e Santa Eulália,all_territories_with_mainland_fixed_test,fixed_test,,Fixed test
091232,091232,PT16J,0912,União das Freguesias de Santa Marinha e São Martinho,all_territories_with_mainland_fixed_test,fixed_test,,Fixed test
091233,091233,PT16J,0912,"União das Freguesias de Seia, São Romão e Lapa dos Dinheiros",all_territories_with_mainland_fixed_test,fixed_test,,Fixed test
091234,091234,PT16J,0912,União das Freguesias de Torrozelo e Folhadosa,all_territories_with_mainland_fixed_test,fixed_test,,Fixed test
091235,091235,PT16J,0912,União das Freguesias de Tourais e Lajes,all_territories_with_mainland_fixed_test,fixed_test,,Fixed test
091236,091236,PT16J,0912,União das Freguesias de Vide e Cabeça,all_territories_with_mainland_fixed_test,fixed_test,,Fixed test
091301,091301,PT16J,0913,Aldeia Nova,all_territories_with_mainland_fixed_test,fixed_test,,Fixed test
091303,091303,PT16J,0913,Castanheira,all_territories_with_mainland_fixed_test,fixed_test,,Fixed test
091304,091304,PT16J,0913,Cogula,all_territories_with_mainland_fixed_test,fixed_test,,Fixed test
091305,091305,PT16J,0913,Cótimos,all_territories_with_mainland_fixed_test,fixed_test,,Fixed test
091307,091307,PT16J,0913,Fiães,all_territories_with_mainland_fixed_test,fixed_test,,Fixed test
091309,091309,PT16J,0913,Granja,all_territories_with_mainland_fixed_test,fixed_test,,Fixed test
091310,091310,PT16J,0913,Guilheiro,all_territories_with_mainland_fixed_test,fixed_test,,Fixed test
091311,091311,PT16J,0913,Moimentinha,all_territories_with_mainland_fixed_test,fixed_test,,Fixed test
091312,091312,PT16J,0913,Moreira de Rei,all_territories_with_mainland_fixed_test,fixed_test,,Fixed test
091313,091313,PT16J,0913,Palhais,all_territories_with_mainland_fixed_test,fixed_test,,Fixed test
091314,091314,PT16J,0913,Póvoa do Concelho,all_territories_with_mainland_fixed_test,fixed_test,,Fixed test
091315,091315,PT16J,0913,Reboleiro,all_territories_with_mainland_fixed_test,fixed_test,,Fixed test
091316,091316,PT16J,0913,Rio de Mel,all_territories_with_mainland_fixed_test,fixed_test,,Fixed test
091321,091321,PT16J,0913,Tamanhos,all_territories_with_mainland_fixed_test,fixed_test,,Fixed test
091325,091325,PT16J,0913,Valdujo,all_territories_with_mainland_fixed_test,fixed_test,,Fixed test
091330,091330,PT16J,0913,União das Freguesias de Freches e Torres,all_territories_with_mainland_fixed_test,fixed_test,,Fixed test
091331,091331,PT16J,0913,"União das Freguesias de Torre de Terrenho, Sebadelhe da Serra e Terrenho",all_territories_with_mainland_fixed_test,fixed_test,,Fixed test
091332,091332,PT16J,0913,União das Freguesias de Trancoso ( São Pedro e Santa Maria) e Souto Maior,all_territories_with_mainland_fixed_test,fixed_test,,Fixed test
091333,091333,PT16J,0913,União das Freguesias de Vale do Seixo e Vila Garcia,all_territories_with_mainland_fixed_test,fixed_test,,Fixed test
091334,091334,PT16J,0913,União das Freguesias de Vila Franca das Naves e Feital,all_territories_with_mainland_fixed_test,fixed_test,,Fixed test
091335,091335,PT16J,0913,União das Freguesias de Vilares e Carnicães,all_territories_with_mainland_fixed_test,fixed_test,,Fixed test
091401,091401,PT11D,0914,Almendra,all_territories_with_mainland_fixed_test,training,0,Training CV fold 1
091402,091402,PT11D,0914,Castelo Melhor,all_territories_with_mainland_fixed_test,training,0,Training CV fold 1
091403,091403,PT11D,0914,Cedovim,all_territories_with_mainland_fixed_test,training,0,Training CV fold 1
091404,091404,PT11D,0914,Chãs,all_territories_with_mainland_fixed_test,training,0,Training CV fold 1
091405,091405,PT11D,0914,Custóias,all_territories_with_mainland_fixed_test,training,0,Training CV fold 1
091407,091407,PT11D,0914,Horta,all_territories_with_mainland_fixed_test,training,0,Training CV fold 1
091410,091410,PT11D,0914,Muxagata,all_territories_with_mainland_fixed_test,training,0,Training CV fold 1
091411,091411,PT11D,0914,Numão,all_territories_with_mainland_fixed_test,training,0,Training CV fold 1
091412,091412,PT11D,0914,Santa Comba,all_territories_with_mainland_fixed_test,training,0,Training CV fold 1
091414,091414,PT11D,0914,Sebadelhe,all_territories_with_mainland_fixed_test,training,0,Training CV fold 1
091415,091415,PT11D,0914,Seixas,all_territories_with_mainland_fixed_test,training,0,Training CV fold 1
091416,091416,PT11D,0914,Touça,all_territories_with_mainland_fixed_test,training,0,Training CV fold 1
091418,091418,PT11D,0914,Freixo de Numão,all_territories_with_mainland_fixed_test,training,0,Training CV fold 1
091419,091419,PT11D,0914,Vila Nova de Foz Côa,all_territories_with_mainland_fixed_test,training,0,Training CV fold 1
100102,100102,PT16B,1001,Alfeizerão,all_territories_with_mainland_fixed_test,training,3,Training CV fold 4
100104,100104,PT16B,1001,Bárrio,all_territories_with_mainland_fixed_test,training,3,Training CV fold 4
100105,100105,PT16B,1001,Benedita,all_territories_with_mainland_fixed_test,training,3,Training CV fold 4
100106,100106,PT16B,1001,Cela,all_territories_with_mainland_fixed_test,training,3,Training CV fold 4
100108,100108,PT16B,1001,Évora de Alcobaça,all_territories_with_mainland_fixed_test,training,3,Training CV fold 4
100109,100109,PT16B,1001,Maiorga,all_territories_with_mainland_fixed_test,training,3,Training CV fold 4
100112,100112,PT16B,1001,São Martinho do Porto,all_territories_with_mainland_fixed_test,training,3,Training CV fold 4
100114,100114,PT16B,1001,Turquel,all_territories_with_mainland_fixed_test,training,3,Training CV fold 4
100116,100116,PT16B,1001,Vimeiro,all_territories_with_mainland_fixed_test,training,3,Training CV fold 4
100120,100120,PT16B,1001,Aljubarrota,all_territories_with_mainland_fixed_test,training,3,Training CV fold 4
100121,100121,PT16B,1001,União das Freguesias de Alcobaça e Vestiaria,all_territories_with_mainland_fixed_test,training,3,Training CV fold 4
100122,100122,PT16B,1001,"União das Freguesias de Côz, Alpedriz e Montes",all_territories_with_mainland_fixed_test,training,3,Training CV fold 4
100123,100123,PT16B,1001,União das Freguesias de Pataias e Martingança,all_territories_with_mainland_fixed_test,training,3,Training CV fold 4
100201,100201,PT16F,1002,Almoster,all_territories_with_mainland_fixed_test,training,4,Training CV fold 5
100204,100204,PT16F,1002,Maçãs de Dona Maria,all_territories_with_mainland_fixed_test,training,4,Training CV fold 5
100205,100205,PT16F,1002,Pelmá,all_territories_with_mainland_fixed_test,training,4,Training CV fold 5
100208,100208,PT16F,1002,Alvaiázere,all_territories_with_mainland_fixed_test,training,4,Training CV fold 5
100209,100209,PT16F,1002,Pussos São Pedro,all_territories_with_mainland_fixed_test,training,4,Training CV fold 5
100301,100301,PT16F,1003,Alvorge,all_territories_with_mainland_fixed_test,training,4,Training CV fold 5
100303,100303,PT16F,1003,Avelar,all_territories_with_mainland_fixed_test,training,4,Training CV fold 5
100304,100304,PT16F,1003,Chão de Couce,all_territories_with_mainland_fixed_test,training,4,Training CV fold 5
100306,100306,PT16F,1003,Pousaflores,all_territories_with_mainland_fixed_test,training,4,Training CV fold 5
100307,100307,PT16F,1003,Santiago da Guarda,all_territories_with_mainland_fixed_test,training,4,Training CV fold 5
100309,100309,PT16F,1003,Ansião,all_territories_with_mainland_fixed_test,training,4,Training CV fold 5
100401,100401,PT16F,1004,Batalha,all_territories_with_mainland_fixed_test,training,4,Training CV fold 5
100402,100402,PT16F,1004,Reguengo do Fetal,all_territories_with_mainland_fixed_test,training,4,Training CV fold 5
100403,100403,PT16F,1004,São Mamede,all_territories_with_mainland_fixed_test,training,4,Training CV fold 5
100404,100404,PT16F,1004,Golpilheira,all_territories_with_mainland_fixed_test,training,4,Training CV fold 5
100502,100502,PT16B,1005,Carvalhal,all_territories_with_mainland_fixed_test,training,3,Training CV fold 4
100503,100503,PT16B,1005,Roliça,all_territories_with_mainland_fixed_test,training,3,Training CV fold 4
100505,100505,PT16B,1005,Pó,all_territories_with_mainland_fixed_test,training,3,Training CV fold 4
100506,100506,PT16B,1005,União das Freguesias do Bombarral e Vale Covo,all_territories_with_mainland_fixed_test,training,3,Training CV fold 4
100601,100601,PT16B,1006,A dos Francos,all_territories_with_mainland_fixed_test,training,3,Training CV fold 4
100602,100602,PT16B,1006,Alvorninha,all_territories_with_mainland_fixed_test,training,3,Training CV fold 4
100604,100604,PT16B,1006,Carvalhal Benfeito,all_territories_with_mainland_fixed_test,training,3,Training CV fold 4
100606,100606,PT16B,1006,Foz do Arelho,all_territories_with_mainland_fixed_test,training,3,Training CV fold 4
100607,100607,PT16B,1006,Landal,all_territories_with_mainland_fixed_test,training,3,Training CV fold 4
100608,100608,PT16B,1006,Nadadouro,all_territories_with_mainland_fixed_test,training,3,Training CV fold 4
100609,100609,PT16B,1006,Salir de Matos,all_territories_with_mainland_fixed_test,training,3,Training CV fold 4
100611,100611,PT16B,1006,Santa Catarina,all_territories_with_mainland_fixed_test,training,3,Training CV fold 4
100615,100615,PT16B,1006,Vidais,all_territories_with_mainland_fixed_test,training,3,Training CV fold 4
100617,100617,PT16B,1006,"União das Freguesias de Nossa Senhora do Pópulo, Coto e São Gregório",all_territories_with_mainland_fixed_test,training,3,Training CV fold 4
100618,100618,PT16B,1006,União das Freguesias de Caldas da Rainha (Santo Onofre e Serra do Bouro),all_territories_with_mainland_fixed_test,training,3,Training CV fold 4
100619,100619,PT16B,1006,União das Freguesias de Tornada e Salir do Porto,all_territories_with_mainland_fixed_test,training,3,Training CV fold 4
100703,100703,PT16F,1007,União das Freguesias de Castanheira de Pêra e Coentral,all_territories_with_mainland_fixed_test,training,4,Training CV fold 5
100801,100801,PT16F,1008,Aguda,all_territories_with_mainland_fixed_test,training,4,Training CV fold 5
100802,100802,PT16F,1008,Arega,all_territories_with_mainland_fixed_test,training,4,Training CV fold 5
100803,100803,PT16F,1008,Campelo,all_territories_with_mainland_fixed_test,training,4,Training CV fold 5
100806,100806,PT16F,1008,União das Freguesias de Figueiró dos Vinhos e Bairradas,all_territories_with_mainland_fixed_test,training,4,Training CV fold 5
100901,100901,PT16F,1009,Amor,all_territories_with_mainland_fixed_test,training,4,Training CV fold 5
100902,100902,PT16F,1009,Arrabal,all_territories_with_mainland_fixed_test,training,4,Training CV fold 5
100907,100907,PT16F,1009,Caranguejeira,all_territories_with_mainland_fixed_test,training,4,Training CV fold 5
100909,100909,PT16F,1009,Coimbrão,all_territories_with_mainland_fixed_test,training,4,Training CV fold 5
100913,100913,PT16F,1009,Maceira,all_territories_with_mainland_fixed_test,training,4,Training CV fold 5
100915,100915,PT16F,1009,Milagres,all_territories_with_mainland_fixed_test,training,4,Training CV fold 5
100921,100921,PT16F,1009,Regueira de Pontes,all_territories_with_mainland_fixed_test,training,4,Training CV fold 5
100925,100925,PT16F,1009,Bajouca,all_territories_with_mainland_fixed_test,training,4,Training CV fold 5
100926,100926,PT16F,1009,Bidoeira de Cima,all_territories_with_mainland_fixed_test,training,4,Training CV fold 5
100932,100932,PT16F,1009,União das Freguesias de Colmeia e Memória,all_territories_with_mainland_fixed_test,training,4,Training CV fold 5
100933,100933,PT16F,1009,"União das Freguesias de Leiria, Pousos, Barreira e Cortes",all_territories_with_mainland_fixed_test,training,4,Training CV fold 5
100934,100934,PT16F,1009,União das Freguesias de Marrazes e Barosa,all_territories_with_mainland_fixed_test,training,4,Training CV fold 5
100935,100935,PT16F,1009,União das Freguesias de Monte Real e Carvide,all_territories_with_mainland_fixed_test,training,4,Training CV fold 5
100936,100936,PT16F,1009,União das Freguesias de Monte Redondo e Carreira,all_territories_with_mainland_fixed_test,training,4,Training CV fold 5
100937,100937,PT16F,1009,União das Freguesias de Parceiros e Azóia,all_territories_with_mainland_fixed_test,training,4,Training CV fold 5
100938,100938,PT16F,1009,União das Freguesias de Santa Catarina da Serra e Chainça,all_territories_with_mainland_fixed_test,training,4,Training CV fold 5
100939,100939,PT16F,1009,União das Freguesias de Santa Eufémia e Boa Vista,all_territories_with_mainland_fixed_test,training,4,Training CV fold 5
100940,100940,PT16F,1009,União das Freguesias de Souto da Carpalhosa e Ortigosa,all_territories_with_mainland_fixed_test,training,4,Training CV fold 5
101001,101001,PT16F,1010,Marinha Grande,all_territories_with_mainland_fixed_test,training,4,Training CV fold 5
101002,101002,PT16F,1010,Vieira de Leiria,all_territories_with_mainland_fixed_test,training,4,Training CV fold 5
101003,101003,PT16F,1010,Moita,all_territories_with_mainland_fixed_test,training,4,Training CV fold 5
101101,101101,PT16B,1011,Famalicão,all_territories_with_mainland_fixed_test,training,3,Training CV fold 4
101102,101102,PT16B,1011,Nazaré,all_territories_with_mainland_fixed_test,training,3,Training CV fold 4
101103,101103,PT16B,1011,Valado dos Frades,all_territories_with_mainland_fixed_test,training,3,Training CV fold 4
101201,101201,PT16B,1012,A dos Negros,all_territories_with_mainland_fixed_test,training,3,Training CV fold 4
101202,101202,PT16B,1012,Amoreira,all_territories_with_mainland_fixed_test,training,3,Training CV fold 4
101203,101203,PT16B,1012,Olho Marinho,all_territories_with_mainland_fixed_test,training,3,Training CV fold 4
101207,101207,PT16B,1012,Vau,all_territories_with_mainland_fixed_test,training,3,Training CV fold 4
101208,101208,PT16B,1012,Gaeiras,all_territories_with_mainland_fixed_test,training,3,Training CV fold 4
101209,101209,PT16B,1012,Usseira,all_territories_with_mainland_fixed_test,training,3,Training CV fold 4
101210,101210,PT16B,1012,"Santa Maria, São Pedro e Sobral da Lagoa",all_territories_with_mainland_fixed_test,training,3,Training CV fold 4
101301,101301,PT16F,1013,Graça,all_territories_with_mainland_fixed_test,training,4,Training CV fold 5
101302,101302,PT16F,1013,Pedrógão Grande,all_territories_with_mainland_fixed_test,training,4,Training CV fold 5
101303,101303,PT16F,1013,Vila Facaia,all_territories_with_mainland_fixed_test,training,4,Training CV fold 5
101402,101402,PT16B,1014,Atouguia da Baleia,all_territories_with_mainland_fixed_test,training,3,Training CV fold 4
101405,101405,PT16B,1014,Serra d' El-Rei,all_territories_with_mainland_fixed_test,training,3,Training CV fold 4
101406,101406,PT16B,1014,Ferrel,all_territories_with_mainland_fixed_test,training,3,Training CV fold 4
101407,101407,PT16B,1014,Peniche,all_territories_with_mainland_fixed_test,training,3,Training CV fold 4
101501,101501,PT16F,1015,Abiul,all_territories_with_mainland_fixed_test,training,4,Training CV fold 5
101503,101503,PT16F,1015,Almagreira,all_territories_with_mainland_fixed_test,training,4,Training CV fold 5
101504,101504,PT16F,1015,Carnide,all_territories_with_mainland_fixed_test,training,4,Training CV fold 5
101505,101505,PT16F,1015,Carriço,all_territories_with_mainland_fixed_test,training,4,Training CV fold 5
101506,101506,PT16F,1015,Louriçal,all_territories_with_mainland_fixed_test,training,4,Training CV fold 5
101508,101508,PT16F,1015,Pelariga,all_territories_with_mainland_fixed_test,training,4,Training CV fold 5
101509,101509,PT16F,1015,Pombal,all_territories_with_mainland_fixed_test,training,4,Training CV fold 5
101510,101510,PT16F,1015,Redinha,all_territories_with_mainland_fixed_test,training,4,Training CV fold 5
101513,101513,PT16F,1015,Vermoil,all_territories_with_mainland_fixed_test,training,4,Training CV fold 5
101514,101514,PT16F,1015,Vila Cã,all_territories_with_mainland_fixed_test,training,4,Training CV fold 5
101515,101515,PT16F,1015,Meirinhas,all_territories_with_mainland_fixed_test,training,4,Training CV fold 5
101518,101518,PT16F,1015,"União das Freguesias de Guia, Ilha e Mata Mourisca",all_territories_with_mainland_fixed_test,training,4,Training CV fold 5
101519,101519,PT16F,1015,União das Freguesias de Santiago e São Simão de Litém e Albergaria dos Doze,all_territories_with_mainland_fixed_test,training,4,Training CV fold 5
101602,101602,PT16F,1016,Alqueidão da Serra,all_territories_with_mainland_fixed_test,training,4,Training CV fold 5
101605,101605,PT16F,1016,Calvaria de Cima,all_territories_with_mainland_fixed_test,training,4,Training CV fold 5
101606,101606,PT16F,1016,Juncal,all_territories_with_mainland_fixed_test,training,4,Training CV fold 5
101608,101608,PT16F,1016,Mira de Aire,all_territories_with_mainland_fixed_test,training,4,Training CV fold 5
101609,101609,PT16F,1016,Pedreiras,all_territories_with_mainland_fixed_test,training,4,Training CV fold 5
101610,101610,PT16F,1016,São Bento,all_territories_with_mainland_fixed_test,training,4,Training CV fold 5
101613,101613,PT16F,1016,Serro Ventoso,all_territories_with_mainland_fixed_test,training,4,Training CV fold 5
101614,101614,PT16F,1016,Porto de Mós - São João Baptista e São Pedro,all_territories_with_mainland_fixed_test,training,4,Training CV fold 5
101615,101615,PT16F,1016,União das Freguesias de Alvados e Alcaria,all_territories_with_mainland_fixed_test,training,4,Training CV fold 5
101616,101616,PT16F,1016,União das Freguesias de Arrimal e Mendiga,all_territories_with_mainland_fixed_test,training,4,Training CV fold 5
110106,110106,PT16B,1101,Carnota,all_territories_with_mainland_fixed_test,training,3,Training CV fold 4
110107,110107,PT16B,1101,Meca,all_territories_with_mainland_fixed_test,training,3,Training CV fold 4
110108,110108,PT16B,1101,Olhalvo,all_territories_with_mainland_fixed_test,training,3,Training CV fold 4
110109,110109,PT16B,1101,Ota,all_territories_with_mainland_fixed_test,training,3,Training CV fold 4
110113,110113,PT16B,1101,Ventosa,all_territories_with_mainland_fixed_test,training,3,Training CV fold 4
110114,110114,PT16B,1101,Vila Verde dos Francos,all_territories_with_mainland_fixed_test,training,3,Training CV fold 4
110117,110117,PT16B,1101,União das Freguesias de Abrigada e Cabana das Torres,all_territories_with_mainland_fixed_test,training,3,Training CV fold 4
110118,110118,PT16B,1101,União das Freguesias de Aldeia Galega da Merceana e Aldeia Gavinha,all_territories_with_mainland_fixed_test,training,3,Training CV fold 4
110119,110119,PT16B,1101,União das Freguesias de Alenquer (Santo Estevão e Triana),all_territories_with_mainland_fixed_test,training,3,Training CV fold 4
110120,110120,PT16B,1101,União das Freguesias de Carregado e Cadafais,all_territories_with_mainland_fixed_test,training,3,Training CV fold 4
110121,110121,PT16B,1101,União das Freguesias de Ribafria e Pereiro de Palhacana,all_territories_with_mainland_fixed_test,training,3,Training CV fold 4
110201,110201,PT16B,1102,Arranhó,all_territories_with_mainland_fixed_test,training,3,Training CV fold 4
110202,110202,PT16B,1102,Arruda dos Vinhos,all_territories_with_mainland_fixed_test,training,3,Training CV fold 4
110203,110203,PT16B,1102,Cardosas,all_territories_with_mainland_fixed_test,training,3,Training CV fold 4
110204,110204,PT16B,1102,Santiago dos Velhos,all_territories_with_mainland_fixed_test,training,3,Training CV fold 4
110301,110301,PT185,1103,Alcoentre,all_territories_with_mainland_fixed_test,fixed_test,,Fixed test
110302,110302,PT185,1103,Aveiras de Baixo,all_territories_with_mainland_fixed_test,fixed_test,,Fixed test
110303,110303,PT185,1103,Aveiras de Cima,all_territories_with_mainland_fixed_test,fixed_test,,Fixed test
110304,110304,PT185,1103,Azambuja,all_territories_with_mainland_fixed_test,fixed_test,,Fixed test
110306,110306,PT185,1103,Vale do Paraíso,all_territories_with_mainland_fixed_test,fixed_test,,Fixed test
110307,110307,PT185,1103,Vila Nova da Rainha,all_territories_with_mainland_fixed_test,fixed_test,,Fixed test
110310,110310,PT185,1103,"União das Freguesias de Manique do Intendente, Vila Nova de São Pedro e Maçussa",all_territories_with_mainland_fixed_test,fixed_test,,Fixed test
110401,110401,PT16B,1104,Alguber,all_territories_with_mainland_fixed_test,training,3,Training CV fold 4
110407,110407,PT16B,1104,Peral,all_territories_with_mainland_fixed_test,training,3,Training CV fold 4
110409,110409,PT16B,1104,Vermelha,all_territories_with_mainland_fixed_test,training,3,Training CV fold 4
110410,110410,PT16B,1104,Vilar,all_territories_with_mainland_fixed_test,training,3,Training CV fold 4
110411,110411,PT16B,1104,União das Freguesias de Cadaval e Pêro Moniz,all_territories_with_mainland_fixed_test,training,3,Training CV fold 4
110412,110412,PT16B,1104,União das Freguesias de Lamas e Cercal,all_territories_with_mainland_fixed_test,training,3,Training CV fold 4
110413,110413,PT16B,1104,União das Freguesias de Painho e Figuerós,all_territories_with_mainland_fixed_test,training,3,Training CV fold 4
110501,110501,PT170,1105,Alcabideche,all_territories_with_mainland_fixed_test,training,1,Training CV fold 2
110506,110506,PT170,1105,São Domingos de Rana,all_territories_with_mainland_fixed_test,training,1,Training CV fold 2
110507,110507,PT170,1105,União das Freguesias de Carcavelos e Parede,all_territories_with_mainland_fixed_test,training,1,Training CV fold 2
110508,110508,PT170,1105,União das Freguesias de Cascais e Estoril,all_territories_with_mainland_fixed_test,training,1,Training CV fold 2
110601,110601,PT170,1106,Ajuda,all_territories_with_mainland_fixed_test,training,1,Training CV fold 2
110602,110602,PT170,1106,Alcântara,all_territories_with_mainland_fixed_test,training,1,Training CV fold 2
110607,110607,PT170,1106,Beato,all_territories_with_mainland_fixed_test,training,1,Training CV fold 2
110608,110608,PT170,1106,Benfica,all_territories_with_mainland_fixed_test,training,1,Training CV fold 2
110610,110610,PT170,1106,Campolide,all_territories_with_mainland_fixed_test,training,1,Training CV fold 2
110611,110611,PT170,1106,Carnide,all_territories_with_mainland_fixed_test,training,1,Training CV fold 2
110618,110618,PT170,1106,Lumiar,all_territories_with_mainland_fixed_test,training,1,Training CV fold 2
110621,110621,PT170,1106,Marvila,all_territories_with_mainland_fixed_test,training,1,Training CV fold 2
110633,110633,PT170,1106,Olivais,all_territories_with_mainland_fixed_test,training,1,Training CV fold 2
110639,110639,PT170,1106,São Domingos de Benfica,all_territories_with_mainland_fixed_test,training,1,Training CV fold 2
110654,110654,PT170,1106,Alvalade,all_territories_with_mainland_fixed_test,training,1,Training CV fold 2
110655,110655,PT170,1106,Areeiro,all_territories_with_mainland_fixed_test,training,1,Training CV fold 2
110656,110656,PT170,1106,Arroios,all_territories_with_mainland_fixed_test,training,1,Training CV fold 2
110657,110657,PT170,1106,Avenidas Novas,all_territories_with_mainland_fixed_test,training,1,Training CV fold 2
110658,110658,PT170,1106,Belém,all_territories_with_mainland_fixed_test,training,1,Training CV fold 2
110659,110659,PT170,1106,Campo de Ourique,all_territories_with_mainland_fixed_test,training,1,Training CV fold 2
110660,110660,PT170,1106,Estrela,all_territories_with_mainland_fixed_test,training,1,Training CV fold 2
110661,110661,PT170,1106,Misericórdia,all_territories_with_mainland_fixed_test,training,1,Training CV fold 2
110662,110662,PT170,1106,Parque das Nações,all_territories_with_mainland_fixed_test,training,1,Training CV fold 2
110663,110663,PT170,1106,Penha de França,all_territories_with_mainland_fixed_test,training,1,Training CV fold 2
110664,110664,PT170,1106,Santa Clara,all_territories_with_mainland_fixed_test,training,1,Training CV fold 2
110665,110665,PT170,1106,Santa Maria Maior,all_territories_with_mainland_fixed_test,training,1,Training CV fold 2
110666,110666,PT170,1106,Santo António,all_territories_with_mainland_fixed_test,training,1,Training CV fold 2
110667,110667,PT170,1106,São Vicente,all_territories_with_mainland_fixed_test,training,1,Training CV fold 2
110702,110702,PT170,1107,Bucelas,all_territories_with_mainland_fixed_test,training,1,Training CV fold 2
110705,110705,PT170,1107,Fanhões,all_territories_with_mainland_fixed_test,training,1,Training CV fold 2
110707,110707,PT170,1107,Loures,all_territories_with_mainland_fixed_test,training,1,Training CV fold 2
110708,110708,PT170,1107,Lousa,all_territories_with_mainland_fixed_test,training,1,Training CV fold 2
110726,110726,PT170,1107,União das Freguesias de Moscavidade e Portela,all_territories_with_mainland_fixed_test,training,1,Training CV fold 2
110727,110727,PT170,1107,União das Freguesias de Sacavém e Prior Velho,all_territories_with_mainland_fixed_test,training,1,Training CV fold 2
110728,110728,PT170,1107,"União das Freguesias de Santa Iria de Azoia, São João da Talha e Bobadela",all_territories_with_mainland_fixed_test,training,1,Training CV fold 2
110729,110729,PT170,1107,União das Freguesias de Santo Antão e São Julião do Tojal,all_territories_with_mainland_fixed_test,training,1,Training CV fold 2
110730,110730,PT170,1107,União das Freguesias de Santo António de Cavaleiros e Frielas,all_territories_with_mainland_fixed_test,training,1,Training CV fold 2
110731,110731,PT170,1107,"União das Freguesias de Camarate, Unhos e Apelação",all_territories_with_mainland_fixed_test,training,1,Training CV fold 2
110803,110803,PT16B,1108,Moita dos Ferreiros,all_territories_with_mainland_fixed_test,training,3,Training CV fold 4
110805,110805,PT16B,1108,Reguengo Grande,all_territories_with_mainland_fixed_test,training,3,Training CV fold 4
110806,110806,PT16B,1108,Santa Bárbara,all_territories_with_mainland_fixed_test,training,3,Training CV fold 4
110808,110808,PT16B,1108,Vimeiro,all_territories_with_mainland_fixed_test,training,3,Training CV fold 4
110810,110810,PT16B,1108,Ribamar,all_territories_with_mainland_fixed_test,training,3,Training CV fold 4
110812,110813,PT16B,1108,União das Freguesias de Lourinhã e Atalaia,all_territories_with_mainland_fixed_test,training,3,Training CV fold 4
110813,110814,PT16B,1108,União das Freguesias de Miragaia e Marteleira,all_territories_with_mainland_fixed_test,training,3,Training CV fold 4
110814,110815,PT16B,1108,União das Freguesias de São Bartolomeu dos Galegos e Moledo,all_territories_with_mainland_fixed_test,training,3,Training CV fold 4
110902,110902,PT170,1109,Carvoeira,all_territories_with_mainland_fixed_test,training,1,Training CV fold 2
110904,110904,PT170,1109,Encarnação,all_territories_with_mainland_fixed_test,training,1,Training CV fold 2
110906,110906,PT170,1109,Ericeira,all_territories_with_mainland_fixed_test,training,1,Training CV fold 2
110909,110909,PT170,1109,Mafra,all_territories_with_mainland_fixed_test,training,1,Training CV fold 2
110911,110911,PT170,1109,Milharado,all_territories_with_mainland_fixed_test,training,1,Training CV fold 2
110913,110913,PT170,1109,Santo Isidoro,all_territories_with_mainland_fixed_test,training,1,Training CV fold 2
110918,110918,PT170,1109,União das Freguesias de Azueira e Sobral de Abelheira,all_territories_with_mainland_fixed_test,training,1,Training CV fold 2
110919,110919,PT170,1109,"União das Freguesias de Enxara do Bispo, Gradil e Vila Franco do Rosário",all_territories_with_mainland_fixed_test,training,1,Training CV fold 2
110920,110920,PT170,1109,União das Freguesias de Igreja Nova e Cheleiros,all_territories_with_mainland_fixed_test,training,1,Training CV fold 2
110921,110921,PT170,1109,União das Freguesias de Malveira e São Miguel de Alcainça,all_territories_with_mainland_fixed_test,training,1,Training CV fold 2
110922,110922,PT170,1109,União das Freguesias de Venda do Pinheiro e São Estêvão de Galés,all_territories_with_mainland_fixed_test,training,1,Training CV fold 2
111002,111002,PT170,1110,Barcarena,all_territories_with_mainland_fixed_test,training,1,Training CV fold 2
111009,111010,PT170,1110,Porto Salvo,all_territories_with_mainland_fixed_test,training,1,Training CV fold 2
111012,111012,PT170,1110,"União das Freguesias de Algés, Linda-a-Velha e Cruz Quebrada-Dafundo",all_territories_with_mainland_fixed_test,training,1,Training CV fold 2
111013,111013,PT170,1110,União das Freguesias de Carnaxide e Queijas,all_territories_with_mainland_fixed_test,training,1,Training CV fold 2
111014,111014,PT170,1110,"União das Freguesias de Oeiras e São Julião da Barra, Paços de Arcos e Caxias",all_territories_with_mainland_fixed_test,training,1,Training CV fold 2
111102,111102,PT170,1111,Algueirão-Mem Martins,all_territories_with_mainland_fixed_test,training,1,Training CV fold 2
111105,111105,PT170,1111,Colares,all_territories_with_mainland_fixed_test,training,1,Training CV fold 2
111108,111108,PT170,1111,Rio de Mouro,all_territories_with_mainland_fixed_test,training,1,Training CV fold 2
111115,111115,PT170,1111,Casal de Cambra,all_territories_with_mainland_fixed_test,training,1,Training CV fold 2
111122,111122,PT170,1111,União das Freguesias de Agualva e Mira-Sintra,all_territories_with_mainland_fixed_test,training,1,Training CV fold 2
111123,111123,PT170,1111,"União das Freguesias de Almargem do Bispo, Pêro Pinheiro e Montelavar",all_territories_with_mainland_fixed_test,training,1,Training CV fold 2
111124,111124,PT170,1111,União das Freguesias de Cacém e São Marcos,all_territories_with_mainland_fixed_test,training,1,Training CV fold 2
111125,111125,PT170,1111,União das Freguesias de Massamá e Monte Abraão,all_territories_with_mainland_fixed_test,training,1,Training CV fold 2
111126,111126,PT170,1111,União das Freguesias de Queluz e Belas,all_territories_with_mainland_fixed_test,training,1,Training CV fold 2
111127,111127,PT170,1111,União das Freguesias de São João das Lampas e Terrugem,all_territories_with_mainland_fixed_test,training,1,Training CV fold 2
111128,111128,PT170,1111,"União das Freguesias de Sintra (Santa Maria e São Miguel, São Martinho e São Pedro de Penaferrim)",all_territories_with_mainland_fixed_test,training,1,Training CV fold 2
111201,111201,PT16B,1112,Santo Quintino,all_territories_with_mainland_fixed_test,training,3,Training CV fold 4
111202,111202,PT16B,1112,Sapataria,all_territories_with_mainland_fixed_test,training,3,Training CV fold 4
111203,111203,PT16B,1112,Sobral de Monte Agraço,all_territories_with_mainland_fixed_test,training,3,Training CV fold 4
111306,111306,PT16B,1113,Freiria,all_territories_with_mainland_fixed_test,training,3,Training CV fold 4
111310,111310,PT16B,1113,Ponte do Rol,all_territories_with_mainland_fixed_test,training,3,Training CV fold 4
111311,111311,PT16B,1113,Ramalhal,all_territories_with_mainland_fixed_test,training,3,Training CV fold 4
111314,111314,PT16B,1113,São Pedro da Cadeira,all_territories_with_mainland_fixed_test,training,3,Training CV fold 4
111316,111316,PT16B,1113,Silveira,all_territories_with_mainland_fixed_test,training,3,Training CV fold 4
111317,111317,PT16B,1113,Turcifal,all_territories_with_mainland_fixed_test,training,3,Training CV fold 4
111318,111318,PT16B,1113,Ventosa,all_territories_with_mainland_fixed_test,training,3,Training CV fold 4
111321,111321,PT16B,1113,União das Freguesias de A dos Cunhados e Maceira,all_territories_with_mainland_fixed_test,training,3,Training CV fold 4
111322,111322,PT16B,1113,União das Freguesias de Campelos e Outeiro da Cabeça,all_territories_with_mainland_fixed_test,training,3,Training CV fold 4
111323,111323,PT16B,1113,União das Freguesias de Carvoeira e Carmões,all_territories_with_mainland_fixed_test,training,3,Training CV fold 4
111324,111324,PT16B,1113,União das Freguesias de Dois Portos e Runas,all_territories_with_mainland_fixed_test,training,3,Training CV fold 4
111325,111325,PT16B,1113,União das Freguesiasde Maxial e Monte Redondo,all_territories_with_mainland_fixed_test,training,3,Training CV fold 4
111326,111326,PT16B,1113,União das Freguesias de Torres Vedras (São Pedro e Santiago e Santa Maria do Castelo e São Miguel) e Matacães,all_territories_with_mainland_fixed_test,training,3,Training CV fold 4
111408,111408,PT170,1114,Vialonga,all_territories_with_mainland_fixed_test,training,1,Training CV fold 2
111409,111409,PT170,1114,Vila Franca de Xira,all_territories_with_mainland_fixed_test,training,1,Training CV fold 2
111412,111412,PT170,1114,"União das Freguesias de Alhandra, São João dos Montes e Calhandriz",all_territories_with_mainland_fixed_test,training,1,Training CV fold 2
111413,111413,PT170,1114,União das Freguesias de Alverca do Ribatejo e Sobralinho,all_territories_with_mainland_fixed_test,training,1,Training CV fold 2
111414,111414,PT170,1114,União das Freguesias de Castanheira do Ribatejo e Cachoeiras,all_territories_with_mainland_fixed_test,training,1,Training CV fold 2
111415,111415,PT170,1114,União das Freguesias de Póvoa de Santa Iria e Forte da Casa,all_territories_with_mainland_fixed_test,training,1,Training CV fold 2
111512,111512,PT170,1115,Alfragide,all_territories_with_mainland_fixed_test,training,1,Training CV fold 2
111513,111513,PT170,1115,Águas Livres,all_territories_with_mainland_fixed_test,training,1,Training CV fold 2
111514,111514,PT170,1115,Encosta do Sol,all_territories_with_mainland_fixed_test,training,1,Training CV fold 2
111515,111515,PT170,1115,Falagueira-Venda Nova,all_territories_with_mainland_fixed_test,training,1,Training CV fold 2
111516,111516,PT170,1115,Mina de Água,all_territories_with_mainland_fixed_test,training,1,Training CV fold 2
111517,111517,PT170,1115,Venteira,all_territories_with_mainland_fixed_test,training,1,Training CV fold 2
111603,111603,PT170,1116,Odivelas,all_territories_with_mainland_fixed_test,training,1,Training CV fold 2
111608,111608,PT170,1116,União das Freguesias de Pontinha e Famões,all_territories_with_mainland_fixed_test,training,1,Training CV fold 2
111609,111609,PT170,1116,União das Freguesias de Póvoa de Santo Adrião e Olival Basto,all_territories_with_mainland_fixed_test,training,1,Training CV fold 2
111610,111610,PT170,1116,União das Freguesias de Ramada e Caneças,all_territories_with_mainland_fixed_test,training,1,Training CV fold 2
120101,120101,PT186,1201,Alter do Chão,all_territories_with_mainland_fixed_test,training,0,Training CV fold 1
120102,120102,PT186,1201,Chancelaria,all_territories_with_mainland_fixed_test,training,0,Training CV fold 1
120103,120103,PT186,1201,Seda,all_territories_with_mainland_fixed_test,training,0,Training CV fold 1
120104,120104,PT186,1201,Cunheira,all_territories_with_mainland_fixed_test,training,0,Training CV fold 1
120201,120201,PT186,1202,Assunção,all_territories_with_mainland_fixed_test,training,0,Training CV fold 1
120202,120202,PT186,1202,Esperança,all_territories_with_mainland_fixed_test,training,0,Training CV fold 1
120203,120203,PT186,1202,Mosteiros,all_territories_with_mainland_fixed_test,training,0,Training CV fold 1
120302,120302,PT186,1203,Aldeia Velha,all_territories_with_mainland_fixed_test,training,0,Training CV fold 1
120303,120303,PT186,1203,Avis,all_territories_with_mainland_fixed_test,training,0,Training CV fold 1
120305,120305,PT186,1203,Ervedal,all_territories_with_mainland_fixed_test,training,0,Training CV fold 1
120306,120306,PT186,1203,Figueira e Barros,all_territories_with_mainland_fixed_test,training,0,Training CV fold 1
120309,120309,PT186,1203,União das Freguesias de Alcôrrego e Maranhão,all_territories_with_mainland_fixed_test,training,0,Training CV fold 1
120310,120310,PT186,1203,União das Freguesias de Benavila  e Valongo,all_territories_with_mainland_fixed_test,training,0,Training CV fold 1
120401,120401,PT186,1204,Nossa Senhora da Expectação,all_territories_with_mainland_fixed_test,training,0,Training CV fold 1
120402,120402,PT186,1204,Nossa Senhora da Graça dos Degolados,all_territories_with_mainland_fixed_test,training,0,Training CV fold 1
120403,120403,PT186,1204,São João Baptista,all_territories_with_mainland_fixed_test,training,0,Training CV fold 1
120501,120501,PT186,1205,Nossa Senhora da Graça de Póvoa e Meadas,all_territories_with_mainland_fixed_test,training,0,Training CV fold 1
120502,120502,PT186,1205,Santa Maria da Devesa,all_territories_with_mainland_fixed_test,training,0,Training CV fold 1
120503,120503,PT186,1205,Santiago Maior,all_territories_with_mainland_fixed_test,training,0,Training CV fold 1
120504,120504,PT186,1205,São João Baptista,all_territories_with_mainland_fixed_test,training,0,Training CV fold 1
120601,120601,PT186,1206,Aldeia da Mata,all_territories_with_mainland_fixed_test,training,0,Training CV fold 1
120604,120604,PT186,1206,Gáfete,all_territories_with_mainland_fixed_test,training,0,Training CV fold 1
120605,120605,PT186,1206,Monte da Pedra,all_territories_with_mainland_fixed_test,training,0,Training CV fold 1
120607,120607,PT186,1206,"União das Freguesias de Crato e Mártires, Flor da Rosa e Vale do Peso",all_territories_with_mainland_fixed_test,training,0,Training CV fold 1
120706,120706,PT186,1207,Santa Eulália,all_territories_with_mainland_fixed_test,training,0,Training CV fold 1
120707,120707,PT186,1207,São Brás e São Lourenço,all_territories_with_mainland_fixed_test,training,0,Training CV fold 1
120708,120708,PT186,1207,São Vicente e Ventosa,all_territories_with_mainland_fixed_test,training,0,Training CV fold 1
120712,120712,PT186,1207,"União das Freguesias de Assunção, Ajuda, Salvador e Santo Ildefonso",all_territories_with_mainland_fixed_test,training,0,Training CV fold 1
120713,120713,PT186,1207,"União das Freguesias de Caia,São Pedro e Alcáçova",all_territories_with_mainland_fixed_test,training,0,Training CV fold 1
120714,120714,PT186,1207,União das Freguesias de Barbacena e Vila Fernando,all_territories_with_mainland_fixed_test,training,0,Training CV fold 1
120715,120715,PT186,1207,União das Freguesias de Terrugem e Vila Boim,all_territories_with_mainland_fixed_test,training,0,Training CV fold 1
120801,120801,PT186,1208,Cabeço de Vide,all_territories_with_mainland_fixed_test,training,0,Training CV fold 1
120802,120802,PT186,1208,Fronteira,all_territories_with_mainland_fixed_test,training,0,Training CV fold 1
120803,120803,PT186,1208,São Saturnino,all_territories_with_mainland_fixed_test,training,0,Training CV fold 1
120902,120902,PT186,1209,Belver,all_territories_with_mainland_fixed_test,training,0,Training CV fold 1
120903,120903,PT186,1209,Comenda,all_territories_with_mainland_fixed_test,training,0,Training CV fold 1
120905,120905,PT186,1209,Margem,all_territories_with_mainland_fixed_test,training,0,Training CV fold 1
120906,120906,PT186,1209,União das Freguesias de Gavião e Atalaia,all_territories_with_mainland_fixed_test,training,0,Training CV fold 1
121001,121001,PT186,1210,Beirã,all_territories_with_mainland_fixed_test,training,0,Training CV fold 1
121002,121002,PT186,1210,Santa Maria de Marvão,all_territories_with_mainland_fixed_test,training,0,Training CV fold 1
121003,121003,PT186,1210,Santo António das Areias,all_territories_with_mainland_fixed_test,training,0,Training CV fold 1
121004,121004,PT186,1210,São Salvador da Aramenha,all_territories_with_mainland_fixed_test,training,0,Training CV fold 1
121101,121101,PT186,1211,Assumar,all_territories_with_mainland_fixed_test,training,0,Training CV fold 1
121102,121102,PT186,1211,Monforte,all_territories_with_mainland_fixed_test,training,0,Training CV fold 1
121103,121103,PT186,1211,Santo Aleixo,all_territories_with_mainland_fixed_test,training,0,Training CV fold 1
121104,121104,PT186,1211,Vaiamonte,all_territories_with_mainland_fixed_test,training,0,Training CV fold 1
121201,121201,PT186,1212,Alpalhão,all_territories_with_mainland_fixed_test,training,0,Training CV fold 1
121205,121205,PT186,1212,Montalvão,all_territories_with_mainland_fixed_test,training,0,Training CV fold 1
121207,121207,PT186,1212,Santana,all_territories_with_mainland_fixed_test,training,0,Training CV fold 1
121208,121208,PT186,1212,São Matias,all_territories_with_mainland_fixed_test,training,0,Training CV fold 1
121210,121210,PT186,1212,Tolosa,all_territories_with_mainland_fixed_test,training,0,Training CV fold 1
121211,121211,PT186,1212,União das Freguesias de Arez e Amieira do Tejo,all_territories_with_mainland_fixed_test,training,0,Training CV fold 1
121212,121212,PT186,1212,"União das Freguesias de Espírito Santo, Nossa Senhora da Graça e São Simão",all_territories_with_mainland_fixed_test,training,0,Training CV fold 1
121301,121301,PT186,1213,Galveias,all_territories_with_mainland_fixed_test,training,0,Training CV fold 1
121302,121302,PT186,1213,Montargil,all_territories_with_mainland_fixed_test,training,0,Training CV fold 1
121304,121304,PT186,1213,Foros de Arrão,all_territories_with_mainland_fixed_test,training,0,Training CV fold 1
121305,121305,PT186,1213,Longomel,all_territories_with_mainland_fixed_test,training,0,Training CV fold 1
121308,121308,PT186,1213,"União das Freguesias de Ponte Sor, Tramaga e Vale de Açor",all_territories_with_mainland_fixed_test,training,0,Training CV fold 1
121401,121401,PT186,1214,Alagoa,all_territories_with_mainland_fixed_test,training,0,Training CV fold 1
121402,121402,PT186,1214,Alegrete,all_territories_with_mainland_fixed_test,training,0,Training CV fold 1
121404,121404,PT186,1214,Fortios,all_territories_with_mainland_fixed_test,training,0,Training CV fold 1
121410,121410,PT186,1214,Urra,all_territories_with_mainland_fixed_test,training,0,Training CV fold 1
121411,121411,PT186,1214,União das Freguesias de Sé e São Lourenço,all_territories_with_mainland_fixed_test,training,0,Training CV fold 1
121412,121412,PT186,1214,União das Freguesias de Reguengo e São Julião,all_territories_with_mainland_fixed_test,training,0,Training CV fold 1
121413,121413,PT186,1214,União das Freguesias de Ribeira de Nisa e Carreiras,all_territories_with_mainland_fixed_test,training,0,Training CV fold 1
121501,121501,PT186,1215,Cano,all_territories_with_mainland_fixed_test,training,0,Training CV fold 1
121502,121502,PT186,1215,Casa Branca,all_territories_with_mainland_fixed_test,training,0,Training CV fold 1
121503,121503,PT186,1215,Santo Amaro,all_territories_with_mainland_fixed_test,training,0,Training CV fold 1
121504,121504,PT186,1215,Sousel,all_territories_with_mainland_fixed_test,training,0,Training CV fold 1
130103,130103,PT11C,1301,Ansiães,all_territories_with_mainland_fixed_test,training,1,Training CV fold 2
130107,130107,PT11C,1301,Candemil,all_territories_with_mainland_fixed_test,training,1,Training CV fold 2
130112,130112,PT11C,1301,Fregim,all_territories_with_mainland_fixed_test,training,1,Training CV fold 2
130115,130115,PT11C,1301,Fridão,all_territories_with_mainland_fixed_test,training,1,Training CV fold 2
130117,130117,PT11C,1301,Gondar,all_territories_with_mainland_fixed_test,training,1,Training CV fold 2
130118,130118,PT11C,1301,Jazente,all_territories_with_mainland_fixed_test,training,1,Training CV fold 2
130119,130119,PT11C,1301,Lomba,all_territories_with_mainland_fixed_test,training,1,Training CV fold 2
130120,130120,PT11C,1301,Louredo,all_territories_with_mainland_fixed_test,training,1,Training CV fold 2
130121,130121,PT11C,1301,Lufrei,all_territories_with_mainland_fixed_test,training,1,Training CV fold 2
130123,130123,PT11C,1301,Mancelos,all_territories_with_mainland_fixed_test,training,1,Training CV fold 2
130126,130126,PT11C,1301,Padronelo,all_territories_with_mainland_fixed_test,training,1,Training CV fold 2
130128,130128,PT11C,1301,Rebordelo,all_territories_with_mainland_fixed_test,training,1,Training CV fold 2
130129,130129,PT11C,1301,Salvador do Monte,all_territories_with_mainland_fixed_test,training,1,Training CV fold 2
130134,130134,PT11C,1301,Gouveia (São Simão),all_territories_with_mainland_fixed_test,training,1,Training CV fold 2
130135,130135,PT11C,1301,Telões,all_territories_with_mainland_fixed_test,training,1,Training CV fold 2
130136,130136,PT11C,1301,Travanca,all_territories_with_mainland_fixed_test,training,1,Training CV fold 2
130138,130138,PT11C,1301,Vila Caiz,all_territories_with_mainland_fixed_test,training,1,Training CV fold 2
130139,130139,PT11C,1301,Vila Chã do Marão,all_territories_with_mainland_fixed_test,training,1,Training CV fold 2
130141,130141,PT11C,1301,"União das Freguesias de Aboadela, Sanche e Várzea",all_territories_with_mainland_fixed_test,training,1,Training CV fold 2
130142,130142,PT11C,1301,"União das Freguesias de Amarante (São Gonçalo), Madalena, Cepelos e Gatão",all_territories_with_mainland_fixed_test,training,1,Training CV fold 2
130143,130143,PT11C,1301,"União das Freguesias de Bustelo, Carneiro e Carvalho de Rei",all_territories_with_mainland_fixed_test,training,1,Training CV fold 2
130144,130144,PT11C,1301,União das Freguesias de Figueiró ( Santiago e Santa Cristina),all_territories_with_mainland_fixed_test,training,1,Training CV fold 2
130145,130145,PT11C,1301,União das Freguesias de Freixo de Cima e de Baixo,all_territories_with_mainland_fixed_test,training,1,Training CV fold 2
130146,130146,PT11C,1301,União das Freguesias de Olo e Canadelo,all_territories_with_mainland_fixed_test,training,1,Training CV fold 2
130147,130147,PT11C,1301,"União das Freguesias de Real, Ataíde e Oliveira",all_territories_with_mainland_fixed_test,training,1,Training CV fold 2
130148,130148,PT11C,1301,"União das Freguesias de Vila Garcia, Aboim e Chapa",all_territories_with_mainland_fixed_test,training,1,Training CV fold 2
130204,130204,PT11C,1302,Frende,all_territories_with_mainland_fixed_test,training,1,Training CV fold 2
130205,130205,PT11C,1302,Gestaçô,all_territories_with_mainland_fixed_test,training,1,Training CV fold 2
130206,130206,PT11C,1302,Gove,all_territories_with_mainland_fixed_test,training,1,Training CV fold 2
130207,130207,PT11C,1302,Grilo,all_territories_with_mainland_fixed_test,training,1,Training CV fold 2
130208,130208,PT11C,1302,Loivos do Monte,all_territories_with_mainland_fixed_test,training,1,Training CV fold 2
130215,130215,PT11C,1302,Santa Marinha do Zêzere,all_territories_with_mainland_fixed_test,training,1,Training CV fold 2
130219,130219,PT11C,1302,Valadares,all_territories_with_mainland_fixed_test,training,1,Training CV fold 2
130220,130220,PT11C,1302,Viariz,all_territories_with_mainland_fixed_test,training,1,Training CV fold 2
130221,130221,PT11C,1302,União das Freguesias de Ancede e Ribadouro,all_territories_with_mainland_fixed_test,training,1,Training CV fold 2
130222,130222,PT11C,1302,União das Freguesias de Baião (Santa Leocácia) e Mesquinhata,all_territories_with_mainland_fixed_test,training,1,Training CV fold 2
130223,130223,PT11C,1302,União das Freguesias de Campelo e Ovil,all_territories_with_mainland_fixed_test,training,1,Training CV fold 2
130224,130224,PT11C,1302,União das Freguesias de Loivos da Ribeira e Tresouras,all_territories_with_mainland_fixed_test,training,1,Training CV fold 2
130225,130225,PT11C,1302,União das Freguesias de Santa Cruz do Douro e São Tomé de Covelas,all_territories_with_mainland_fixed_test,training,1,Training CV fold 2
130226,130226,PT11C,1302,União das Freguesias de Teixeira e Teixeiró,all_territories_with_mainland_fixed_test,training,1,Training CV fold 2
130301,130301,PT11C,1303,Aião,all_territories_with_mainland_fixed_test,training,1,Training CV fold 2
130302,130302,PT11C,1303,Airães,all_territories_with_mainland_fixed_test,training,1,Training CV fold 2
130305,130305,PT11C,1303,Friande,all_territories_with_mainland_fixed_test,training,1,Training CV fold 2
130306,130306,PT11C,1303,Idães,all_territories_with_mainland_fixed_test,training,1,Training CV fold 2
130307,130307,PT11C,1303,Jugueiros,all_territories_with_mainland_fixed_test,training,1,Training CV fold 2
130313,130313,PT11C,1303,Penacova,all_territories_with_mainland_fixed_test,training,1,Training CV fold 2
130314,130314,PT11C,1303,Pinheiro,all_territories_with_mainland_fixed_test,training,1,Training CV fold 2
130315,130315,PT11C,1303,Pombeiro de Ribavizela,all_territories_with_mainland_fixed_test,training,1,Training CV fold 2
130317,130317,PT11C,1303,Refontoura,all_territories_with_mainland_fixed_test,training,1,Training CV fold 2
130318,130318,PT11C,1303,Regilde,all_territories_with_mainland_fixed_test,training,1,Training CV fold 2
130319,130319,PT11C,1303,Revinhade,all_territories_with_mainland_fixed_test,training,1,Training CV fold 2
130324,130324,PT11C,1303,Sendim,all_territories_with_mainland_fixed_test,training,1,Training CV fold 2
130334,130334,PT11C,1303,União das Freguesias de Macieira da Lixa e Caramos,all_territories_with_mainland_fixed_test,training,1,Training CV fold 2
130335,130335,PT11C,1303,"União das Freguesias de Margaride, Várzea, Lagares, Varziela e Moure",all_territories_with_mainland_fixed_test,training,1,Training CV fold 2
130336,130336,PT11C,1303,"União das Freguesias de Pedreira, Rande e Sernande",all_territories_with_mainland_fixed_test,training,1,Training CV fold 2
130337,130337,PT11C,1303,União das Freguesias de Torrados e Sousa,all_territories_with_mainland_fixed_test,training,1,Training CV fold 2
130338,130338,PT11C,1303,União das Freguesias de Unhão e Lordelo,all_territories_with_mainland_fixed_test,training,1,Training CV fold 2
130339,130339,PT11C,1303,União das Freguesias de Vila Cova da Lixa e Borba de Godim,all_territories_with_mainland_fixed_test,training,1,Training CV fold 2
130340,130340,PT11C,1303,União das Freguesias de Vila Fria e Vizela (São Jorge),all_territories_with_mainland_fixed_test,training,1,Training CV fold 2
130341,130341,PT11C,1303,União das Freguesias de Vila Verde e Santão,all_territories_with_mainland_fixed_test,training,1,Training CV fold 2
130405,130405,PT11A,1304,Lomba,all_territories_with_mainland_fixed_test,training,2,Training CV fold 3
130408,130408,PT11A,1304,Rio Tinto,all_territories_with_mainland_fixed_test,training,2,Training CV fold 3
130412,130412,PT11A,1304,Baguim do Monte (Rio Tinto),all_territories_with_mainland_fixed_test,training,2,Training CV fold 3
130413,130413,PT11A,1304,União das Freguesias de Fânzeres e São Pedro da Cova,all_territories_with_mainland_fixed_test,training,2,Training CV fold 3
130414,130414,PT11A,1304,União das Freguesias de Foz de Sousa e Covelo,all_territories_with_mainland_fixed_test,training,2,Training CV fold 3
130415,130415,PT11A,1304,"União das Freguesias de Gondomar (São Cosme), Valbom e Jovim",all_territories_with_mainland_fixed_test,training,2,Training CV fold 3
130416,130416,PT11A,1304,União das Freguesias de Melres e Medas,all_territories_with_mainland_fixed_test,training,2,Training CV fold 3
130502,130502,PT11C,1305,Aveleda,all_territories_with_mainland_fixed_test,training,1,Training CV fold 2
130504,130504,PT11C,1305,Caíde de Rei,all_territories_with_mainland_fixed_test,training,1,Training CV fold 2
130510,130510,PT11C,1305,Lodares,all_territories_with_mainland_fixed_test,training,1,Training CV fold 2
130512,130512,PT11C,1305,Macieira,all_territories_with_mainland_fixed_test,training,1,Training CV fold 2
130513,130513,PT11C,1305,Meinedo,all_territories_with_mainland_fixed_test,training,1,Training CV fold 2
130515,130515,PT11C,1305,Nevogilde,all_territories_with_mainland_fixed_test,training,1,Training CV fold 2
130524,130524,PT11C,1305,Sousela,all_territories_with_mainland_fixed_test,training,1,Training CV fold 2
130525,130525,PT11C,1305,Torno,all_territories_with_mainland_fixed_test,training,1,Training CV fold 2
130526,130526,PT11C,1305,Vilar do Torno e Alentém,all_territories_with_mainland_fixed_test,training,1,Training CV fold 2
130527,130527,PT11C,1305,União das Freguesias de Cernadelo e Lousada (São Miguel e Santa Margarida),all_territories_with_mainland_fixed_test,training,1,Training CV fold 2
130528,130528,PT11C,1305,"União das Freguesias de Cristelos, Boim e Ordem",all_territories_with_mainland_fixed_test,training,1,Training CV fold 2
130529,130529,PT11C,1305,União das Freguesias de Figueiras e Covas,all_territories_with_mainland_fixed_test,training,1,Training CV fold 2
130530,130530,PT11C,1305,União das Freguesias de Lustosa e Barrosas (Santo Estêvão),all_territories_with_mainland_fixed_test,training,1,Training CV fold 2
130531,130531,PT11C,1305,União das Freguesias de Nespereira e Casais,all_territories_with_mainland_fixed_test,training,1,Training CV fold 2
130532,130532,PT11C,1305,"União das Freguesias de Silvares, Pias, Nogueira e Alvarenga",all_territories_with_mainland_fixed_test,training,1,Training CV fold 2
130601,130601,PT11A,1306,Águas Santas,all_territories_with_mainland_fixed_test,training,2,Training CV fold 3
130603,130603,PT11A,1306,Folgosa,all_territories_with_mainland_fixed_test,training,2,Training CV fold 3
130608,130608,PT11A,1306,Milheirós,all_territories_with_mainland_fixed_test,training,2,Training CV fold 3
130609,130609,PT11A,1306,Moreira,all_territories_with_mainland_fixed_test,training,2,Training CV fold 3
130613,130613,PT11A,1306,São Pedro Fins,all_territories_with_mainland_fixed_test,training,2,Training CV fold 3
130616,130616,PT11A,1306,Vila Nova da Telha,all_territories_with_mainland_fixed_test,training,2,Training CV fold 3
130617,130617,PT11A,1306,Pedrouços,all_territories_with_mainland_fixed_test,training,2,Training CV fold 3
130618,130618,PT11A,1306,Castêlo da Maia,all_territories_with_mainland_fixed_test,training,2,Training CV fold 3
130619,130619,PT11A,1306,Cidade da Maia,all_territories_with_mainland_fixed_test,training,2,Training CV fold 3
130620,130620,PT11A,1306,Nogueira e Silva Escura,all_territories_with_mainland_fixed_test,training,2,Training CV fold 3
130704,130704,PT11C,1307,Banho e Carvalhosa,all_territories_with_mainland_fixed_test,training,1,Training CV fold 2
130705,130705,PT11C,1307,Constance,all_territories_with_mainland_fixed_test,training,1,Training CV fold 2
130722,130722,PT11C,1307,Soalhães,all_territories_with_mainland_fixed_test,training,1,Training CV fold 2
130723,130723,PT11C,1307,Sobretâmega,all_territories_with_mainland_fixed_test,training,1,Training CV fold 2
130724,130724,PT11C,1307,Tabuado,all_territories_with_mainland_fixed_test,training,1,Training CV fold 2
130730,130730,PT11C,1307,Vila Boa do Bispo,all_territories_with_mainland_fixed_test,training,1,Training CV fold 2
130732,130732,PT11C,1307,"Alpendurado, Várzea e Torrão ",all_territories_with_mainland_fixed_test,training,1,Training CV fold 2
130733,130733,PT11C,1307,Avessadas e Rosém,all_territories_with_mainland_fixed_test,training,1,Training CV fold 2
130734,130734,PT11C,1307,Bem Viver,all_territories_with_mainland_fixed_test,training,1,Training CV fold 2
130735,130735,PT11C,1307,Livração,all_territories_with_mainland_fixed_test,training,1,Training CV fold 2
130736,130736,PT11C,1307,Marco,all_territories_with_mainland_fixed_test,training,1,Training CV fold 2
130737,130737,PT11C,1307,Paredes de Viadores e Manhuncelos,all_territories_with_mainland_fixed_test,training,1,Training CV fold 2
130738,130738,PT11C,1307,Penha Longa e Paços de Gaiolo,all_territories_with_mainland_fixed_test,training,1,Training CV fold 2
130739,130739,PT11C,1307,Sande e São Lourenço,all_territories_with_mainland_fixed_test,training,1,Training CV fold 2
130740,130740,PT11C,1307,"Várzea, Aliviada e Folhada",all_territories_with_mainland_fixed_test,training,1,Training CV fold 2
130741,130741,PT11C,1307,União das Freguesias de Vila Boa de Quires e Maureles,all_territories_with_mainland_fixed_test,training,1,Training CV fold 2
130811,130811,PT11A,1308,"União das Freguesias de Custóias, Leça do Balio e Guifões",all_territories_with_mainland_fixed_test,training,2,Training CV fold 3
130812,130812,PT11A,1308,União das Freguesias de Matosinhos e Leça da Palmeira,all_territories_with_mainland_fixed_test,training,2,Training CV fold 3
130813,130813,PT11A,1308,"União das Freguesias de Perafita, Lavra e Santa Cruz do Bispo",all_territories_with_mainland_fixed_test,training,2,Training CV fold 3
130814,130814,PT11A,1308,União das Freguesia de São Mamede de Infesta e Senhora da Hora,all_territories_with_mainland_fixed_test,training,2,Training CV fold 3
130902,130902,PT11C,1309,Carvalhosa,all_territories_with_mainland_fixed_test,training,1,Training CV fold 2
130904,130904,PT11C,1309,Eiriz,all_territories_with_mainland_fixed_test,training,1,Training CV fold 2
130905,130905,PT11C,1309,Ferreira,all_territories_with_mainland_fixed_test,training,1,Training CV fold 2
130906,130906,PT11C,1309,Figueiró,all_territories_with_mainland_fixed_test,training,1,Training CV fold 2
130908,130908,PT11C,1309,Freamunde,all_territories_with_mainland_fixed_test,training,1,Training CV fold 2
130910,130910,PT11C,1309,Meixomil,all_territories_with_mainland_fixed_test,training,1,Training CV fold 2
130913,130913,PT11C,1309,Penamaior,all_territories_with_mainland_fixed_test,training,1,Training CV fold 2
130914,130914,PT11C,1309,Raimonda,all_territories_with_mainland_fixed_test,training,1,Training CV fold 2
130916,130916,PT11C,1309,Seroa,all_territories_with_mainland_fixed_test,training,1,Training CV fold 2
130917,130917,PT11C,1309,Frazão Arreigada,all_territories_with_mainland_fixed_test,training,1,Training CV fold 2
130918,130918,PT11C,1309,Paços de Ferreira,all_territories_with_mainland_fixed_test,training,1,Training CV fold 2
130919,130919,PT11C,1309,Safins Lamoso Condessos,all_territories_with_mainland_fixed_test,training,1,Training CV fold 2
131001,131001,PT11A,1310,Aguiar de Sousa,all_territories_with_mainland_fixed_test,training,2,Training CV fold 3
131002,131002,PT11A,1310,Astromil,all_territories_with_mainland_fixed_test,training,2,Training CV fold 3
131003,131003,PT11A,1310,Baltar,all_territories_with_mainland_fixed_test,training,2,Training CV fold 3
131004,131004,PT11A,1310,Beire,all_territories_with_mainland_fixed_test,training,2,Training CV fold 3
131008,131008,PT11A,1310,Cete,all_territories_with_mainland_fixed_test,training,2,Training CV fold 3
131009,131009,PT11A,1310,Cristelo,all_territories_with_mainland_fixed_test,training,2,Training CV fold 3
131010,131010,PT11A,1310,Duas Igrejas,all_territories_with_mainland_fixed_test,training,2,Training CV fold 3
131011,131011,PT11A,1310,Gandra,all_territories_with_mainland_fixed_test,training,2,Training CV fold 3
131013,131013,PT11A,1310,Lordelo,all_territories_with_mainland_fixed_test,training,2,Training CV fold 3
131014,131014,PT11A,1310,Louredo,all_territories_with_mainland_fixed_test,training,2,Training CV fold 3
131017,131017,PT11A,1310,Parada de Todeia,all_territories_with_mainland_fixed_test,training,2,Training CV fold 3
131018,131018,PT11A,1310,Rebordosa,all_territories_with_mainland_fixed_test,training,2,Training CV fold 3
131019,131019,PT11A,1310,Recarei,all_territories_with_mainland_fixed_test,training,2,Training CV fold 3
131020,131020,PT11A,1310,Sobreira,all_territories_with_mainland_fixed_test,training,2,Training CV fold 3
131021,131021,PT11A,1310,Sobrosa,all_territories_with_mainland_fixed_test,training,2,Training CV fold 3
131022,131022,PT11A,1310,Vandoma,all_territories_with_mainland_fixed_test,training,2,Training CV fold 3
131024,131024,PT11A,1310,Vilela,all_territories_with_mainland_fixed_test,training,2,Training CV fold 3
131025,131025,PT11A,1310,Paredes,all_territories_with_mainland_fixed_test,training,2,Training CV fold 3
131101,131101,PT11C,1311,Abragão,all_territories_with_mainland_fixed_test,training,1,Training CV fold 2
131102,131102,PT11C,1311,Boelhe,all_territories_with_mainland_fixed_test,training,1,Training CV fold 2
131103,131103,PT11C,1311,Bustelo,all_territories_with_mainland_fixed_test,training,1,Training CV fold 2
131104,131104,PT11C,1311,Cabeça Santa,all_territories_with_mainland_fixed_test,training,1,Training CV fold 2
131105,131105,PT11C,1311,Canelas,all_territories_with_mainland_fixed_test,training,1,Training CV fold 2
131106,131106,PT11C,1311,Capela,all_territories_with_mainland_fixed_test,training,1,Training CV fold 2
131107,131107,PT11C,1311,Castelões,all_territories_with_mainland_fixed_test,training,1,Training CV fold 2
131108,131108,PT11C,1311,Croca,all_territories_with_mainland_fixed_test,training,1,Training CV fold 2
131109,131109,PT11C,1311,Duas Igrejas,all_territories_with_mainland_fixed_test,training,1,Training CV fold 2
131110,131110,PT11C,1311,Eja,all_territories_with_mainland_fixed_test,training,1,Training CV fold 2
131112,131112,PT11C,1311,Fonte Arcada,all_territories_with_mainland_fixed_test,training,1,Training CV fold 2
131113,131113,PT11C,1311,Galegos,all_territories_with_mainland_fixed_test,training,1,Training CV fold 2
131115,131115,PT11C,1311,Irivo,all_territories_with_mainland_fixed_test,training,1,Training CV fold 2
131121,131121,PT11C,1311,Oldrões,all_territories_with_mainland_fixed_test,training,1,Training CV fold 2
131122,131122,PT11C,1311,Paço de Sousa,all_territories_with_mainland_fixed_test,training,1,Training CV fold 2
131125,131125,PT11C,1311,Perozelo,all_territories_with_mainland_fixed_test,training,1,Training CV fold 2
131128,131128,PT11C,1311,Rans,all_territories_with_mainland_fixed_test,training,1,Training CV fold 2
131129,131129,PT11C,1311,Rio de Moinhos,all_territories_with_mainland_fixed_test,training,1,Training CV fold 2
131132,131132,PT11C,1311,Recezinhos (São Mamede),all_territories_with_mainland_fixed_test,training,1,Training CV fold 2
131133,131133,PT11C,1311,Recezinhos (São Martinho),all_territories_with_mainland_fixed_test,training,1,Training CV fold 2
131134,131134,PT11C,1311,Sebolido,all_territories_with_mainland_fixed_test,training,1,Training CV fold 2
131136,131136,PT11C,1311,Valpedre,all_territories_with_mainland_fixed_test,training,1,Training CV fold 2
131138,131138,PT11C,1311,Rio Mau,all_territories_with_mainland_fixed_test,training,1,Training CV fold 2
131139,131139,PT11C,1311,Penafiel,all_territories_with_mainland_fixed_test,training,1,Training CV fold 2
131140,131140,PT11C,1311,Luzim e Vila Cova,all_territories_with_mainland_fixed_test,training,1,Training CV fold 2
131141,131141,PT11C,1311,Guilhufe e Urrô,all_territories_with_mainland_fixed_test,training,1,Training CV fold 2
131142,131142,PT11C,1311,Lagares e Figueira,all_territories_with_mainland_fixed_test,training,1,Training CV fold 2
131143,131143,PT11C,1311,Termas de São Vicente,all_territories_with_mainland_fixed_test,training,1,Training CV fold 2
131202,131202,PT11A,1312,Bonfim,all_territories_with_mainland_fixed_test,training,2,Training CV fold 3
131203,131203,PT11A,1312,Campanhã,all_territories_with_mainland_fixed_test,training,2,Training CV fold 3
131210,131210,PT11A,1312,Paranhos,all_territories_with_mainland_fixed_test,training,2,Training CV fold 3
131211,131211,PT11A,1312,Ramalde,all_territories_with_mainland_fixed_test,training,2,Training CV fold 3
131216,131216,PT11A,1312,"União das Freguesias de Aldoar, Foz do Douro e Nevogilde",all_territories_with_mainland_fixed_test,training,2,Training CV fold 3
131217,131217,PT11A,1312,"União das Freguesias de Cedofeita, Santo Ildefonso, Sé, Miragaia, São Nicolau e Vitória",all_territories_with_mainland_fixed_test,training,2,Training CV fold 3
131218,131218,PT11A,1312,União das Freguesias de Lordelo de Ouro e Massarelos,all_territories_with_mainland_fixed_test,training,2,Training CV fold 3
131305,131305,PT11A,1313,Balazar,all_territories_with_mainland_fixed_test,training,2,Training CV fold 3
131307,131307,PT11A,1313,Estela,all_territories_with_mainland_fixed_test,training,2,Training CV fold 3
131308,131308,PT11A,1313,Laundos,all_territories_with_mainland_fixed_test,training,2,Training CV fold 3
131311,131311,PT11A,1313,Rates,all_territories_with_mainland_fixed_test,training,2,Training CV fold 3
131313,131313,PT11A,1313,"União das Freguesias de A Ver-o-Mar, Amorim e Terroso",all_territories_with_mainland_fixed_test,training,2,Training CV fold 3
131314,131314,PT11A,1313,União das Freguesias de Aguçadoura e Navais,all_territories_with_mainland_fixed_test,training,2,Training CV fold 3
131315,131315,PT11A,1313,"União das Freguesias de Póvoa de Varzim, Beiriz e Argivai",all_territories_with_mainland_fixed_test,training,2,Training CV fold 3
131401,131401,PT11A,1314,Agrela,all_territories_with_mainland_fixed_test,training,2,Training CV fold 3
131402,131402,PT11A,1314,Água Longa,all_territories_with_mainland_fixed_test,training,2,Training CV fold 3
131405,131405,PT11A,1314,Aves,all_territories_with_mainland_fixed_test,training,2,Training CV fold 3
131413,131413,PT11A,1314,Monte Córdova,all_territories_with_mainland_fixed_test,training,2,Training CV fold 3
131416,131416,PT11A,1314,Rebordões,all_territories_with_mainland_fixed_test,training,2,Training CV fold 3
131418,131418,PT11A,1314,Reguenga,all_territories_with_mainland_fixed_test,training,2,Training CV fold 3
131419,131419,PT11A,1314,Roriz,all_territories_with_mainland_fixed_test,training,2,Training CV fold 3
131430,131430,PT11A,1314,Negrelos (São Tomé),all_territories_with_mainland_fixed_test,training,2,Training CV fold 3
131432,131432,PT11A,1314,Vilarinho,all_territories_with_mainland_fixed_test,training,2,Training CV fold 3
131433,131433,PT11A,1314,"União das Freguesias de Areias, Sequeiró, Lama e Palmeira",all_territories_with_mainland_fixed_test,training,2,Training CV fold 3
131434,131434,PT11A,1314,"União das Freguesias de Campo (São Martinho), São Salvador do Campo e Negrelos (São Mamede)",all_territories_with_mainland_fixed_test,training,2,Training CV fold 3
131435,131435,PT11A,1314,União das Freguesias de Carreiras e Refojos de Riba de Ave,all_territories_with_mainland_fixed_test,training,2,Training CV fold 3
131436,131436,PT11A,1314,União das Freguesias de Lamelas e Guimarei,all_territories_with_mainland_fixed_test,training,2,Training CV fold 3
131437,131437,PT11A,1314,"União das Freguesias de Santo Tirso, Couto (Santa Cristina e São Miguel) e Burgães",all_territories_with_mainland_fixed_test,training,2,Training CV fold 3
131501,131501,PT11A,1315,Alfena,all_territories_with_mainland_fixed_test,training,2,Training CV fold 3
131503,131503,PT11A,1315,Ermesinde,all_territories_with_mainland_fixed_test,training,2,Training CV fold 3
131505,131505,PT11A,1315,Valongo,all_territories_with_mainland_fixed_test,training,2,Training CV fold 3
131506,131506,PT11A,1315,União das Freguesias de Campo e Sobrado,all_territories_with_mainland_fixed_test,training,2,Training CV fold 3
131602,131602,PT11A,1316,Árvore,all_territories_with_mainland_fixed_test,training,2,Training CV fold 3
131603,131603,PT11A,1316,Aveleda,all_territories_with_mainland_fixed_test,training,2,Training CV fold 3
131604,131604,PT11A,1316,Azurara,all_territories_with_mainland_fixed_test,training,2,Training CV fold 3
131607,131607,PT11A,1316,Fajozes,all_territories_with_mainland_fixed_test,training,2,Training CV fold 3
131610,131610,PT11A,1316,Gião,all_territories_with_mainland_fixed_test,training,2,Training CV fold 3
131611,131611,PT11A,1316,Guilhabreu,all_territories_with_mainland_fixed_test,training,2,Training CV fold 3
131612,131612,PT11A,1316,Junqueira,all_territories_with_mainland_fixed_test,training,2,Training CV fold 3
131613,131613,PT11A,1316,Labruge,all_territories_with_mainland_fixed_test,training,2,Training CV fold 3
131614,131614,PT11A,1316,Macieira da Maia,all_territories_with_mainland_fixed_test,training,2,Training CV fold 3
131616,131616,PT11A,1316,Mindelo,all_territories_with_mainland_fixed_test,training,2,Training CV fold 3
131617,131617,PT11A,1316,Modivas,all_territories_with_mainland_fixed_test,training,2,Training CV fold 3
131627,131627,PT11A,1316,Vila Chã,all_territories_with_mainland_fixed_test,training,2,Training CV fold 3
131628,131628,PT11A,1316,Vila do Conde,all_territories_with_mainland_fixed_test,training,2,Training CV fold 3
131630,131630,PT11A,1316,Vilar de Pinheiro,all_territories_with_mainland_fixed_test,training,2,Training CV fold 3
131631,131631,PT11A,1316,"União das Freguesias de Bagunte, Ferreiró, Outeiro Maior e Parada",all_territories_with_mainland_fixed_test,training,2,Training CV fold 3
131632,131632,PT11A,1316,União das Freguesias de Fornelo e Vairão,all_territories_with_mainland_fixed_test,training,2,Training CV fold 3
131633,131633,PT11A,1316,União das Freguesias de Malta e Canidelo,all_territories_with_mainland_fixed_test,training,2,Training CV fold 3
131634,131634,PT11A,1316,União das Freguesias de Retorta e Tougues,all_territories_with_mainland_fixed_test,training,2,Training CV fold 3
131635,131635,PT11A,1316,União das Freguesias de Rio Mau e Arcos,all_territories_with_mainland_fixed_test,training,2,Training CV fold 3
131636,131636,PT11A,1316,União das Freguesias de Touguinha e Touguinhó,all_territories_with_mainland_fixed_test,training,2,Training CV fold 3
131637,131637,PT11A,1316,União das Freguesias de Vilar e Mosteiró,all_territories_with_mainland_fixed_test,training,2,Training CV fold 3
131701,131701,PT11A,1317,Arcozelo,all_territories_with_mainland_fixed_test,training,2,Training CV fold 3
131702,131702,PT11A,1317,Avintes,all_territories_with_mainland_fixed_test,training,2,Training CV fold 3
131703,131703,PT11A,1317,Canelas,all_territories_with_mainland_fixed_test,training,2,Training CV fold 3
131704,131704,PT11A,1317,Canidelo,all_territories_with_mainland_fixed_test,training,2,Training CV fold 3
131709,131709,PT11A,1317,Madalena,all_territories_with_mainland_fixed_test,training,2,Training CV fold 3
131712,131712,PT11A,1317,Oliveira do Douro,all_territories_with_mainland_fixed_test,training,2,Training CV fold 3
131717,131717,PT11A,1317,São Félix da Marinha,all_territories_with_mainland_fixed_test,training,2,Training CV fold 3
131723,131723,PT11A,1317,Vilar de Andorinho,all_territories_with_mainland_fixed_test,training,2,Training CV fold 3
131725,131725,PT11A,1317,União das Freguesias de Grijó e Sermonde,all_territories_with_mainland_fixed_test,training,2,Training CV fold 3
131726,131726,PT11A,1317,União das Freguesias de Gulpilhares e Valadares,all_territories_with_mainland_fixed_test,training,2,Training CV fold 3
131727,131727,PT11A,1317,União das Freguesias de Mafamude e Vilar do Paraíso,all_territories_with_mainland_fixed_test,training,2,Training CV fold 3
131728,131728,PT11A,1317,União das Freguesias de Pedroso e Seixezelo,all_territories_with_mainland_fixed_test,training,2,Training CV fold 3
131729,131729,PT11A,1317,"União das Freguesias de Sandim, Olival, Lever e Crestuma",all_territories_with_mainland_fixed_test,training,2,Training CV fold 3
131730,131730,PT11A,1317,União das Freguesias de Santa Marinha e São Pedro da Afurada,all_territories_with_mainland_fixed_test,training,2,Training CV fold 3
131731,131731,PT11A,1317,União das Freguesias de Serzedo e Perosinho,all_territories_with_mainland_fixed_test,training,2,Training CV fold 3
131806,131806,PT11A,1318,Covelas,all_territories_with_mainland_fixed_test,training,2,Training CV fold 3
131808,131808,PT11A,1318,Muro,all_territories_with_mainland_fixed_test,training,2,Training CV fold 3
131809,131809,PT11A,1318,União das Freguesias de Alvarelhos e Guidões,all_territories_with_mainland_fixed_test,training,2,Training CV fold 3
131810,131810,PT11A,1318,União das Freguesias de Bougado (São Martinho e Santiago),all_territories_with_mainland_fixed_test,training,2,Training CV fold 3
131811,131811,PT11A,1318,União das Freguesias de Coronado (São Romão e São Mamede),all_territories_with_mainland_fixed_test,training,2,Training CV fold 3
140104,140104,PT16I,1401,Bemposta,all_territories_with_mainland_fixed_test,training,2,Training CV fold 3
140105,140105,PT16I,1401,Martinchel,all_territories_with_mainland_fixed_test,training,2,Training CV fold 3
140106,140106,PT16I,1401,Mouriscas,all_territories_with_mainland_fixed_test,training,2,Training CV fold 3
140107,140107,PT16I,1401,Pego,all_territories_with_mainland_fixed_test,training,2,Training CV fold 3
140108,140108,PT16I,1401,Rio de Moinhos,all_territories_with_mainland_fixed_test,training,2,Training CV fold 3
140115,140115,PT16I,1401,Tramagal,all_territories_with_mainland_fixed_test,training,2,Training CV fold 3
140118,140118,PT16I,1401,Fontes,all_territories_with_mainland_fixed_test,training,2,Training CV fold 3
140119,140119,PT16I,1401,Carvalhal,all_territories_with_mainland_fixed_test,training,2,Training CV fold 3
140120,140120,PT16I,1401,União das Freguesias de Abrantes (São Vicente e São João) e Alferrarede,all_territories_with_mainland_fixed_test,training,2,Training CV fold 3
140121,140121,PT16I,1401,União das Freguesias de Aldeia do Mato e Souto,all_territories_with_mainland_fixed_test,training,2,Training CV fold 3
140122,140122,PT16I,1401,União das Freguesias de Alvega e Concavada,all_territories_with_mainland_fixed_test,training,2,Training CV fold 3
140123,140123,PT16I,1401,União das Freguesias de São Facundo e Vale das Mós,all_territories_with_mainland_fixed_test,training,2,Training CV fold 3
140124,140124,PT16I,1401,União das Freguesias de São Miguel do Rio Torto e Rossio ao Sul do Tejo,all_territories_with_mainland_fixed_test,training,2,Training CV fold 3
140202,140202,PT16I,1402,Bugalhos,all_territories_with_mainland_fixed_test,training,2,Training CV fold 3
140206,140206,PT16I,1402,Minde,all_territories_with_mainland_fixed_test,training,2,Training CV fold 3
140207,140207,PT16I,1402,Moitas Venda,all_territories_with_mainland_fixed_test,training,2,Training CV fold 3
140208,140208,PT16I,1402,Monsanto,all_territories_with_mainland_fixed_test,training,2,Training CV fold 3
140209,140209,PT16I,1402,Serra de Santo António,all_territories_with_mainland_fixed_test,training,2,Training CV fold 3
140211,140211,PT16I,1402,União das Freguesias de Alcanena e Vila Moreira,all_territories_with_mainland_fixed_test,training,2,Training CV fold 3
140212,140212,PT16I,1402,"União das Freguesias de Malhou, Louriceira e Espinheiro",all_territories_with_mainland_fixed_test,training,2,Training CV fold 3
140301,140301,PT185,1403,Almeirim,all_territories_with_mainland_fixed_test,fixed_test,,Fixed test
140302,140302,PT185,1403,Benfica do Ribatejo,all_territories_with_mainland_fixed_test,fixed_test,,Fixed test
140303,140303,PT185,1403,Fazendas de Almeirim,all_territories_with_mainland_fixed_test,fixed_test,,Fixed test
140304,140304,PT185,1403,Raposa,all_territories_with_mainland_fixed_test,fixed_test,,Fixed test
140401,140401,PT185,1404,Alpiarça,all_territories_with_mainland_fixed_test,fixed_test,,Fixed test
140501,140501,PT185,1405,Benavente,all_territories_with_mainland_fixed_test,fixed_test,,Fixed test
140502,140502,PT185,1405,Samora Correia,all_territories_with_mainland_fixed_test,fixed_test,,Fixed test
140503,140503,PT185,1405,Santo Estêvão,all_territories_with_mainland_fixed_test,fixed_test,,Fixed test
140504,140504,PT185,1405,Barrosa,all_territories_with_mainland_fixed_test,fixed_test,,Fixed test
140604,140604,PT185,1406,Pontével,all_territories_with_mainland_fixed_test,fixed_test,,Fixed test
140605,140605,PT185,1406,Valada,all_territories_with_mainland_fixed_test,fixed_test,,Fixed test
140607,140607,PT185,1406,Vila Chã de Ourique,all_territories_with_mainland_fixed_test,fixed_test,,Fixed test
140608,140608,PT185,1406,Vale da Pedra,all_territories_with_mainland_fixed_test,fixed_test,,Fixed test
140609,140609,PT185,1406,União das Freguesias de Cartaxo e Vila da Pinta,all_territories_with_mainland_fixed_test,fixed_test,,Fixed test
140610,140610,PT185,1406,União das Freguesias de Ereira e Lapa,all_territories_with_mainland_fixed_test,fixed_test,,Fixed test
140704,140704,PT185,1407,Ulme,all_territories_with_mainland_fixed_test,fixed_test,,Fixed test
140705,140705,PT185,1407,Vale de Cavalos,all_territories_with_mainland_fixed_test,fixed_test,,Fixed test
140707,140707,PT185,1407,Carregueira,all_territories_with_mainland_fixed_test,fixed_test,,Fixed test
140708,140708,PT185,1407,União das Freguesias de Chamusca e Pinheiro Grande,all_territories_with_mainland_fixed_test,fixed_test,,Fixed test
140709,140709,PT185,1407,União das Freguesias de Parreira e Chouto,all_territories_with_mainland_fixed_test,fixed_test,,Fixed test
140801,140801,PT16I,1408,Constância,all_territories_with_mainland_fixed_test,training,2,Training CV fold 3
140802,140802,PT16I,1408,Montalvo,all_territories_with_mainland_fixed_test,training,2,Training CV fold 3
140803,140803,PT16I,1408,Santa Margarida da Coutada,all_territories_with_mainland_fixed_test,training,2,Training CV fold 3
140902,140902,PT185,1409,Couço,all_territories_with_mainland_fixed_test,fixed_test,,Fixed test
140903,140903,PT185,1409,São José da Lamarosa,all_territories_with_mainland_fixed_test,fixed_test,,Fixed test
140905,140905,PT185,1409,Branca,all_territories_with_mainland_fixed_test,fixed_test,,Fixed test
140907,140907,PT185,1409,Biscainho,all_territories_with_mainland_fixed_test,fixed_test,,Fixed test
140908,140908,PT185,1409,Santana do Mato,all_territories_with_mainland_fixed_test,fixed_test,,Fixed test
140909,140909,PT185,1409,"União das Freguesias de Coruche, Fajarda e Erra",all_territories_with_mainland_fixed_test,fixed_test,,Fixed test
141002,141002,PT16I,1410,Nossa Senhora de Fátima,all_territories_with_mainland_fixed_test,training,2,Training CV fold 3
141001,141003,PT16I,1410,São João Baptista,all_territories_with_mainland_fixed_test,training,2,Training CV fold 3
141101,141101,PT16I,1411,Águas Belas,all_territories_with_mainland_fixed_test,training,2,Training CV fold 3
141103,141103,PT16I,1411,Beco,all_territories_with_mainland_fixed_test,training,2,Training CV fold 3
141104,141104,PT16I,1411,Chãos,all_territories_with_mainland_fixed_test,training,2,Training CV fold 3
141106,141106,PT16I,1411,Ferreira do Zêzere,all_territories_with_mainland_fixed_test,training,2,Training CV fold 3
141107,141107,PT16I,1411,Igreja Nova do Sobral,all_territories_with_mainland_fixed_test,training,2,Training CV fold 3
141110,141110,PT16I,1411,Nossa Senhora do Pranto,all_territories_with_mainland_fixed_test,training,2,Training CV fold 3
141111,141111,PT16I,1411,União das Freguesias de Areias e Pias,all_territories_with_mainland_fixed_test,training,2,Training CV fold 3
141201,141201,PT185,1412,Azinhaga,all_territories_with_mainland_fixed_test,fixed_test,,Fixed test
141202,141202,PT185,1412,Golegã,all_territories_with_mainland_fixed_test,fixed_test,,Fixed test
141203,141203,PT185,1412,Pombalinho,all_territories_with_mainland_fixed_test,fixed_test,,Fixed test
141302,141302,PT16I,1413,Amêndoa,all_territories_with_mainland_fixed_test,training,2,Training CV fold 3
141303,141303,PT16I,1413,Cardigos,all_territories_with_mainland_fixed_test,training,2,Training CV fold 3
141304,141304,PT16I,1413,Carvoeiro,all_territories_with_mainland_fixed_test,training,2,Training CV fold 3
141305,141305,PT16I,1413,Envendos,all_territories_with_mainland_fixed_test,training,2,Training CV fold 3
141307,141307,PT16I,1413,Ortiga,all_territories_with_mainland_fixed_test,training,2,Training CV fold 3
141309,141309,PT16I,1413,"União das Freguesias de Mação, Penhascoso e Aboboreira",all_territories_with_mainland_fixed_test,training,2,Training CV fold 3
141401,141401,PT185,1414,Alcobertas,all_territories_with_mainland_fixed_test,fixed_test,,Fixed test
141402,141402,PT185,1414,Arrouquelas,all_territories_with_mainland_fixed_test,fixed_test,,Fixed test
141405,141405,PT185,1414,Fráguas,all_territories_with_mainland_fixed_test,fixed_test,,Fixed test
141408,141408,PT185,1414,Rio Maior,all_territories_with_mainland_fixed_test,fixed_test,,Fixed test
141410,141410,PT185,1414,Asseiceira,all_territories_with_mainland_fixed_test,fixed_test,,Fixed test
141411,141411,PT185,1414,São Sebastião,all_territories_with_mainland_fixed_test,fixed_test,,Fixed test
141415,141415,PT185,1414,União das Freguesias de Azambujeira e Malaqueijo,all_territories_with_mainland_fixed_test,fixed_test,,Fixed test
141416,141416,PT185,1414,União das Freguesias de Marmeleira e Assentiz,all_territories_with_mainland_fixed_test,fixed_test,,Fixed test
141417,141417,PT185,1414,União das Freguesias de Outeiro da Cortiçada e Arruda dos Pisões,all_territories_with_mainland_fixed_test,fixed_test,,Fixed test
141418,141418,PT185,1414,União das Freguesias de São João da Ribeira e Ribeira de São João,all_territories_with_mainland_fixed_test,fixed_test,,Fixed test
141502,141502,PT185,1415,Marinhais,all_territories_with_mainland_fixed_test,fixed_test,,Fixed test
141503,141503,PT185,1415,Muge,all_territories_with_mainland_fixed_test,fixed_test,,Fixed test
141507,141507,PT185,1415,União das Freguesias de Glória do Ribatejo e Granho,all_territories_with_mainland_fixed_test,fixed_test,,Fixed test
141508,141508,PT185,1415,União das Freguesias de Salvaterra de Magos e Foros de Salvaterra,all_territories_with_mainland_fixed_test,fixed_test,,Fixed test
141601,141601,PT185,1416,Abitureiras,all_territories_with_mainland_fixed_test,fixed_test,,Fixed test
141602,141602,PT185,1416,Abrã,all_territories_with_mainland_fixed_test,fixed_test,,Fixed test
141604,141604,PT185,1416,Alcanede,all_territories_with_mainland_fixed_test,fixed_test,,Fixed test
141605,141605,PT185,1416,Alcanhões,all_territories_with_mainland_fixed_test,fixed_test,,Fixed test
141606,141606,PT185,1416,Almoster,all_territories_with_mainland_fixed_test,fixed_test,,Fixed test
141607,141607,PT185,1416,Amiais de Baixo,all_territories_with_mainland_fixed_test,fixed_test,,Fixed test
141608,141608,PT185,1416,Arneiro das Milhariças,all_territories_with_mainland_fixed_test,fixed_test,,Fixed test
141613,141613,PT185,1416,Moçarria,all_territories_with_mainland_fixed_test,fixed_test,,Fixed test
141614,141614,PT185,1416,Pernes,all_territories_with_mainland_fixed_test,fixed_test,,Fixed test
141616,141616,PT185,1416,Póvoa da Isenta,all_territories_with_mainland_fixed_test,fixed_test,,Fixed test
141625,141625,PT185,1416,Vale de Santarém,all_territories_with_mainland_fixed_test,fixed_test,,Fixed test
141628,141628,PT185,1416,Gançaria,all_territories_with_mainland_fixed_test,fixed_test,,Fixed test
141629,141629,PT185,1416,"União das Freguesias de Achete, Azoia de Baixo e Póvoa de Santarém",all_territories_with_mainland_fixed_test,fixed_test,,Fixed test
141630,141630,PT185,1416,União das Freguesias de Azoia de Cima e Tremês,all_territories_with_mainland_fixed_test,fixed_test,,Fixed test
141631,141631,PT185,1416,União das Freguesias de Casével e Vaqueiros,all_territories_with_mainland_fixed_test,fixed_test,,Fixed test
141632,141632,PT185,1416,União das Freguesias de Romeira e Várzea,all_territories_with_mainland_fixed_test,fixed_test,,Fixed test
141633,141633,PT185,1416,"União das Freguesias de Santarém (Marvila), Santa Iria da Ribeira de Santarém, Santarém (São Salvador) e Santarém (São Nicolau)",all_territories_with_mainland_fixed_test,fixed_test,,Fixed test
141634,141634,PT185,1416,União das Freguesias de São Vicente do Paul e Vale da Figueira,all_territories_with_mainland_fixed_test,fixed_test,,Fixed test
141701,141701,PT16I,1417,Alcaravela,all_territories_with_mainland_fixed_test,training,2,Training CV fold 3
141702,141702,PT16I,1417,Santiago de Montalegre,all_territories_with_mainland_fixed_test,training,2,Training CV fold 3
141703,141703,PT16I,1417,Sardoal,all_territories_with_mainland_fixed_test,training,2,Training CV fold 3
141704,141704,PT16I,1417,Valhascos,all_territories_with_mainland_fixed_test,training,2,Training CV fold 3
141802,141802,PT16I,1418,Asseiceira,all_territories_with_mainland_fixed_test,training,2,Training CV fold 3
141804,141804,PT16I,1418,Carregueiros,all_territories_with_mainland_fixed_test,training,2,Training CV fold 3
141808,141808,PT16I,1418,Olalhas,all_territories_with_mainland_fixed_test,training,2,Training CV fold 3
141809,141809,PT16I,1418,Paialvo,all_territories_with_mainland_fixed_test,training,2,Training CV fold 3
141813,141813,PT16I,1418,São Pedro de Tomar,all_territories_with_mainland_fixed_test,training,2,Training CV fold 3
141814,141814,PT16I,1418,Sabacheira,all_territories_with_mainland_fixed_test,training,2,Training CV fold 3
141817,141817,PT16I,1418,União das Freguesias de Além da Ribeira e Pedreira,all_territories_with_mainland_fixed_test,training,2,Training CV fold 3
141818,141818,PT16I,1418,União das Freguesias de Casais e Alviobeira,all_territories_with_mainland_fixed_test,training,2,Training CV fold 3
141819,141819,PT16I,1418,União das Freguesias de Madalena e Beselga,all_territories_with_mainland_fixed_test,training,2,Training CV fold 3
141820,141820,PT16I,1418,União das Freguesias de Serra e Junceira,all_territories_with_mainland_fixed_test,training,2,Training CV fold 3
141821,141821,PT16I,1418,União das Freguesias de São João Baptista e Santa Maria dos Olivais,all_territories_with_mainland_fixed_test,training,2,Training CV fold 3
141902,141902,PT16I,1419,Assentiz,all_territories_with_mainland_fixed_test,training,2,Training CV fold 3
141904,141904,PT16I,1419,Chancelaria,all_territories_with_mainland_fixed_test,training,2,Training CV fold 3
141909,141909,PT16I,1419,Pedrógão,all_territories_with_mainland_fixed_test,training,2,Training CV fold 3
141910,141910,PT16I,1419,Riachos,all_territories_with_mainland_fixed_test,training,2,Training CV fold 3
141916,141916,PT16I,1419,Zibreira,all_territories_with_mainland_fixed_test,training,2,Training CV fold 3
141917,141917,PT16I,1419,Meia Via,all_territories_with_mainland_fixed_test,training,2,Training CV fold 3
141918,141918,PT16I,1419,"União das Freguesias de Brugueira, Parceiros de Igreja e Alcorochel",all_territories_with_mainland_fixed_test,training,2,Training CV fold 3
141919,141919,PT16I,1419,União das Freguesias de Olaia e Paço,all_territories_with_mainland_fixed_test,training,2,Training CV fold 3
141920,141920,PT16I,1419,"União das Freguesias de Torres Novas (Santa Maria, Salvador e Santiago)",all_territories_with_mainland_fixed_test,training,2,Training CV fold 3
141921,141921,PT16I,1419,"União das Freguesias de Torres Novas (São Pedro), Lapas e Ribeira Branca",all_territories_with_mainland_fixed_test,training,2,Training CV fold 3
142001,142001,PT16I,1420,Atalaia,all_territories_with_mainland_fixed_test,training,2,Training CV fold 3
142002,142002,PT16I,1420,Praia do Ribatejo,all_territories_with_mainland_fixed_test,training,2,Training CV fold 3
142003,142003,PT16I,1420,Tancos,all_territories_with_mainland_fixed_test,training,2,Training CV fold 3
142006,142006,PT16I,1420,Vila Nova da Barquinha,all_territories_with_mainland_fixed_test,training,2,Training CV fold 3
142101,142101,PT16I,1421,Alburitel,all_territories_with_mainland_fixed_test,training,2,Training CV fold 3
142102,142102,PT16I,1421,Atouguia,all_territories_with_mainland_fixed_test,training,2,Training CV fold 3
142104,142104,PT16I,1421,Caxarias,all_territories_with_mainland_fixed_test,training,2,Training CV fold 3
142105,142105,PT16I,1421,Espite,all_territories_with_mainland_fixed_test,training,2,Training CV fold 3
142106,142106,PT16I,1421,Fátima,all_territories_with_mainland_fixed_test,training,2,Training CV fold 3
142111,142111,PT16I,1421,Nossa Senhora das Misericórdias,all_territories_with_mainland_fixed_test,training,2,Training CV fold 3
142113,142113,PT16I,1421,Seiça,all_territories_with_mainland_fixed_test,training,2,Training CV fold 3
142114,142114,PT16I,1421,Urqueira,all_territories_with_mainland_fixed_test,training,2,Training CV fold 3
142115,142115,PT16I,1421,Nossa Senhora da Piedade,all_territories_with_mainland_fixed_test,training,2,Training CV fold 3
142119,142119,PT16I,1421,"União das Freguesias de Freixianda, Ribeira do Fárrio e Formigais",all_territories_with_mainland_fixed_test,training,2,Training CV fold 3
142120,142120,PT16I,1421,União das Freguesias de Gondemaria e Olival,all_territories_with_mainland_fixed_test,training,2,Training CV fold 3
142121,142121,PT16I,1421,União das Freguesias de Matas e Cercal,all_territories_with_mainland_fixed_test,training,2,Training CV fold 3
142122,142122,PT16I,1421,União das Freguesias de Rio de Couros e Casal de Bernardos,all_territories_with_mainland_fixed_test,training,2,Training CV fold 3
150104,150104,PT181,1501,Torrão,all_territories_with_mainland_fixed_test,training,4,Training CV fold 5
150105,150105,PT181,1501,São Martinho,all_territories_with_mainland_fixed_test,training,4,Training CV fold 5
150106,150106,PT181,1501,Comporta,all_territories_with_mainland_fixed_test,training,4,Training CV fold 5
150107,150107,PT181,1501,União das Freguesias de Alcácer do Sal (Santa Maria do Castelo e Santiago) e Santa Susana,all_territories_with_mainland_fixed_test,training,4,Training CV fold 5
150201,150201,PT170,1502,Alcochete,all_territories_with_mainland_fixed_test,training,1,Training CV fold 2
150202,150202,PT170,1502,Samouco,all_territories_with_mainland_fixed_test,training,1,Training CV fold 2
150203,150203,PT170,1502,São Francisco,all_territories_with_mainland_fixed_test,training,1,Training CV fold 2
150303,150303,PT170,1503,Costa da Caparica,all_territories_with_mainland_fixed_test,training,1,Training CV fold 2
150312,150312,PT170,1503,"União das Freguesias de Almada, Cova da Piedade, Pragal e Cacilhas",all_territories_with_mainland_fixed_test,training,1,Training CV fold 2
150313,150313,PT170,1503,União das Freguesias de Caparica e Trafaria,all_territories_with_mainland_fixed_test,training,1,Training CV fold 2
150314,150314,PT170,1503,União das Freguesias da Charneca da Caparica e Sobreda,all_territories_with_mainland_fixed_test,training,1,Training CV fold 2
150315,150315,PT170,1503,União das Freguesias de Laranjeiro e Feijó,all_territories_with_mainland_fixed_test,training,1,Training CV fold 2
150407,150407,PT170,1504,Santo António da Charneca,all_territories_with_mainland_fixed_test,training,1,Training CV fold 2
150409,150409,PT170,1504,"União das Freguesias de Alto do Seixalinho, Santo André e Verderena",all_territories_with_mainland_fixed_test,training,1,Training CV fold 2
150410,150410,PT170,1504,União das Freguesias de Barreiro e Lavradio,all_territories_with_mainland_fixed_test,training,1,Training CV fold 2
150411,150411,PT170,1504,União das Freguesias de Palhais e Coina,all_territories_with_mainland_fixed_test,training,1,Training CV fold 2
150501,150501,PT181,1505,Azinheira Barros e São Mamede do Sádão,all_territories_with_mainland_fixed_test,training,4,Training CV fold 5
150503,150503,PT181,1505,Melides,all_territories_with_mainland_fixed_test,training,4,Training CV fold 5
150505,150505,PT181,1505,Carvalhal,all_territories_with_mainland_fixed_test,training,4,Training CV fold 5
150506,150506,PT181,1505,União das Freguesias de Grândola e de Santa Margarida da Serra,all_territories_with_mainland_fixed_test,training,4,Training CV fold 5
150601,150601,PT170,1506,Alhos Vedros,all_territories_with_mainland_fixed_test,training,1,Training CV fold 2
150603,150603,PT170,1506,Moita,all_territories_with_mainland_fixed_test,training,1,Training CV fold 2
150607,150607,PT170,1506,União das Freguesias de Baixa da Banheira e Vale da Amoreira,all_territories_with_mainland_fixed_test,training,1,Training CV fold 2
150608,150608,PT170,1506,União das Freguesias de Gaio-Rosário e Sarilhos Pequenos,all_territories_with_mainland_fixed_test,training,1,Training CV fold 2
150701,150701,PT170,1507,Canha,all_territories_with_mainland_fixed_test,training,1,Training CV fold 2
150704,150704,PT170,1507,Sarilhos Grandes,all_territories_with_mainland_fixed_test,training,1,Training CV fold 2
150709,150709,PT170,1507,União das Freguesias de Atalaia e Alto-Estanqueiro-Jardia,all_territories_with_mainland_fixed_test,training,1,Training CV fold 2
150710,150710,PT170,1507,União das Freguesias de Montijo e Afonsoeiro,all_territories_with_mainland_fixed_test,training,1,Training CV fold 2
150711,150711,PT170,1507,União das Freguesias de Pegões,all_territories_with_mainland_fixed_test,training,1,Training CV fold 2
150802,150802,PT170,1508,Palmela,all_territories_with_mainland_fixed_test,training,1,Training CV fold 2
150803,150803,PT170,1508,Pinhal Novo,all_territories_with_mainland_fixed_test,training,1,Training CV fold 2
150804,150804,PT170,1508,Quinta do Anjo,all_territories_with_mainland_fixed_test,training,1,Training CV fold 2
150806,150806,PT170,1508,União das Freguesias de Poceirão e Marateca,all_territories_with_mainland_fixed_test,training,1,Training CV fold 2
150901,150901,PT181,1509,Abela,all_territories_with_mainland_fixed_test,training,4,Training CV fold 5
150902,150902,PT181,1509,Alvalade,all_territories_with_mainland_fixed_test,training,4,Training CV fold 5
150903,150903,PT181,1509,Cercal,all_territories_with_mainland_fixed_test,training,4,Training CV fold 5
150904,150904,PT181,1509,Ermidas-Sado,all_territories_with_mainland_fixed_test,training,4,Training CV fold 5
150907,150907,PT181,1509,Santo André,all_territories_with_mainland_fixed_test,training,4,Training CV fold 5
150910,150910,PT181,1509,São Francisco da Serra,all_territories_with_mainland_fixed_test,training,4,Training CV fold 5
150912,150912,PT181,1509,"União das Freguesias de Santiago do Cacém, Santa Cruz e São Bartolomeu da Serra",all_territories_with_mainland_fixed_test,training,4,Training CV fold 5
150913,150913,PT181,1509,União das Freguesias de São Domingos e Vale de Água,all_territories_with_mainland_fixed_test,training,4,Training CV fold 5
151002,151002,PT170,1510,Amora,all_territories_with_mainland_fixed_test,training,1,Training CV fold 2
151005,151005,PT170,1510,Corroios,all_territories_with_mainland_fixed_test,training,1,Training CV fold 2
151006,151006,PT170,1510,Fernão Ferro,all_territories_with_mainland_fixed_test,training,1,Training CV fold 2
151007,151007,PT170,1510,"União das Freguesias de Seixal, Arrentela e Aldeia de Paio Pires",all_territories_with_mainland_fixed_test,training,1,Training CV fold 2
151101,151101,PT170,1511,Sesimbra (Castelo),all_territories_with_mainland_fixed_test,training,1,Training CV fold 2
151102,151102,PT170,1511,Sesimbra (Santiago),all_territories_with_mainland_fixed_test,training,1,Training CV fold 2
151103,151103,PT170,1511,Quinta do Conde,all_territories_with_mainland_fixed_test,training,1,Training CV fold 2
151205,151205,PT170,1512,Setúbal (São Sebastião),all_territories_with_mainland_fixed_test,training,1,Training CV fold 2
151207,151207,PT170,1512,Gâmbia-Pontes-Alto da Guerra,all_territories_with_mainland_fixed_test,training,1,Training CV fold 2
151208,151208,PT170,1512,Sado,all_territories_with_mainland_fixed_test,training,1,Training CV fold 2
151209,151209,PT170,1512,União das Freguesias de Azeitão (São Lourenço e São Simão),all_territories_with_mainland_fixed_test,training,1,Training CV fold 2
151210,151210,PT170,1512,"União das Freguesias de Setúbal (São Julião, Nossa Senhora da Anunciada e Santa Maria da Graça)",all_territories_with_mainland_fixed_test,training,1,Training CV fold 2
151301,151301,PT181,1513,Sines,all_territories_with_mainland_fixed_test,training,4,Training CV fold 5
151302,151302,PT181,1513,Porto Covo,all_territories_with_mainland_fixed_test,training,4,Training CV fold 5
160101,160101,PT111,1601,Aboim das Choças,all_territories_with_mainland_fixed_test,training,0,Training CV fold 1
160102,160102,PT111,1601,Aguiã,all_territories_with_mainland_fixed_test,training,0,Training CV fold 1
160104,160104,PT111,1601,Ázere,all_territories_with_mainland_fixed_test,training,0,Training CV fold 1
160105,160105,PT111,1601,Cabana Maior,all_territories_with_mainland_fixed_test,training,0,Training CV fold 1
160106,160106,PT111,1601,Cabreiro,all_territories_with_mainland_fixed_test,training,0,Training CV fold 1
160108,160108,PT111,1601,Cendufe,all_territories_with_mainland_fixed_test,training,0,Training CV fold 1
160109,160109,PT111,1601,Couto,all_territories_with_mainland_fixed_test,training,0,Training CV fold 1
160113,160113,PT111,1601,Gavieira,all_territories_with_mainland_fixed_test,training,0,Training CV fold 1
160115,160115,PT111,1601,Gondoriz,all_territories_with_mainland_fixed_test,training,0,Training CV fold 1
160121,160121,PT111,1601,Miranda,all_territories_with_mainland_fixed_test,training,0,Training CV fold 1
160122,160122,PT111,1601,Monte Redondo,all_territories_with_mainland_fixed_test,training,0,Training CV fold 1
160123,160123,PT111,1601,Oliveira,all_territories_with_mainland_fixed_test,training,0,Training CV fold 1
160124,160124,PT111,1601,Paçô,all_territories_with_mainland_fixed_test,training,0,Training CV fold 1
160125,160125,PT111,1601,Padroso,all_territories_with_mainland_fixed_test,training,0,Training CV fold 1
160128,160128,PT111,1601,Prozelo,all_territories_with_mainland_fixed_test,training,0,Training CV fold 1
160130,160130,PT111,1601,Rio Frio,all_territories_with_mainland_fixed_test,training,0,Training CV fold 1
160131,160131,PT111,1601,Rio de Moinhos,all_territories_with_mainland_fixed_test,training,0,Training CV fold 1
160133,160133,PT111,1601,Sabadim,all_territories_with_mainland_fixed_test,training,0,Training CV fold 1
160142,160142,PT111,1601,Jolda (São Paio),all_territories_with_mainland_fixed_test,training,0,Training CV fold 1
160144,160144,PT111,1601,Senharei,all_territories_with_mainland_fixed_test,training,0,Training CV fold 1
160145,160145,PT111,1601,Sistelo,all_territories_with_mainland_fixed_test,training,0,Training CV fold 1
160146,160146,PT111,1601,Soajo,all_territories_with_mainland_fixed_test,training,0,Training CV fold 1
160149,160149,PT111,1601,Vale,all_territories_with_mainland_fixed_test,training,0,Training CV fold 1
160152,160152,PT111,1601,União das Freguesias de Alvora e Loureda,all_territories_with_mainland_fixed_test,training,0,Training CV fold 1
160153,160153,PT111,1601,União das Freguesias de Arcos de Valdevez (São Paio) e Giela,all_territories_with_mainland_fixed_test,training,0,Training CV fold 1
160154,160154,PT111,1601,"União das Freguesias de Arcos de Valdevez (Salvador), Vila Fonche e Parada",all_territories_with_mainland_fixed_test,training,0,Training CV fold 1
160155,160155,PT111,1601,União das Freguesias de Eiras e Mei,all_territories_with_mainland_fixed_test,training,0,Training CV fold 1
160156,160156,PT111,1601,União das Freguesias de Grade e Carralcova,all_territories_with_mainland_fixed_test,training,0,Training CV fold 1
160157,160157,PT111,1601,União das Freguesias de Guilhadeses e Santar,all_territories_with_mainland_fixed_test,training,0,Training CV fold 1
160158,160158,PT111,1601,União das Freguesias de Jolda ( Madalena) e Rio Cabrão,all_territories_with_mainland_fixed_test,training,0,Training CV fold 1
160159,160159,PT111,1601,União das Freguesias de Padreiro (Salvador e Santa Cristina),all_territories_with_mainland_fixed_test,training,0,Training CV fold 1
160160,160160,PT111,1601,União das Freguesias de Portela e Extremo,all_territories_with_mainland_fixed_test,training,0,Training CV fold 1
160161,160161,PT111,1601,União das Freguesias de São Jorge e Ermelo,all_territories_with_mainland_fixed_test,training,0,Training CV fold 1
160162,160162,PT111,1601,União das Freguesias de Souto e Tabaçô,all_territories_with_mainland_fixed_test,training,0,Training CV fold 1
160163,160163,PT111,1601,União das Freguesias de Távora (Santa Maria e São Vicente),all_territories_with_mainland_fixed_test,training,0,Training CV fold 1
160164,160164,PT111,1601,"União das Freguesias de Vilela, São Cosme, São Damião e Sá",all_territories_with_mainland_fixed_test,training,0,Training CV fold 1
160201,160201,PT111,1602,Âncora,all_territories_with_mainland_fixed_test,training,0,Training CV fold 1
160205,160205,PT111,1602,Argela,all_territories_with_mainland_fixed_test,training,0,Training CV fold 1
160209,160209,PT111,1602,Dem,all_territories_with_mainland_fixed_test,training,0,Training CV fold 1
160211,160211,PT111,1602,Lanhelas,all_territories_with_mainland_fixed_test,training,0,Training CV fold 1
160214,160214,PT111,1602,Riba de Âncora,all_territories_with_mainland_fixed_test,training,0,Training CV fold 1
160215,160215,PT111,1602,Seixas,all_territories_with_mainland_fixed_test,training,0,Training CV fold 1
160217,160217,PT111,1602,Vila Praia de Âncora,all_territories_with_mainland_fixed_test,training,0,Training CV fold 1
160218,160218,PT111,1602,Vilar de Mouros,all_territories_with_mainland_fixed_test,training,0,Training CV fold 1
160220,160220,PT111,1602,Vile,all_territories_with_mainland_fixed_test,training,0,Training CV fold 1
160221,160221,PT111,1602,"União das Freguesias de Arga (Baixo, Cima e São João)",all_territories_with_mainland_fixed_test,training,0,Training CV fold 1
160222,160222,PT111,1602,União das Freguesias de Caminha (Matriz) e Vilarelho,all_territories_with_mainland_fixed_test,training,0,Training CV fold 1
160223,160223,PT111,1602,União das Freguesias de Gondar e Orbacém,all_territories_with_mainland_fixed_test,training,0,Training CV fold 1
160224,160224,PT111,1602,União das Freguesias de Moledo e Cristelo,all_territories_with_mainland_fixed_test,training,0,Training CV fold 1
160225,160225,PT111,1602,União das Freguesias de Venade e Azevedo,all_territories_with_mainland_fixed_test,training,0,Training CV fold 1
160301,160301,PT111,1603,Alvaredo,all_territories_with_mainland_fixed_test,training,0,Training CV fold 1
160304,160304,PT111,1603,Cousso,all_territories_with_mainland_fixed_test,training,0,Training CV fold 1
160305,160305,PT111,1603,Cristoval,all_territories_with_mainland_fixed_test,training,0,Training CV fold 1
160307,160307,PT111,1603,Fiães,all_territories_with_mainland_fixed_test,training,0,Training CV fold 1
160308,160308,PT111,1603,Gave,all_territories_with_mainland_fixed_test,training,0,Training CV fold 1
160311,160311,PT111,1603,Paderne,all_territories_with_mainland_fixed_test,training,0,Training CV fold 1
160313,160313,PT111,1603,Penso,all_territories_with_mainland_fixed_test,training,0,Training CV fold 1
160317,160317,PT111,1603,São Paio,all_territories_with_mainland_fixed_test,training,0,Training CV fold 1
160319,160319,PT111,1603,União das Freguesias de Castro Laboreiro e Lamas de Mouro,all_territories_with_mainland_fixed_test,training,0,Training CV fold 1
160320,160320,PT111,1603,União das Freguesias de Chaviães e Paços,all_territories_with_mainland_fixed_test,training,0,Training CV fold 1
160321,160321,PT111,1603,União das Freguesias de Parada do Monte e Cubalhão,all_territories_with_mainland_fixed_test,training,0,Training CV fold 1
160322,160322,PT111,1603,União das Freguesias de Prado e Remoães,all_territories_with_mainland_fixed_test,training,0,Training CV fold 1
160323,160323,PT111,1603,União das Freguesias de Vila e Roussas,all_territories_with_mainland_fixed_test,training,0,Training CV fold 1
160401,160401,PT111,1604,Abedim,all_territories_with_mainland_fixed_test,training,0,Training CV fold 1
160404,160404,PT111,1604,Barbeita,all_territories_with_mainland_fixed_test,training,0,Training CV fold 1
160405,160405,PT111,1604,Barroças e Taias,all_territories_with_mainland_fixed_test,training,0,Training CV fold 1
160406,160406,PT111,1604,Bela,all_territories_with_mainland_fixed_test,training,0,Training CV fold 1
160407,160407,PT111,1604,Cambeses,all_territories_with_mainland_fixed_test,training,0,Training CV fold 1
160410,160410,PT111,1604,Lara,all_territories_with_mainland_fixed_test,training,0,Training CV fold 1
160411,160411,PT111,1604,Longos Vales,all_territories_with_mainland_fixed_test,training,0,Training CV fold 1
160415,160415,PT111,1604,Merufe,all_territories_with_mainland_fixed_test,training,0,Training CV fold 1
160418,160418,PT111,1604,Moreira,all_territories_with_mainland_fixed_test,training,0,Training CV fold 1
160420,160420,PT111,1604,Pias,all_territories_with_mainland_fixed_test,training,0,Training CV fold 1
160421,160421,PT111,1604,Pinheiros,all_territories_with_mainland_fixed_test,training,0,Training CV fold 1
160422,160422,PT111,1604,Podame,all_territories_with_mainland_fixed_test,training,0,Training CV fold 1
160423,160423,PT111,1604,Portela,all_territories_with_mainland_fixed_test,training,0,Training CV fold 1
160424,160424,PT111,1604,Riba de Mouro,all_territories_with_mainland_fixed_test,training,0,Training CV fold 1
160427,160427,PT111,1604,Segude,all_territories_with_mainland_fixed_test,training,0,Training CV fold 1
160428,160428,PT111,1604,Tangil,all_territories_with_mainland_fixed_test,training,0,Training CV fold 1
160431,160431,PT111,1604,Trute,all_territories_with_mainland_fixed_test,training,0,Training CV fold 1
160434,160434,PT111,1604,União das Freguesias de Anhões e Luzio,all_territories_with_mainland_fixed_test,training,0,Training CV fold 1
160435,160435,PT111,1604,União das Freguesias de Ceivães e Badim,all_territories_with_mainland_fixed_test,training,0,Training CV fold 1
160436,160436,PT111,1604,União das Freguesias de Mazedo e Cortes,all_territories_with_mainland_fixed_test,training,0,Training CV fold 1
160437,160437,PT111,1604,"União das Freguesias de Messegães, Valadares e Sá",all_territories_with_mainland_fixed_test,training,0,Training CV fold 1
160438,160438,PT111,1604,União das Freguesias de Monção e Troviscoso,all_territories_with_mainland_fixed_test,training,0,Training CV fold 1
160439,160439,PT111,1604,"União das Freguesias de Sago, Lordelo e Parada",all_territories_with_mainland_fixed_test,training,0,Training CV fold 1
160440,160440,PT111,1604,União das Freguesias de Troporiz e Lapela,all_territories_with_mainland_fixed_test,training,0,Training CV fold 1
160501,160501,PT111,1605,Agualonga,all_territories_with_mainland_fixed_test,training,0,Training CV fold 1
160503,160503,PT111,1605,Castanheira,all_territories_with_mainland_fixed_test,training,0,Training CV fold 1
160505,160505,PT111,1605,Coura,all_territories_with_mainland_fixed_test,training,0,Training CV fold 1
160507,160507,PT111,1605,Cunha,all_territories_with_mainland_fixed_test,training,0,Training CV fold 1
160510,160510,PT111,1605,Infesta,all_territories_with_mainland_fixed_test,training,0,Training CV fold 1
160513,160513,PT111,1605,Mozelos,all_territories_with_mainland_fixed_test,training,0,Training CV fold 1
160514,160514,PT111,1605,Padornelo,all_territories_with_mainland_fixed_test,training,0,Training CV fold 1
160515,160515,PT111,1605,Parada,all_territories_with_mainland_fixed_test,training,0,Training CV fold 1
160519,160519,PT111,1605,Romarigães,all_territories_with_mainland_fixed_test,training,0,Training CV fold 1
160520,160520,PT111,1605,Rubiães,all_territories_with_mainland_fixed_test,training,0,Training CV fold 1
160521,160521,PT111,1605,Vascões,all_territories_with_mainland_fixed_test,training,0,Training CV fold 1
160522,160522,PT111,1605,União das Freguesias de Bico e Cristelo,all_territories_with_mainland_fixed_test,training,0,Training CV fold 1
160523,160523,PT111,1605,União das Freguesias de Cossourado e Linhares,all_territories_with_mainland_fixed_test,training,0,Training CV fold 1
160524,160524,PT111,1605,União das Freguesias de Formariz e Ferreira,all_territories_with_mainland_fixed_test,training,0,Training CV fold 1
160525,160525,PT111,1605,União das Freguesias de Insalde e Porreiras,all_territories_with_mainland_fixed_test,training,0,Training CV fold 1
160526,160526,PT111,1605,União das Freguesias de Paredes de Coura e Resende,all_territories_with_mainland_fixed_test,training,0,Training CV fold 1
160601,160601,PT111,1606,Azias,all_territories_with_mainland_fixed_test,training,0,Training CV fold 1
160602,160602,PT111,1606,Boivães,all_territories_with_mainland_fixed_test,training,0,Training CV fold 1
160603,160603,PT111,1606,Bravães,all_territories_with_mainland_fixed_test,training,0,Training CV fold 1
160604,160604,PT111,1606,Britelo,all_territories_with_mainland_fixed_test,training,0,Training CV fold 1
160606,160606,PT111,1606,Cuide de Vila Verde,all_territories_with_mainland_fixed_test,training,0,Training CV fold 1
160611,160611,PT111,1606,Lavradas,all_territories_with_mainland_fixed_test,training,0,Training CV fold 1
160612,160612,PT111,1606,Lindoso,all_territories_with_mainland_fixed_test,training,0,Training CV fold 1
160613,160613,PT111,1606,Nogueira,all_territories_with_mainland_fixed_test,training,0,Training CV fold 1
160614,160614,PT111,1606,Oleiros,all_territories_with_mainland_fixed_test,training,0,Training CV fold 1
160619,160619,PT111,1606,Sampriz,all_territories_with_mainland_fixed_test,training,0,Training CV fold 1
160623,160623,PT111,1606,Vade (São Pedro),all_territories_with_mainland_fixed_test,training,0,Training CV fold 1
160624,160624,PT111,1606,Vade (São Tomé),all_territories_with_mainland_fixed_test,training,0,Training CV fold 1
160626,160626,PT111,1606,"União das Freguesias de Crasto, Ruivos e Grovelas",all_territories_with_mainland_fixed_test,training,0,Training CV fold 1
160627,160627,PT111,1606,"União das Freguesias de Entre Ambos-os-Rios, Ermida e Germil",all_territories_with_mainland_fixed_test,training,0,Training CV fold 1
160628,160628,PT111,1606,"União das Freguesias de Ponte de Barca, Vila Nova de Muía e Paço Vedro de Magalhães",all_territories_with_mainland_fixed_test,training,0,Training CV fold 1
160629,160629,PT111,1606,União das Freguesias de Touvedo (São Lourenço e Salvador),all_territories_with_mainland_fixed_test,training,0,Training CV fold 1
160630,160630,PT111,1606,União das Freguesias de Vila Chã (São João Baptista e Santiago),all_territories_with_mainland_fixed_test,training,0,Training CV fold 1
160701,160701,PT111,1607,Anais,all_territories_with_mainland_fixed_test,training,0,Training CV fold 1
160703,160703,PT111,1607,Arcos,all_territories_with_mainland_fixed_test,training,0,Training CV fold 1
160704,160704,PT111,1607,Arcozelo,all_territories_with_mainland_fixed_test,training,0,Training CV fold 1
160707,160707,PT111,1607,Beiral do Lima,all_territories_with_mainland_fixed_test,training,0,Training CV fold 1
160708,160708,PT111,1607,Bertiandos,all_territories_with_mainland_fixed_test,training,0,Training CV fold 1
160709,160709,PT111,1607,Boalhosa,all_territories_with_mainland_fixed_test,training,0,Training CV fold 1
160710,160710,PT111,1607,Brandara,all_territories_with_mainland_fixed_test,training,0,Training CV fold 1
160713,160713,PT111,1607,Calheiros,all_territories_with_mainland_fixed_test,training,0,Training CV fold 1
160714,160714,PT111,1607,Calvelo,all_territories_with_mainland_fixed_test,training,0,Training CV fold 1
160716,160716,PT111,1607,Correlhã,all_territories_with_mainland_fixed_test,training,0,Training CV fold 1
160717,160717,PT111,1607,Estorãos,all_territories_with_mainland_fixed_test,training,0,Training CV fold 1
160718,160718,PT111,1607,Facha,all_territories_with_mainland_fixed_test,training,0,Training CV fold 1
160719,160719,PT111,1607,Feitosa,all_territories_with_mainland_fixed_test,training,0,Training CV fold 1
160721,160721,PT111,1607,Fontão,all_territories_with_mainland_fixed_test,training,0,Training CV fold 1
160724,160724,PT111,1607,Friastelas,all_territories_with_mainland_fixed_test,training,0,Training CV fold 1
160726,160726,PT111,1607,Gandra,all_territories_with_mainland_fixed_test,training,0,Training CV fold 1
160727,160727,PT111,1607,Gemieira,all_territories_with_mainland_fixed_test,training,0,Training CV fold 1
160728,160728,PT111,1607,Gondufe,all_territories_with_mainland_fixed_test,training,0,Training CV fold 1
160729,160729,PT111,1607,Labruja,all_territories_with_mainland_fixed_test,training,0,Training CV fold 1
160734,160734,PT111,1607,Poiares,all_territories_with_mainland_fixed_test,training,0,Training CV fold 1
160737,160737,PT111,1607,Refóios do Lima,all_territories_with_mainland_fixed_test,training,0,Training CV fold 1
160739,160739,PT111,1607,Ribeira,all_territories_with_mainland_fixed_test,training,0,Training CV fold 1
160740,160740,PT111,1607,Sá,all_territories_with_mainland_fixed_test,training,0,Training CV fold 1
160742,160742,PT111,1607,Santa Comba,all_territories_with_mainland_fixed_test,training,0,Training CV fold 1
160743,160743,PT111,1607,Santa Cruz do Lima,all_territories_with_mainland_fixed_test,training,0,Training CV fold 1
160744,160744,PT111,1607,Rebordões (Santa Maria),all_territories_with_mainland_fixed_test,training,0,Training CV fold 1
160745,160745,PT111,1607,Seara,all_territories_with_mainland_fixed_test,training,0,Training CV fold 1
160746,160746,PT111,1607,Serdedelo,all_territories_with_mainland_fixed_test,training,0,Training CV fold 1
160747,160747,PT111,1607,Rebordões (Souto),all_territories_with_mainland_fixed_test,training,0,Training CV fold 1
160750,160750,PT111,1607,Vitorino das Donas,all_territories_with_mainland_fixed_test,training,0,Training CV fold 1
160752,160752,PT111,1607,Arca e Ponte de Lima,all_territories_with_mainland_fixed_test,training,0,Training CV fold 1
160753,160753,PT111,1607,"Ardegão, Freixo e Mato",all_territories_with_mainland_fixed_test,training,0,Training CV fold 1
160754,160754,PT111,1607,Associação das Freguesias do Vale do Neiva ,all_territories_with_mainland_fixed_test,training,0,Training CV fold 1
160755,160755,PT111,1607,Bárrio e Cepões,all_territories_with_mainland_fixed_test,training,0,Training CV fold 1
160756,160756,PT111,1607,Cabaços e Fojo Lobal,all_territories_with_mainland_fixed_test,training,0,Training CV fold 1
160757,160757,PT111,1607,Cabração e Moreira do Lima,all_territories_with_mainland_fixed_test,training,0,Training CV fold 1
160758,160758,PT111,1607,Fornelos e Queijada,all_territories_with_mainland_fixed_test,training,0,Training CV fold 1
160759,160759,PT111,1607,"Labrujó, Rendufe e Vilar do Monte",all_territories_with_mainland_fixed_test,training,0,Training CV fold 1
160760,160760,PT111,1607,Navió e Vitorino dos Piães,all_territories_with_mainland_fixed_test,training,0,Training CV fold 1
160802,160802,PT111,1608,Boivão,all_territories_with_mainland_fixed_test,training,0,Training CV fold 1
160803,160803,PT111,1608,Cerdal,all_territories_with_mainland_fixed_test,training,0,Training CV fold 1
160805,160805,PT111,1608,Fontoura,all_territories_with_mainland_fixed_test,training,0,Training CV fold 1
160806,160806,PT111,1608,Friestas,all_territories_with_mainland_fixed_test,training,0,Training CV fold 1
160808,160808,PT111,1608,Ganfei,all_territories_with_mainland_fixed_test,training,0,Training CV fold 1
160812,160812,PT111,1608,São Pedro da Torre,all_territories_with_mainland_fixed_test,training,0,Training CV fold 1
160816,160816,PT111,1608,Verdoejo,all_territories_with_mainland_fixed_test,training,0,Training CV fold 1
160817,160817,PT111,1608,União das Freguesias de Gandra e Taião,all_territories_with_mainland_fixed_test,training,0,Training CV fold 1
160818,160818,PT111,1608,União das Freguesias de Gondomil e Safins,all_territories_with_mainland_fixed_test,training,0,Training CV fold 1
160819,160819,PT111,1608,União das Freguesias de São Julião e Silva,all_territories_with_mainland_fixed_test,training,0,Training CV fold 1
160820,160820,PT111,1608,"União das Freguesias de Valença, Cristelo Covo e Arão",all_territories_with_mainland_fixed_test,training,0,Training CV fold 1
160901,160901,PT111,1609,Afife,all_territories_with_mainland_fixed_test,training,0,Training CV fold 1
160902,160902,PT111,1609,Alvarães,all_territories_with_mainland_fixed_test,training,0,Training CV fold 1
160903,160903,PT111,1609,Amonde,all_territories_with_mainland_fixed_test,training,0,Training CV fold 1
160904,160904,PT111,1609,Anha,all_territories_with_mainland_fixed_test,training,0,Training CV fold 1
160905,160905,PT111,1609,Areosa,all_territories_with_mainland_fixed_test,training,0,Training CV fold 1
160908,160908,PT111,1609,Carreço,all_territories_with_mainland_fixed_test,training,0,Training CV fold 1
160910,160910,PT111,1609,Castelo do Neiva,all_territories_with_mainland_fixed_test,training,0,Training CV fold 1
160911,160911,PT111,1609,Darque,all_territories_with_mainland_fixed_test,training,0,Training CV fold 1
160914,160914,PT111,1609,Freixieiro de Soutelo,all_territories_with_mainland_fixed_test,training,0,Training CV fold 1
160915,160915,PT111,1609,Lanheses,all_territories_with_mainland_fixed_test,training,0,Training CV fold 1
160920,160920,PT111,1609,Montaria,all_territories_with_mainland_fixed_test,training,0,Training CV fold 1
160922,160922,PT111,1609,Mujães,all_territories_with_mainland_fixed_test,training,0,Training CV fold 1
160923,160923,PT111,1609,Neiva,all_territories_with_mainland_fixed_test,training,0,Training CV fold 1
160925,160925,PT111,1609,Outeiro,all_territories_with_mainland_fixed_test,training,0,Training CV fold 1
160926,160926,PT111,1609,Perre,all_territories_with_mainland_fixed_test,training,0,Training CV fold 1
160928,160928,PT111,1609,Santa Marta de Portuzelo,all_territories_with_mainland_fixed_test,training,0,Training CV fold 1
160935,160935,PT111,1609,Vila Franca,all_territories_with_mainland_fixed_test,training,0,Training CV fold 1
160938,160938,PT111,1609,Vila de Punhe,all_territories_with_mainland_fixed_test,training,0,Training CV fold 1
160940,160940,PT111,1609,Chafé,all_territories_with_mainland_fixed_test,training,0,Training CV fold 1
160941,160941,PT111,1609,União das Freguesias de Barroselas e Carvoeiro,all_territories_with_mainland_fixed_test,training,0,Training CV fold 1
160942,160942,PT111,1609,União das Freguesias de Cardielos e Serreleis,all_territories_with_mainland_fixed_test,training,0,Training CV fold 1
160943,160943,PT111,1609,"União das Freguesias de Geraz do Lima (Santa Maria, Santa Leocádia e Moreira) e Deão",all_territories_with_mainland_fixed_test,training,0,Training CV fold 1
160944,160944,PT111,1609,União das Freguesias de Mezarefes e Vila Fria,all_territories_with_mainland_fixed_test,training,0,Training CV fold 1
160945,160945,PT111,1609,"União das Freguesias de Nogueira, Meixedo e Vilar de Murteda",all_territories_with_mainland_fixed_test,training,0,Training CV fold 1
160946,160946,PT111,1609,"União das Freguesias de Subportela, Deocriste e Portela Susã",all_territories_with_mainland_fixed_test,training,0,Training CV fold 1
160947,160947,PT111,1609,União das Freguesias de Torre e Vila Mou,all_territories_with_mainland_fixed_test,training,0,Training CV fold 1
160948,160948,PT111,1609,União das Freguesias de Viana do Castelo (Santa Maria Maior e Monserrate) e Meadela,all_territories_with_mainland_fixed_test,training,0,Training CV fold 1
161003,161003,PT111,1610,Cornes,all_territories_with_mainland_fixed_test,training,0,Training CV fold 1
161004,161004,PT111,1610,Covas,all_territories_with_mainland_fixed_test,training,0,Training CV fold 1
161006,161006,PT111,1610,Gondarém,all_territories_with_mainland_fixed_test,training,0,Training CV fold 1
161007,161007,PT111,1610,Loivo,all_territories_with_mainland_fixed_test,training,0,Training CV fold 1
161009,161009,PT111,1610,Mentrestido,all_territories_with_mainland_fixed_test,training,0,Training CV fold 1
161012,161012,PT111,1610,Sapardos,all_territories_with_mainland_fixed_test,training,0,Training CV fold 1
161013,161013,PT111,1610,Sopo,all_territories_with_mainland_fixed_test,training,0,Training CV fold 1
161016,161016,PT111,1610,União das Freguesias de Campos e Vila Meã,all_territories_with_mainland_fixed_test,training,0,Training CV fold 1
161017,161017,PT111,1610,União das Freguesias de Candemil e Gondar,all_territories_with_mainland_fixed_test,training,0,Training CV fold 1
161018,161018,PT111,1610,União das Freguesias de Reboreda e Nogueira,all_territories_with_mainland_fixed_test,training,0,Training CV fold 1
161019,161019,PT111,1610,União das Freguesias de Vila Nova de Cerveira e Lovelhe,all_territories_with_mainland_fixed_test,training,0,Training CV fold 1
170101,170101,PT11D,1701,Alijó,all_territories_with_mainland_fixed_test,training,0,Training CV fold 1
170107,170107,PT11D,1701,Favaios,all_territories_with_mainland_fixed_test,training,0,Training CV fold 1
170108,170108,PT11D,1701,Pegarinhos,all_territories_with_mainland_fixed_test,training,0,Training CV fold 1
170109,170109,PT11D,1701,Pinhão,all_territories_with_mainland_fixed_test,training,0,Training CV fold 1
170112,170112,PT11D,1701,Sanfins do Douro,all_territories_with_mainland_fixed_test,training,0,Training CV fold 1
170113,170113,PT11D,1701,Santa Eugénia,all_territories_with_mainland_fixed_test,training,0,Training CV fold 1
170114,170114,PT11D,1701,São Mamede de Ribatua,all_territories_with_mainland_fixed_test,training,0,Training CV fold 1
170116,170116,PT11D,1701,Vila Chã,all_territories_with_mainland_fixed_test,training,0,Training CV fold 1
170117,170117,PT11D,1701,Vila Verde,all_territories_with_mainland_fixed_test,training,0,Training CV fold 1
170118,170118,PT11D,1701,Vilar de Maçada,all_territories_with_mainland_fixed_test,training,0,Training CV fold 1
170120,170120,PT11D,1701,União das Freguesias de Carlão e Amieiro,all_territories_with_mainland_fixed_test,training,0,Training CV fold 1
170121,170121,PT11D,1701,União das Freguesias de Castedo e Cotas,all_territories_with_mainland_fixed_test,training,0,Training CV fold 1
170122,170122,PT11D,1701,União das Freguesias de Pópulo e Ribalonga,all_territories_with_mainland_fixed_test,training,0,Training CV fold 1
170123,170123,PT11D,1701,"União das Freguesias de Vale Mendiz, Casal de Loivos e Vilarinho de Cotas",all_territories_with_mainland_fixed_test,training,0,Training CV fold 1
170203,170203,PT11B,1702,Beça,all_territories_with_mainland_fixed_test,training,3,Training CV fold 4
170208,170208,PT11B,1702,Covas do Barroso,all_territories_with_mainland_fixed_test,training,3,Training CV fold 4
170210,170210,PT11B,1702,Dornelas,all_territories_with_mainland_fixed_test,training,3,Training CV fold 4
170213,170213,PT11B,1702,Pinho,all_territories_with_mainland_fixed_test,training,3,Training CV fold 4
170215,170215,PT11B,1702,Sapiãos,all_territories_with_mainland_fixed_test,training,3,Training CV fold 4
170217,170217,PT11B,1702,Alturas de Barroso e Cerdedo,all_territories_with_mainland_fixed_test,training,3,Training CV fold 4
170218,170218,PT11B,1702,Ardãos e Bobadela,all_territories_with_mainland_fixed_test,training,3,Training CV fold 4
170219,170219,PT11B,1702,Boticas e Granja,all_territories_with_mainland_fixed_test,training,3,Training CV fold 4
170220,170220,PT11B,1702,"Condessoso, Curros e Fiães do Tâmega",all_territories_with_mainland_fixed_test,training,3,Training CV fold 4
170221,170221,PT11B,1702,Vilar e Viveiro,all_territories_with_mainland_fixed_test,training,3,Training CV fold 4
170301,170301,PT11B,1703,Águas Frias,all_territories_with_mainland_fixed_test,training,3,Training CV fold 4
170302,170302,PT11B,1703,Anelhe,all_territories_with_mainland_fixed_test,training,3,Training CV fold 4
170305,170305,PT11B,1703,Bustelo,all_territories_with_mainland_fixed_test,training,3,Training CV fold 4
170309,170309,PT11B,1703,Cimo de Vila da Castanheira,all_territories_with_mainland_fixed_test,training,3,Training CV fold 4
170310,170310,PT11B,1703,Curalha,all_territories_with_mainland_fixed_test,training,3,Training CV fold 4
170312,170312,PT11B,1703,Ervededo,all_territories_with_mainland_fixed_test,training,3,Training CV fold 4
170313,170313,PT11B,1703,Faiões,all_territories_with_mainland_fixed_test,training,3,Training CV fold 4
170314,170314,PT11B,1703,Lama de Arcos,all_territories_with_mainland_fixed_test,training,3,Training CV fold 4
170316,170316,PT11B,1703,Mairos,all_territories_with_mainland_fixed_test,training,3,Training CV fold 4
170317,170317,PT11B,1703,Moreiras,all_territories_with_mainland_fixed_test,training,3,Training CV fold 4
170318,170318,PT11B,1703,Nogueira da Montanha,all_territories_with_mainland_fixed_test,training,3,Training CV fold 4
170320,170320,PT11B,1703,Oura,all_territories_with_mainland_fixed_test,training,3,Training CV fold 4
170321,170321,PT11B,1703,Outeiro Seco,all_territories_with_mainland_fixed_test,training,3,Training CV fold 4
170322,170322,PT11B,1703,Paradela,all_territories_with_mainland_fixed_test,training,3,Training CV fold 4
170324,170324,PT11B,1703,Redondelo,all_territories_with_mainland_fixed_test,training,3,Training CV fold 4
170327,170327,PT11B,1703,Sanfins,all_territories_with_mainland_fixed_test,training,3,Training CV fold 4
170329,170329,PT11B,1703,Santa Leocádia,all_territories_with_mainland_fixed_test,training,3,Training CV fold 4
170330,170330,PT11B,1703,Santo António de Monforte,all_territories_with_mainland_fixed_test,training,3,Training CV fold 4
170331,170331,PT11B,1703,Santo Estêvão,all_territories_with_mainland_fixed_test,training,3,Training CV fold 4
170333,170333,PT11B,1703,São Pedro de Agostém,all_territories_with_mainland_fixed_test,training,3,Training CV fold 4
170334,170334,PT11B,1703,São Vicente,all_territories_with_mainland_fixed_test,training,3,Training CV fold 4
170340,170340,PT11B,1703,Tronco,all_territories_with_mainland_fixed_test,training,3,Training CV fold 4
170341,170341,PT11B,1703,Vale de Anta,all_territories_with_mainland_fixed_test,training,3,Training CV fold 4
170343,170343,PT11B,1703,Vila Verde da Raia,all_territories_with_mainland_fixed_test,training,3,Training CV fold 4
170344,170344,PT11B,1703,Vilar de Nantes,all_territories_with_mainland_fixed_test,training,3,Training CV fold 4
170345,170345,PT11B,1703,Vilarelho da Raia,all_territories_with_mainland_fixed_test,training,3,Training CV fold 4
170347,170347,PT11B,1703,Vilas Boas,all_territories_with_mainland_fixed_test,training,3,Training CV fold 4
170348,170348,PT11B,1703,Vilela Seca,all_territories_with_mainland_fixed_test,training,3,Training CV fold 4
170349,170349,PT11B,1703,Vilela do Tâmega,all_territories_with_mainland_fixed_test,training,3,Training CV fold 4
170350,170350,PT11B,1703,Santa Maria Maior,all_territories_with_mainland_fixed_test,training,3,Training CV fold 4
170353,170353,PT11B,1703,Planalto de Monforte (União das Freguesias de Oucidres e Bobadela),all_territories_with_mainland_fixed_test,training,3,Training CV fold 4
170354,170354,PT11B,1703,União das Freguesias de Madalena e Samaiões,all_territories_with_mainland_fixed_test,training,3,Training CV fold 4
170355,170355,PT11B,1703,"União das Freguesias de Eiras, São Julião de Montenegro e Cela",all_territories_with_mainland_fixed_test,training,3,Training CV fold 4
170356,170356,PT11B,1703,União das Freguesias de Calvão e Soutelinho da Raia,all_territories_with_mainland_fixed_test,training,3,Training CV fold 4
170357,170357,PT11B,1703,União das Freguesias de Loivos e Póvoa de Agrações,all_territories_with_mainland_fixed_test,training,3,Training CV fold 4
170358,170358,PT11B,1703,União das Freguesias de Santa Cruz/Trindade e Sanjurge,all_territories_with_mainland_fixed_test,training,3,Training CV fold 4
170359,170359,PT11B,1703,União das Freguesias de Soutelo e Seara Velha,all_territories_with_mainland_fixed_test,training,3,Training CV fold 4
170360,170360,PT11B,1703,União das Freguesias de Travancas e Roriz,all_territories_with_mainland_fixed_test,training,3,Training CV fold 4
170361,170361,PT11B,1703,"Vidago (União das Freguesias de Vidago, Arcossó, Selhariz e Vilarinho das Paranheiras)",all_territories_with_mainland_fixed_test,training,3,Training CV fold 4
170401,170401,PT11D,1704,Barqueiros,all_territories_with_mainland_fixed_test,training,0,Training CV fold 1
170402,170402,PT11D,1704,Cidadelhe,all_territories_with_mainland_fixed_test,training,0,Training CV fold 1
170403,170403,PT11D,1704,Oliveira,all_territories_with_mainland_fixed_test,training,0,Training CV fold 1
170407,170407,PT11D,1704,Vila Marim,all_territories_with_mainland_fixed_test,training,0,Training CV fold 1
170408,170408,PT11D,1704,Mesão Frio (Santo André),all_territories_with_mainland_fixed_test,training,0,Training CV fold 1
170501,170501,PT119,1705,Atei,all_territories_with_mainland_fixed_test,training,1,Training CV fold 2
170502,170502,PT119,1705,Bilhó,all_territories_with_mainland_fixed_test,training,1,Training CV fold 2
170505,170505,PT119,1705,Mondim de Basto,all_territories_with_mainland_fixed_test,training,1,Training CV fold 2
170508,170508,PT119,1705,Vilar de Ferreiros,all_territories_with_mainland_fixed_test,training,1,Training CV fold 2
170509,170509,PT119,1705,União das Freguesias de Campanhó e Paradança,all_territories_with_mainland_fixed_test,training,1,Training CV fold 2
170510,170510,PT119,1705,União das Freguesias de Ermelo e Paradelhas,all_territories_with_mainland_fixed_test,training,1,Training CV fold 2
170601,170601,PT11B,1706,Cabril,all_territories_with_mainland_fixed_test,training,3,Training CV fold 4
170603,170603,PT11B,1706,Cervos,all_territories_with_mainland_fixed_test,training,3,Training CV fold 4
170604,170604,PT11B,1706,Chã,all_territories_with_mainland_fixed_test,training,3,Training CV fold 4
170607,170607,PT11B,1706,Covelo do Gerês,all_territories_with_mainland_fixed_test,training,3,Training CV fold 4
170609,170609,PT11B,1706,Ferral,all_territories_with_mainland_fixed_test,training,3,Training CV fold 4
170612,170612,PT11B,1706,Gralhas,all_territories_with_mainland_fixed_test,training,3,Training CV fold 4
170616,170616,PT11B,1706,Morgade,all_territories_with_mainland_fixed_test,training,3,Training CV fold 4
170618,170618,PT11B,1706,Negrões,all_territories_with_mainland_fixed_test,training,3,Training CV fold 4
170619,170619,PT11B,1706,Outeiro,all_territories_with_mainland_fixed_test,training,3,Training CV fold 4
170623,170623,PT11B,1706,Pitões das Junias,all_territories_with_mainland_fixed_test,training,3,Training CV fold 4
170625,170625,PT11B,1706,Reigoso,all_territories_with_mainland_fixed_test,training,3,Training CV fold 4
170626,170626,PT11B,1706,Salto,all_territories_with_mainland_fixed_test,training,3,Training CV fold 4
170627,170627,PT11B,1706,Santo André,all_territories_with_mainland_fixed_test,training,3,Training CV fold 4
170629,170629,PT11B,1706,Sarraquinhos,all_territories_with_mainland_fixed_test,training,3,Training CV fold 4
170631,170631,PT11B,1706,Solveira,all_territories_with_mainland_fixed_test,training,3,Training CV fold 4
170632,170632,PT11B,1706,Tourém,all_territories_with_mainland_fixed_test,training,3,Training CV fold 4
170635,170635,PT11B,1706,Vila da Ponte,all_territories_with_mainland_fixed_test,training,3,Training CV fold 4
170636,170636,PT11B,1706,"União das Freguesias de Cambeses do Rio, Donões e Mourilhe",all_territories_with_mainland_fixed_test,training,3,Training CV fold 4
170637,170637,PT11B,1706,União das Freguesias de Meixedo e Padornelos,all_territories_with_mainland_fixed_test,training,3,Training CV fold 4
170638,170638,PT11B,1706,União das Freguesias de Montalegre e Padroso,all_territories_with_mainland_fixed_test,training,3,Training CV fold 4
170639,170639,PT11B,1706,"União das Freguesias de Paradela,Contim e Fiães",all_territories_with_mainland_fixed_test,training,3,Training CV fold 4
170640,170640,PT11B,1706,União das Freguesias de Sevelhe e Covelhães,all_territories_with_mainland_fixed_test,training,3,Training CV fold 4
170641,170641,PT11B,1706,União das Freguesias de Venda Nova e Pondras,all_territories_with_mainland_fixed_test,training,3,Training CV fold 4
170642,170642,PT11B,1706,União das Freguesias de Viade de Baixo e Fervidelas,all_territories_with_mainland_fixed_test,training,3,Training CV fold 4
170643,170643,PT11B,1706,União das Freguesias de Vilar de Perdizes e Meixide,all_territories_with_mainland_fixed_test,training,3,Training CV fold 4
170701,170701,PT11D,1707,Candedo,all_territories_with_mainland_fixed_test,training,0,Training CV fold 1
170703,170703,PT11D,1707,Fiolhoso,all_territories_with_mainland_fixed_test,training,0,Training CV fold 1
170704,170704,PT11D,1707,Jou,all_territories_with_mainland_fixed_test,training,0,Training CV fold 1
170705,170705,PT11D,1707,Murça,all_territories_with_mainland_fixed_test,training,0,Training CV fold 1
170708,170708,PT11D,1707,Valongo de Milhais,all_territories_with_mainland_fixed_test,training,0,Training CV fold 1
170710,170710,PT11D,1707,União das Freguesias de Carva e Vilares,all_territories_with_mainland_fixed_test,training,0,Training CV fold 1
170711,170711,PT11D,1707,União das Freguesias de Noura e Palheiros,all_territories_with_mainland_fixed_test,training,0,Training CV fold 1
170802,170802,PT11D,1708,Fontelas,all_territories_with_mainland_fixed_test,training,0,Training CV fold 1
170805,170805,PT11D,1708,Loureiro,all_territories_with_mainland_fixed_test,training,0,Training CV fold 1
170809,170809,PT11D,1708,Sedielos,all_territories_with_mainland_fixed_test,training,0,Training CV fold 1
170810,170810,PT11D,1708,Vilarinho dos Freires,all_territories_with_mainland_fixed_test,training,0,Training CV fold 1
170813,170813,PT11D,1708,União das Freguesias de Galafura e Covelinhas,all_territories_with_mainland_fixed_test,training,0,Training CV fold 1
170814,170814,PT11D,1708,União das Freguesias de Moura Morta e Vinhós,all_territories_with_mainland_fixed_test,training,0,Training CV fold 1
170815,170815,PT11D,1708,União das Freguesias de Peso da Régua e Godim,all_territories_with_mainland_fixed_test,training,0,Training CV fold 1
170816,170816,PT11D,1708,União das Freguesias de Poiares e Canelas,all_territories_with_mainland_fixed_test,training,0,Training CV fold 1
170901,170901,PT11B,1709,Alvadia,all_territories_with_mainland_fixed_test,training,3,Training CV fold 4
170902,170902,PT11B,1709,Canedo,all_territories_with_mainland_fixed_test,training,3,Training CV fold 4
170906,170906,PT11B,1709,Santa Marinha,all_territories_with_mainland_fixed_test,training,3,Training CV fold 4
170908,170908,PT11B,1709,União das Freguesias de Cerva e Limões,all_territories_with_mainland_fixed_test,training,3,Training CV fold 4
170909,170909,PT11B,1709,União das Freguesias de Ribeira de Pena (Salvador) e Santo Aleixo de Além-Tâmega,all_territories_with_mainland_fixed_test,training,3,Training CV fold 4
171001,171001,PT11D,1710,Celeirós,all_territories_with_mainland_fixed_test,training,0,Training CV fold 1
171002,171002,PT11D,1710,Covas do Douro,all_territories_with_mainland_fixed_test,training,0,Training CV fold 1
171004,171004,PT11D,1710,Gouvinhas,all_territories_with_mainland_fixed_test,training,0,Training CV fold 1
171005,171005,PT11D,1710,Parada de Pinhão,all_territories_with_mainland_fixed_test,training,0,Training CV fold 1
171007,171007,PT11D,1710,Paços,all_territories_with_mainland_fixed_test,training,0,Training CV fold 1
171009,171009,PT11D,1710,Sabrosa,all_territories_with_mainland_fixed_test,training,0,Training CV fold 1
171011,171011,PT11D,1710,São Lourenço de Ribapinhão,all_territories_with_mainland_fixed_test,training,0,Training CV fold 1
171013,171013,PT11D,1710,Souto Maior,all_territories_with_mainland_fixed_test,training,0,Training CV fold 1
171014,171014,PT11D,1710,Torre do Pinhão,all_territories_with_mainland_fixed_test,training,0,Training CV fold 1
171015,171015,PT11D,1710,Vilarinho de São Romão,all_territories_with_mainland_fixed_test,training,0,Training CV fold 1
171016,171016,PT11D,1710,"União das Freguesias de Provesende, Gouvães do Douro e São Cristovão do Douro",all_territories_with_mainland_fixed_test,training,0,Training CV fold 1
171017,171017,PT11D,1710,União das Freguesias de São Martinho de Antas e Paradela de Guiães,all_territories_with_mainland_fixed_test,training,0,Training CV fold 1
171101,171101,PT11D,1711,Alvações do Corgo,all_territories_with_mainland_fixed_test,training,0,Training CV fold 1
171102,171102,PT11D,1711,Cumieira,all_territories_with_mainland_fixed_test,training,0,Training CV fold 1
171103,171103,PT11D,1711,Fontes,all_territories_with_mainland_fixed_test,training,0,Training CV fold 1
171106,171106,PT11D,1711,Medrões,all_territories_with_mainland_fixed_test,training,0,Training CV fold 1
171110,171110,PT11D,1711,Sever,all_territories_with_mainland_fixed_test,training,0,Training CV fold 1
171111,171111,PT11D,1711,União das Freguesias de Lobrigos (São Miguel e São João Baptista) e Sanhoane,all_territories_with_mainland_fixed_test,training,0,Training CV fold 1
171112,171112,PT11D,1711,União das Freguesias de Louredo e Fornelos,all_territories_with_mainland_fixed_test,training,0,Training CV fold 1
171201,171201,PT11B,1712,Água Revés e Crasto,all_territories_with_mainland_fixed_test,training,3,Training CV fold 4
171203,171203,PT11B,1712,Algeriz,all_territories_with_mainland_fixed_test,training,3,Training CV fold 4
171205,171205,PT11B,1712,Bouçoães,all_territories_with_mainland_fixed_test,training,3,Training CV fold 4
171206,171206,PT11B,1712,Canaveses,all_territories_with_mainland_fixed_test,training,3,Training CV fold 4
171209,171209,PT11B,1712,Ervões,all_territories_with_mainland_fixed_test,training,3,Training CV fold 4
171211,171211,PT11B,1712,Fornos do Pinhal,all_territories_with_mainland_fixed_test,training,3,Training CV fold 4
171212,171212,PT11B,1712,Friões,all_territories_with_mainland_fixed_test,training,3,Training CV fold 4
171215,171215,PT11B,1712,Padrela e Tazem,all_territories_with_mainland_fixed_test,training,3,Training CV fold 4
171216,171216,PT11B,1712,Possacos,all_territories_with_mainland_fixed_test,training,3,Training CV fold 4
171217,171217,PT11B,1712,Rio Torto,all_territories_with_mainland_fixed_test,training,3,Training CV fold 4
171219,171219,PT11B,1712,Santa Maria de Emeres,all_territories_with_mainland_fixed_test,training,3,Training CV fold 4
171220,171220,PT11B,1712,Santa Valha,all_territories_with_mainland_fixed_test,training,3,Training CV fold 4
171221,171221,PT11B,1712,Santiago da Ribeira de Alhariz,all_territories_with_mainland_fixed_test,training,3,Training CV fold 4
171222,171222,PT11B,1712,São João da Corveira,all_territories_with_mainland_fixed_test,training,3,Training CV fold 4
171223,171223,PT11B,1712,São Pedro de Veiga de Lila,all_territories_with_mainland_fixed_test,training,3,Training CV fold 4
171224,171224,PT11B,1712,Serapicos,all_territories_with_mainland_fixed_test,training,3,Training CV fold 4
171227,171227,PT11B,1712,Vales,all_territories_with_mainland_fixed_test,training,3,Training CV fold 4
171229,171229,PT11B,1712,Vassal,all_territories_with_mainland_fixed_test,training,3,Training CV fold 4
171230,171230,PT11B,1712,Veiga de Lila,all_territories_with_mainland_fixed_test,training,3,Training CV fold 4
171231,171231,PT11B,1712,Vilarandelo,all_territories_with_mainland_fixed_test,training,3,Training CV fold 4
171232,171232,PT11B,1712,Carrezedo de Montenegro e Curros,all_territories_with_mainland_fixed_test,training,3,Training CV fold 4
171233,171233,PT11B,1712,"Lebução, Fiães e Nozelos",all_territories_with_mainland_fixed_test,training,3,Training CV fold 4
171234,171234,PT11B,1712,Sonim e Barreiros,all_territories_with_mainland_fixed_test,training,3,Training CV fold 4
171235,171235,PT11B,1712,Tinhelas e Alvarelhos,all_territories_with_mainland_fixed_test,training,3,Training CV fold 4
171236,171236,PT11B,1712,Valpaços e Safins,all_territories_with_mainland_fixed_test,training,3,Training CV fold 4
171302,171302,PT11B,1713,Alfarela de Jales,all_territories_with_mainland_fixed_test,training,3,Training CV fold 4
171303,171303,PT11B,1713,Bornes de Aguiar,all_territories_with_mainland_fixed_test,training,3,Training CV fold 4
171304,171304,PT11B,1713,Bragado,all_territories_with_mainland_fixed_test,training,3,Training CV fold 4
171305,171305,PT11B,1713,Capeludos,all_territories_with_mainland_fixed_test,training,3,Training CV fold 4
171310,171310,PT11B,1713,Soutelo de Aguiar,all_territories_with_mainland_fixed_test,training,3,Training CV fold 4
171311,171311,PT11B,1713,Telões,all_territories_with_mainland_fixed_test,training,3,Training CV fold 4
171312,171312,PT11B,1713,Tresminas,all_territories_with_mainland_fixed_test,training,3,Training CV fold 4
171313,171313,PT11B,1713,Valoura,all_territories_with_mainland_fixed_test,training,3,Training CV fold 4
171314,171314,PT11B,1713,Vila Pouca de Aguiar,all_territories_with_mainland_fixed_test,training,3,Training CV fold 4
171315,171315,PT11B,1713,Vreia de Bornes,all_territories_with_mainland_fixed_test,training,3,Training CV fold 4
171316,171316,PT11B,1713,Vreia de Jales,all_territories_with_mainland_fixed_test,training,3,Training CV fold 4
171317,171317,PT11B,1713,Sabroso de Aguiar,all_territories_with_mainland_fixed_test,training,3,Training CV fold 4
171319,171319,PT11B,1713,Alvão,all_territories_with_mainland_fixed_test,training,3,Training CV fold 4
171320,171320,PT11B,1713,União das Freguesias de Pensalvos e Parada de Monteiros,all_territories_with_mainland_fixed_test,training,3,Training CV fold 4
171401,171401,PT11D,1714,Abaças,all_territories_with_mainland_fixed_test,training,0,Training CV fold 1
171403,171403,PT11D,1714,Andrães,all_territories_with_mainland_fixed_test,training,0,Training CV fold 1
171404,171404,PT11D,1714,Arroios,all_territories_with_mainland_fixed_test,training,0,Training CV fold 1
171406,171406,PT11D,1714,Campeã,all_territories_with_mainland_fixed_test,training,0,Training CV fold 1
171409,171409,PT11D,1714,Folhadela,all_territories_with_mainland_fixed_test,training,0,Training CV fold 1
171410,171410,PT11D,1714,Guiães,all_territories_with_mainland_fixed_test,training,0,Training CV fold 1
171414,171414,PT11D,1714,Lordelo,all_territories_with_mainland_fixed_test,training,0,Training CV fold 1
171415,171415,PT11D,1714,Mateus,all_territories_with_mainland_fixed_test,training,0,Training CV fold 1
171416,171416,PT11D,1714,Mondrões,all_territories_with_mainland_fixed_test,training,0,Training CV fold 1
171420,171420,PT11D,1714,Parada de Cunhos,all_territories_with_mainland_fixed_test,training,0,Training CV fold 1
171426,171426,PT11D,1714,Torgueda,all_territories_with_mainland_fixed_test,training,0,Training CV fold 1
171429,171429,PT11D,1714,Vila Marim,all_territories_with_mainland_fixed_test,training,0,Training CV fold 1
171431,171431,PT11D,1714,União das Freguesias de Adoufe e Vilarinho de Samardã,all_territories_with_mainland_fixed_test,training,0,Training CV fold 1
171432,171432,PT11D,1714,União das Freguesias de Borbela e Lamas de Olo,all_territories_with_mainland_fixed_test,training,0,Training CV fold 1
171433,171433,PT11D,1714,União das Freguesias de Constantim e Vale de Nogueira,all_territories_with_mainland_fixed_test,training,0,Training CV fold 1
171434,171434,PT11D,1714,União das Freguesias de Mouçós e Lamares,all_territories_with_mainland_fixed_test,training,0,Training CV fold 1
171435,171435,PT11D,1714,União das Freguesias de Nogueira e Ermida,all_territories_with_mainland_fixed_test,training,0,Training CV fold 1
171436,171436,PT11D,1714,"União das Freguesias de Pena, Quintã e Vila Cova",all_territories_with_mainland_fixed_test,training,0,Training CV fold 1
171437,171437,PT11D,1714,União das Freguesias de São Tomé do Castelo e Justes,all_territories_with_mainland_fixed_test,training,0,Training CV fold 1
171438,171438,PT11D,1714,"União das Freguesias de Vila Real (Nossa Senhora da Conceição, São Pedro e São Dinis)",all_territories_with_mainland_fixed_test,training,0,Training CV fold 1
180101,180101,PT11D,1801,Aldeias,all_territories_with_mainland_fixed_test,training,0,Training CV fold 1
180104,180104,PT11D,1801,Cimbres,all_territories_with_mainland_fixed_test,training,0,Training CV fold 1
180106,180106,PT11D,1801,Folgosa,all_territories_with_mainland_fixed_test,training,0,Training CV fold 1
180107,180107,PT11D,1801,Fontelo,all_territories_with_mainland_fixed_test,training,0,Training CV fold 1
180109,180109,PT11D,1801,Queimada,all_territories_with_mainland_fixed_test,training,0,Training CV fold 1
180110,180110,PT11D,1801,Queimadela,all_territories_with_mainland_fixed_test,training,0,Training CV fold 1
180111,180111,PT11D,1801,Santa Cruz,all_territories_with_mainland_fixed_test,training,0,Training CV fold 1
180114,180114,PT11D,1801,São Cosmado,all_territories_with_mainland_fixed_test,training,0,Training CV fold 1
180115,180115,PT11D,1801,São Martinho das Chãs,all_territories_with_mainland_fixed_test,training,0,Training CV fold 1
180118,180118,PT11D,1801,Vacalar,all_territories_with_mainland_fixed_test,training,0,Training CV fold 1
180120,180120,PT11D,1801,Armamar,all_territories_with_mainland_fixed_test,training,0,Training CV fold 1
180121,180121,PT11D,1801,União das Freguesias de Aricera e Goujoim,all_territories_with_mainland_fixed_test,training,0,Training CV fold 1
180122,180122,PT11D,1801,União das Freguesias de São Romão e Santiago,all_territories_with_mainland_fixed_test,training,0,Training CV fold 1
180123,180123,PT11D,1801,União das Freguesias de Vila Seca e Santo Adrião,all_territories_with_mainland_fixed_test,training,0,Training CV fold 1
180201,180201,PT16G,1802,Beijós,all_territories_with_mainland_fixed_test,training,4,Training CV fold 5
180202,180202,PT16G,1802,Cabanas de Viriato,all_territories_with_mainland_fixed_test,training,4,Training CV fold 5
180204,180204,PT16G,1802,Oliveira do Conde,all_territories_with_mainland_fixed_test,training,4,Training CV fold 5
180206,180206,PT16G,1802,Parada,all_territories_with_mainland_fixed_test,training,4,Training CV fold 5
180208,180208,PT16G,1802,"União das Freguesias de Currelos, Papízios e Sobral",all_territories_with_mainland_fixed_test,training,4,Training CV fold 5
180301,180301,PT16G,1803,Almofala,all_territories_with_mainland_fixed_test,training,4,Training CV fold 5
180303,180303,PT16G,1803,Cabril,all_territories_with_mainland_fixed_test,training,4,Training CV fold 5
180304,180304,PT16G,1803,Castro Daire,all_territories_with_mainland_fixed_test,training,4,Training CV fold 5
180305,180305,PT16G,1803,Cujó,all_territories_with_mainland_fixed_test,training,4,Training CV fold 5
180309,180309,PT16G,1803,Gosende,all_territories_with_mainland_fixed_test,training,4,Training CV fold 5
180312,180312,PT16G,1803,Mões,all_territories_with_mainland_fixed_test,training,4,Training CV fold 5
180313,180313,PT16G,1803,Moledo,all_territories_with_mainland_fixed_test,training,4,Training CV fold 5
180314,180314,PT16G,1803,Monteiras,all_territories_with_mainland_fixed_test,training,4,Training CV fold 5
180317,180317,PT16G,1803,Pepim,all_territories_with_mainland_fixed_test,training,4,Training CV fold 5
180319,180319,PT16G,1803,Pinheiro,all_territories_with_mainland_fixed_test,training,4,Training CV fold 5
180322,180322,PT16G,1803,São Joaninho,all_territories_with_mainland_fixed_test,training,4,Training CV fold 5
180323,180323,PT16G,1803,"União das Freguesias de Mamouros, Alva e Ribolhos",all_territories_with_mainland_fixed_test,training,4,Training CV fold 5
180324,180324,PT16G,1803,União das Freguesias de Mezia e Moura Morta,all_territories_with_mainland_fixed_test,training,4,Training CV fold 5
180325,180325,PT16G,1803,União das Freguesias de Parade de Ester e Ester,all_territories_with_mainland_fixed_test,training,4,Training CV fold 5
180326,180326,PT16G,1803,União das Freguesias de Picão e Ermida,all_territories_with_mainland_fixed_test,training,4,Training CV fold 5
180327,180327,PT16G,1803,União das Freguesias de Reriz e Gafanhão,all_territories_with_mainland_fixed_test,training,4,Training CV fold 5
180403,180403,PT11C,1804,Cinfães,all_territories_with_mainland_fixed_test,training,1,Training CV fold 2
180404,180404,PT11C,1804,Espadanedo,all_territories_with_mainland_fixed_test,training,1,Training CV fold 2
180405,180405,PT11C,1804,Ferreiros de Tendais,all_territories_with_mainland_fixed_test,training,1,Training CV fold 2
180406,180406,PT11C,1804,Fornelos,all_territories_with_mainland_fixed_test,training,1,Training CV fold 2
180408,180408,PT11C,1804,Moimenta,all_territories_with_mainland_fixed_test,training,1,Training CV fold 2
180409,180409,PT11C,1804,Nespereira,all_territories_with_mainland_fixed_test,training,1,Training CV fold 2
180410,180410,PT11C,1804,Oliveira do Douro,all_territories_with_mainland_fixed_test,training,1,Training CV fold 2
180412,180412,PT11C,1804,Santiago de Piães,all_territories_with_mainland_fixed_test,training,1,Training CV fold 2
180413,180413,PT11C,1804,São Cristóvão de Nogueira,all_territories_with_mainland_fixed_test,training,1,Training CV fold 2
180414,180414,PT11C,1804,Souselo,all_territories_with_mainland_fixed_test,training,1,Training CV fold 2
180415,180415,PT11C,1804,Tarouquela,all_territories_with_mainland_fixed_test,training,1,Training CV fold 2
180416,180416,PT11C,1804,Tendais,all_territories_with_mainland_fixed_test,training,1,Training CV fold 2
180417,180417,PT11C,1804,Travanca,all_territories_with_mainland_fixed_test,training,1,Training CV fold 2
180418,180418,PT11C,1804,"União das Freguesias de Alhões, Bustelo, Gralheira e Ramires",all_territories_with_mainland_fixed_test,training,1,Training CV fold 2
180502,180502,PT11D,1805,Avões,all_territories_with_mainland_fixed_test,training,0,Training CV fold 1
180504,180504,PT11D,1805,Britiande,all_territories_with_mainland_fixed_test,training,0,Training CV fold 1
180505,180505,PT11D,1805,Cambres,all_territories_with_mainland_fixed_test,training,0,Training CV fold 1
180507,180507,PT11D,1805,Ferreirim,all_territories_with_mainland_fixed_test,training,0,Training CV fold 1
180508,180508,PT11D,1805,Ferreiros de Avões,all_territories_with_mainland_fixed_test,training,0,Training CV fold 1
180509,180509,PT11D,1805,Figueira,all_territories_with_mainland_fixed_test,training,0,Training CV fold 1
180510,180510,PT11D,1805,Lalim,all_territories_with_mainland_fixed_test,training,0,Training CV fold 1
180511,180511,PT11D,1805,Lazarim,all_territories_with_mainland_fixed_test,training,0,Training CV fold 1
180516,180516,PT11D,1805,Penajóia,all_territories_with_mainland_fixed_test,training,0,Training CV fold 1
180517,180517,PT11D,1805,Penude,all_territories_with_mainland_fixed_test,training,0,Training CV fold 1
180519,180519,PT11D,1805,Samodães,all_territories_with_mainland_fixed_test,training,0,Training CV fold 1
180520,180520,PT11D,1805,Sande,all_territories_with_mainland_fixed_test,training,0,Training CV fold 1
180523,180523,PT11D,1805,Várzea de Abrunhais,all_territories_with_mainland_fixed_test,training,0,Training CV fold 1
180524,180524,PT11D,1805,Vila Nova de Souto d' El-Rei,all_territories_with_mainland_fixed_test,training,0,Training CV fold 1
180525,180525,PT11D,1805,Lamego (Almacave e Sé),all_territories_with_mainland_fixed_test,training,0,Training CV fold 1
180526,180526,PT11D,1805,"União das Freguesias de Bigorne, Magueija e Pretarouca",all_territories_with_mainland_fixed_test,training,0,Training CV fold 1
180527,180527,PT11D,1805,"União das Freguesias de Cepões, Meijinhos e Melcões",all_territories_with_mainland_fixed_test,training,0,Training CV fold 1
180528,180528,PT11D,1805,União das Freguesias de Parada do Bispo e Valdigem,all_territories_with_mainland_fixed_test,training,0,Training CV fold 1
180601,180601,PT16G,1806,Abrunhosa-a-Velha,all_territories_with_mainland_fixed_test,training,4,Training CV fold 5
180602,180602,PT16G,1806,Alcafache,all_territories_with_mainland_fixed_test,training,4,Training CV fold 5
180605,180605,PT16G,1806,Cunha Baixa,all_territories_with_mainland_fixed_test,training,4,Training CV fold 5
180606,180606,PT16G,1806,Espinho,all_territories_with_mainland_fixed_test,training,4,Training CV fold 5
180607,180607,PT16G,1806,Fornos de Maceira Dão,all_territories_with_mainland_fixed_test,training,4,Training CV fold 5
180608,180608,PT16G,1806,Freixiosa,all_territories_with_mainland_fixed_test,training,4,Training CV fold 5
180614,180614,PT16G,1806,Quintela de Azurara,all_territories_with_mainland_fixed_test,training,4,Training CV fold 5
180616,180616,PT16G,1806,São João da Fresta,all_territories_with_mainland_fixed_test,training,4,Training CV fold 5
180619,180619,PT16G,1806,"União das Freguesias de Mangualde, Mesquitela e Cunha Alta",all_territories_with_mainland_fixed_test,training,4,Training CV fold 5
180620,180620,PT16G,1806,União das Freguesias de Moimenta de Maceira Dão e Lobelhe do Mato,all_territories_with_mainland_fixed_test,training,4,Training CV fold 5
180621,180621,PT16G,1806,União das Freguesias de Santiago de Cassurrães e Póvoa de Cervães,all_territories_with_mainland_fixed_test,training,4,Training CV fold 5
180622,180622,PT16G,1806,"União das Freguesias de Tavares (Chá, Várzea e Travanca)",all_territories_with_mainland_fixed_test,training,4,Training CV fold 5
180702,180702,PT11D,1807,Alvite,all_territories_with_mainland_fixed_test,training,0,Training CV fold 1
180703,180703,PT11D,1807,Arcozelos,all_territories_with_mainland_fixed_test,training,0,Training CV fold 1
180705,180705,PT11D,1807,Baldos,all_territories_with_mainland_fixed_test,training,0,Training CV fold 1
180706,180706,PT11D,1807,Cabaços,all_territories_with_mainland_fixed_test,training,0,Training CV fold 1
180707,180707,PT11D,1807,Caria,all_territories_with_mainland_fixed_test,training,0,Training CV fold 1
180708,180708,PT11D,1807,Castelo,all_territories_with_mainland_fixed_test,training,0,Training CV fold 1
180709,180709,PT11D,1807,Leomil,all_territories_with_mainland_fixed_test,training,0,Training CV fold 1
180710,180710,PT11D,1807,Moimenta da Beira,all_territories_with_mainland_fixed_test,training,0,Training CV fold 1
180713,180713,PT11D,1807,Passô,all_territories_with_mainland_fixed_test,training,0,Training CV fold 1
180716,180716,PT11D,1807,Rua,all_territories_with_mainland_fixed_test,training,0,Training CV fold 1
180717,180717,PT11D,1807,Sarzedo,all_territories_with_mainland_fixed_test,training,0,Training CV fold 1
180719,180719,PT11D,1807,Sever,all_territories_with_mainland_fixed_test,training,0,Training CV fold 1
180720,180720,PT11D,1807,Vilar,all_territories_with_mainland_fixed_test,training,0,Training CV fold 1
180721,180721,PT11D,1807,União das Freguesias de Paradinha e Nagosa,all_territories_with_mainland_fixed_test,training,0,Training CV fold 1
180722,180722,PT11D,1807,"União das Freguesias de Pêra Velha, Aldeia de Nacomba e Ariz",all_territories_with_mainland_fixed_test,training,0,Training CV fold 1
180723,180723,PT11D,1807,União das Freguesias de Peva e Segões,all_territories_with_mainland_fixed_test,training,0,Training CV fold 1
180802,180802,PT16E,1808,Cercosa,all_territories_with_mainland_fixed_test,training,3,Training CV fold 4
180804,180804,PT16E,1808,Espinho,all_territories_with_mainland_fixed_test,training,3,Training CV fold 4
180805,180805,PT16E,1808,Marmeleira,all_territories_with_mainland_fixed_test,training,3,Training CV fold 4
180807,180807,PT16E,1808,Pala,all_territories_with_mainland_fixed_test,training,3,Training CV fold 4
180808,180808,PT16E,1808,Sobral,all_territories_with_mainland_fixed_test,training,3,Training CV fold 4
180809,180809,PT16E,1808,Trezói,all_territories_with_mainland_fixed_test,training,3,Training CV fold 4
180811,180811,PT16E,1808,"União das Freguesias de Mortágua, Vale de Remígio, Cortegaça e Almaça",all_territories_with_mainland_fixed_test,training,3,Training CV fold 4
180901,180901,PT16G,1809,Canas de Senhorim,all_territories_with_mainland_fixed_test,training,4,Training CV fold 5
180903,180903,PT16G,1809,Nelas,all_territories_with_mainland_fixed_test,training,4,Training CV fold 5
180905,180905,PT16G,1809,Senhorim,all_territories_with_mainland_fixed_test,training,4,Training CV fold 5
180906,180906,PT16G,1809,Vilar Seco,all_territories_with_mainland_fixed_test,training,4,Training CV fold 5
180908,180908,PT16G,1809,Lapa do Lobo,all_territories_with_mainland_fixed_test,training,4,Training CV fold 5
180910,180910,PT16G,1809,União das Freguesias de Carvalhal Redondo e Aguieira,all_territories_with_mainland_fixed_test,training,4,Training CV fold 5
180911,180911,PT16G,1809,União das Freguesias de Santar e Moreira,all_territories_with_mainland_fixed_test,training,4,Training CV fold 5
181002,181002,PT16G,1810,Arcozelo das Maias,all_territories_with_mainland_fixed_test,training,4,Training CV fold 5
181005,181005,PT16G,1810,Pinheiro,all_territories_with_mainland_fixed_test,training,4,Training CV fold 5
181007,181007,PT16G,1810,Ribeiradio,all_territories_with_mainland_fixed_test,training,4,Training CV fold 5
181008,181008,PT16G,1810,São João da Serra,all_territories_with_mainland_fixed_test,training,4,Training CV fold 5
181009,181009,PT16G,1810,São Vicente de Lafões,all_territories_with_mainland_fixed_test,training,4,Training CV fold 5
181013,181013,PT16G,1810,União das Freguesias de Arca e Varzielas,all_territories_with_mainland_fixed_test,training,4,Training CV fold 5
181014,181014,PT16G,1810,União das Freguesias de Destriz e Reigoso,all_territories_with_mainland_fixed_test,training,4,Training CV fold 5
181015,181015,PT16G,1810,"União das Freguesias de Oliveira de Frades, Souto de Lafões e Sejães",all_territories_with_mainland_fixed_test,training,4,Training CV fold 5
181102,181102,PT16G,1811,Castelo de Penalva,all_territories_with_mainland_fixed_test,training,4,Training CV fold 5
181103,181103,PT16G,1811,Esmolfe,all_territories_with_mainland_fixed_test,training,4,Training CV fold 5
181104,181104,PT16G,1811,Germil,all_territories_with_mainland_fixed_test,training,4,Training CV fold 5
181105,181105,PT16G,1811,Ínsua,all_territories_with_mainland_fixed_test,training,4,Training CV fold 5
181106,181106,PT16G,1811,Lusinde,all_territories_with_mainland_fixed_test,training,4,Training CV fold 5
181109,181109,PT16G,1811,Pindo,all_territories_with_mainland_fixed_test,training,4,Training CV fold 5
181110,181110,PT16G,1811,Real,all_territories_with_mainland_fixed_test,training,4,Training CV fold 5
181111,181111,PT16G,1811,Sezures,all_territories_with_mainland_fixed_test,training,4,Training CV fold 5
181112,181112,PT16G,1811,Trancozelos,all_territories_with_mainland_fixed_test,training,4,Training CV fold 5
181114,181114,PT16G,1811,União das Freguesias de Antas e Matela,all_territories_with_mainland_fixed_test,training,4,Training CV fold 5
181115,181115,PT16G,1811,União das Freguesias de Vila Cova do Covelo e Marreco,all_territories_with_mainland_fixed_test,training,4,Training CV fold 5
181202,181202,PT11D,1812,Beselga,all_territories_with_mainland_fixed_test,training,0,Training CV fold 1
181203,181203,PT11D,1812,Castainço,all_territories_with_mainland_fixed_test,training,0,Training CV fold 1
181207,181207,PT11D,1812,Penela da Beira,all_territories_with_mainland_fixed_test,training,0,Training CV fold 1
181208,181208,PT11D,1812,Póvoa de Penela,all_territories_with_mainland_fixed_test,training,0,Training CV fold 1
181209,181209,PT11D,1812,Souto,all_territories_with_mainland_fixed_test,training,0,Training CV fold 1
181210,181210,PT11D,1812,União das Freguesias de Antas e Ourozinho,all_territories_with_mainland_fixed_test,training,0,Training CV fold 1
181211,181211,PT11D,1812,União das Freguesias de Penedono e Granja,all_territories_with_mainland_fixed_test,training,0,Training CV fold 1
181302,181302,PT11C,1813,Barrô,all_territories_with_mainland_fixed_test,training,1,Training CV fold 2
181303,181303,PT11C,1813,Cárquere,all_territories_with_mainland_fixed_test,training,1,Training CV fold 2
181310,181310,PT11C,1813,Paus,all_territories_with_mainland_fixed_test,training,1,Training CV fold 2
181311,181311,PT11C,1813,Resende,all_territories_with_mainland_fixed_test,training,1,Training CV fold 2
181312,181312,PT11C,1813,São Cipriano,all_territories_with_mainland_fixed_test,training,1,Training CV fold 2
181313,181313,PT11C,1813,São João de Fontoura,all_territories_with_mainland_fixed_test,training,1,Training CV fold 2
181314,181314,PT11C,1813,São Martinho de Mouros,all_territories_with_mainland_fixed_test,training,1,Training CV fold 2
181316,181316,PT11C,1813,União das Freguesias de Anreade e São Romão de Aregos,all_territories_with_mainland_fixed_test,training,1,Training CV fold 2
181317,181317,PT11C,1813,União das Freguesias de Felgueiras e Feirão,all_territories_with_mainland_fixed_test,training,1,Training CV fold 2
181318,181318,PT11C,1813,União das Freguesias de Freigil e Miomães,all_territories_with_mainland_fixed_test,training,1,Training CV fold 2
181319,181319,PT11C,1813,União das Freguesias de Ovadas e Panchorra,all_territories_with_mainland_fixed_test,training,1,Training CV fold 2
181403,181403,PT16G,1814,Pinheiro de Ázere,all_territories_with_mainland_fixed_test,training,4,Training CV fold 5
181405,181405,PT16G,1814,São Joaninho,all_territories_with_mainland_fixed_test,training,4,Training CV fold 5
181406,181406,PT16G,1814,São João de Areias,all_territories_with_mainland_fixed_test,training,4,Training CV fold 5
181410,181410,PT16G,1814,União das Freguesias de Ovoa e Vimieiro,all_territories_with_mainland_fixed_test,training,4,Training CV fold 5
181411,181411,PT16G,1814,União das Freguesias de Santa Comba Dão e Couto do Mosteiro,all_territories_with_mainland_fixed_test,training,4,Training CV fold 5
181412,181412,PT16G,1814,União das Freguesias de Treixedo e Nagozela,all_territories_with_mainland_fixed_test,training,4,Training CV fold 5
181501,181501,PT11D,1815,Castanheiro do Sul,all_territories_with_mainland_fixed_test,training,0,Training CV fold 1
181502,181502,PT11D,1815,Ervedosa do Douro,all_territories_with_mainland_fixed_test,training,0,Training CV fold 1
181504,181504,PT11D,1815,Nagozelo do Douro,all_territories_with_mainland_fixed_test,training,0,Training CV fold 1
181505,181505,PT11D,1815,Paredes da Beira,all_territories_with_mainland_fixed_test,training,0,Training CV fold 1
181507,181507,PT11D,1815,Riodades,all_territories_with_mainland_fixed_test,training,0,Training CV fold 1
181509,181509,PT11D,1815,Soutelo do Douro,all_territories_with_mainland_fixed_test,training,0,Training CV fold 1
181511,181511,PT11D,1815,Vale de Figueira,all_territories_with_mainland_fixed_test,training,0,Training CV fold 1
181512,181512,PT11D,1815,Valongo dos Azeites,all_territories_with_mainland_fixed_test,training,0,Training CV fold 1
181515,181515,PT11D,1815,União das Freguesias de São João da Pesqueira e Várzea de Trevões,all_territories_with_mainland_fixed_test,training,0,Training CV fold 1
181516,181516,PT11D,1815,União das Freguesias de Trevões e Espinhosa,all_territories_with_mainland_fixed_test,training,0,Training CV fold 1
181517,181517,PT11D,1815,União das Freguesias de Vilaroco e Pereiros,all_territories_with_mainland_fixed_test,training,0,Training CV fold 1
181602,181602,PT16G,1816,Bordonhos,all_territories_with_mainland_fixed_test,training,4,Training CV fold 5
181606,181606,PT16G,1816,Figueiredo de Alva,all_territories_with_mainland_fixed_test,training,4,Training CV fold 5
181607,181607,PT16G,1816,Manhouce,all_territories_with_mainland_fixed_test,training,4,Training CV fold 5
181608,181608,PT16G,1816,Pindelo dos Milagres,all_territories_with_mainland_fixed_test,training,4,Training CV fold 5
181609,181609,PT16G,1816,Pinho,all_territories_with_mainland_fixed_test,training,4,Training CV fold 5
181612,181612,PT16G,1816,São Félix,all_territories_with_mainland_fixed_test,training,4,Training CV fold 5
181615,181615,PT16G,1816,Serrazes,all_territories_with_mainland_fixed_test,training,4,Training CV fold 5
181616,181616,PT16G,1816,Sul,all_territories_with_mainland_fixed_test,training,4,Training CV fold 5
181617,181617,PT16G,1816,Valadares,all_territories_with_mainland_fixed_test,training,4,Training CV fold 5
181619,181619,PT16G,1816,Vila Maior,all_territories_with_mainland_fixed_test,training,4,Training CV fold 5
181620,181620,PT16G,1816,União das Freguesias de Carvalhais e Candal,all_territories_with_mainland_fixed_test,training,4,Training CV fold 5
181621,181621,PT16G,1816,União das Freguesias de Santa Cruz da Trapa e São Cristóvão de Lafões,all_territories_with_mainland_fixed_test,training,4,Training CV fold 5
181622,181622,PT16G,1816,União das Freguesias de São Martinho das Moitas e Covas do Rio,all_territories_with_mainland_fixed_test,training,4,Training CV fold 5
181623,181623,PT16G,1816,"União das Freguesias de São Pedro do Sul, Várzea e Baiões",all_territories_with_mainland_fixed_test,training,4,Training CV fold 5
181702,181702,PT16G,1817,Avelal,all_territories_with_mainland_fixed_test,training,4,Training CV fold 5
181704,181704,PT16G,1817,Ferreira de Aves,all_territories_with_mainland_fixed_test,training,4,Training CV fold 5
181706,181706,PT16G,1817,Mioma,all_territories_with_mainland_fixed_test,training,4,Training CV fold 5
181707,181707,PT16G,1817,Rio de Moinhos,all_territories_with_mainland_fixed_test,training,4,Training CV fold 5
181709,181709,PT16G,1817,São Miguel de Vila Boa,all_territories_with_mainland_fixed_test,training,4,Training CV fold 5
181710,181710,PT16G,1817,Sátão,all_territories_with_mainland_fixed_test,training,4,Training CV fold 5
181711,181711,PT16G,1817,Silvã de Cima,all_territories_with_mainland_fixed_test,training,4,Training CV fold 5
181713,181713,PT16G,1817,União das Freguesias de Águas Boas e Forles,all_territories_with_mainland_fixed_test,training,4,Training CV fold 5
181714,181714,PT16G,1817,"União das Freguesias de Romãs, Decermilo e Vila Longa",all_territories_with_mainland_fixed_test,training,4,Training CV fold 5
181801,181801,PT11D,1818,Arnas,all_territories_with_mainland_fixed_test,training,0,Training CV fold 1
181802,181802,PT11D,1818,Carregal,all_territories_with_mainland_fixed_test,training,0,Training CV fold 1
181803,181803,PT11D,1818,Chosendo,all_territories_with_mainland_fixed_test,training,0,Training CV fold 1
181804,181804,PT11D,1818,Cunha,all_territories_with_mainland_fixed_test,training,0,Training CV fold 1
181806,181806,PT11D,1818,Faia,all_territories_with_mainland_fixed_test,training,0,Training CV fold 1
181810,181810,PT11D,1818,Granjal,all_territories_with_mainland_fixed_test,training,0,Training CV fold 1
181811,181811,PT11D,1818,Lamosa,all_territories_with_mainland_fixed_test,training,0,Training CV fold 1
181814,181814,PT11D,1818,Quintela,all_territories_with_mainland_fixed_test,training,0,Training CV fold 1
181817,181817,PT11D,1818,Vila da Ponte,all_territories_with_mainland_fixed_test,training,0,Training CV fold 1
181818,181818,PT11D,1818,União das Freguesias de Ferreirim e Macieira,all_territories_with_mainland_fixed_test,training,0,Training CV fold 1
181819,181819,PT11D,1818,União das Freguesias de Fonte Arcada e Escurquela,all_territories_with_mainland_fixed_test,training,0,Training CV fold 1
181820,181820,PT11D,1818,União das Freguesias de Penso e Freixinho,all_territories_with_mainland_fixed_test,training,0,Training CV fold 1
181821,181821,PT11D,1818,União das Freguesias de Sernancelhe e Sarzeda,all_territories_with_mainland_fixed_test,training,0,Training CV fold 1
181901,181901,PT11D,1819,Adorigo,all_territories_with_mainland_fixed_test,training,0,Training CV fold 1
181902,181902,PT11D,1819,Arcos,all_territories_with_mainland_fixed_test,training,0,Training CV fold 1
181904,181904,PT11D,1819,Chavães,all_territories_with_mainland_fixed_test,training,0,Training CV fold 1
181905,181905,PT11D,1819,Desejosa,all_territories_with_mainland_fixed_test,training,0,Training CV fold 1
181906,181906,PT11D,1819,Granja do Tedo,all_territories_with_mainland_fixed_test,training,0,Training CV fold 1
181908,181908,PT11D,1819,Longra,all_territories_with_mainland_fixed_test,training,0,Training CV fold 1
181913,181913,PT11D,1819,Sendim,all_territories_with_mainland_fixed_test,training,0,Training CV fold 1
181914,181914,PT11D,1819,Tabuaço,all_territories_with_mainland_fixed_test,training,0,Training CV fold 1
181917,181917,PT11D,1819,Valença do Douro,all_territories_with_mainland_fixed_test,training,0,Training CV fold 1
181918,181918,PT11D,1819,União das Freguesias de Barcos e Santa Leocádia,all_territories_with_mainland_fixed_test,training,0,Training CV fold 1
181919,181919,PT11D,1819,União das Freguesias de Paradela e Granjinha,all_territories_with_mainland_fixed_test,training,0,Training CV fold 1
181920,181920,PT11D,1819,União das Freguesias de Pinheiros e Vale da Figueira,all_territories_with_mainland_fixed_test,training,0,Training CV fold 1
181921,181921,PT11D,1819,União das Freguesias de Távora e Pereiro,all_territories_with_mainland_fixed_test,training,0,Training CV fold 1
182004,182004,PT11D,1820,Mondim da Beira,all_territories_with_mainland_fixed_test,training,0,Training CV fold 1
182005,182005,PT11D,1820,Salzedas,all_territories_with_mainland_fixed_test,training,0,Training CV fold 1
182006,182006,PT11D,1820,São João de Tarouca,all_territories_with_mainland_fixed_test,training,0,Training CV fold 1
182009,182009,PT11D,1820,Várzea da Serra,all_territories_with_mainland_fixed_test,training,0,Training CV fold 1
182011,182011,PT11D,1820,União das Freguesias de Gouviães e Ucanha,all_territories_with_mainland_fixed_test,training,0,Training CV fold 1
182012,182012,PT11D,1820,União das Freguesias de Granja Nova e Vila Chã de Beira,all_territories_with_mainland_fixed_test,training,0,Training CV fold 1
182013,182013,PT11D,1820,União das Freguesias de Tarouca e Dálvares,all_territories_with_mainland_fixed_test,training,0,Training CV fold 1
182102,182102,PT16G,1821,Campo de Besteiros,all_territories_with_mainland_fixed_test,training,4,Training CV fold 5
182103,182103,PT16G,1821,Canas de Santa Maria,all_territories_with_mainland_fixed_test,training,4,Training CV fold 5
182105,182105,PT16G,1821,Castelões,all_territories_with_mainland_fixed_test,training,4,Training CV fold 5
182106,182106,PT16G,1821,Dardavaz,all_territories_with_mainland_fixed_test,training,4,Training CV fold 5
182107,182107,PT16G,1821,Ferreirós do Dão,all_territories_with_mainland_fixed_test,training,4,Training CV fold 5
182108,182108,PT16G,1821,Guardão,all_territories_with_mainland_fixed_test,training,4,Training CV fold 5
182109,182109,PT16G,1821,Lajeosa,all_territories_with_mainland_fixed_test,training,4,Training CV fold 5
182110,182110,PT16G,1821,Lobão da Beira,all_territories_with_mainland_fixed_test,training,4,Training CV fold 5
182111,182111,PT16G,1821,Molelos,all_territories_with_mainland_fixed_test,training,4,Training CV fold 5
182116,182116,PT16G,1821,Parada de Gonta,all_territories_with_mainland_fixed_test,training,4,Training CV fold 5
182118,182118,PT16G,1821,Santiago de Besteiros,all_territories_with_mainland_fixed_test,training,4,Training CV fold 5
182122,182122,PT16G,1821,Tonda,all_territories_with_mainland_fixed_test,training,4,Training CV fold 5
182127,182127,PT16G,1821,União das Freguesias de Barreiro de Besteiros e Tourigo,all_territories_with_mainland_fixed_test,training,4,Training CV fold 5
182128,182128,PT16G,1821,União das Freguesias de Caparrosa e Silvares,all_territories_with_mainland_fixed_test,training,4,Training CV fold 5
182129,182129,PT16G,1821,União das Freguesias de Mouraz e Vila Nova da Rainha,all_territories_with_mainland_fixed_test,training,4,Training CV fold 5
182130,182130,PT16G,1821,União das Freguesias de São João do Monte e Mosteirinho,all_territories_with_mainland_fixed_test,training,4,Training CV fold 5
182131,182131,PT16G,1821,União das Freguesias de São Miguel do Outeiro e Sabugosa,all_territories_with_mainland_fixed_test,training,4,Training CV fold 5
182132,182132,PT16G,1821,União das Freguesias de Tondela e Nandufe,all_territories_with_mainland_fixed_test,training,4,Training CV fold 5
182133,182133,PT16G,1821,União das Freguesias de Vilar de Besteiros e Mosteiro de Fráguas,all_territories_with_mainland_fixed_test,training,4,Training CV fold 5
182203,182203,PT16G,1822,Pendilhe,all_territories_with_mainland_fixed_test,training,4,Training CV fold 5
182204,182204,PT16G,1822,Queiriga,all_territories_with_mainland_fixed_test,training,4,Training CV fold 5
182205,182205,PT16G,1822,Touro,all_territories_with_mainland_fixed_test,training,4,Training CV fold 5
182206,182206,PT16G,1822,Vila Cova à Coelheira,all_territories_with_mainland_fixed_test,training,4,Training CV fold 5
182208,182208,PT16G,1822,"União das Freguesias de Vila Nova de Paiva, Alhais e Fráguas",all_territories_with_mainland_fixed_test,training,4,Training CV fold 5
182301,182301,PT16G,1823,Abraveses,all_territories_with_mainland_fixed_test,training,4,Training CV fold 5
182304,182304,PT16G,1823,Bodiosa,all_territories_with_mainland_fixed_test,training,4,Training CV fold 5
182305,182305,PT16G,1823,Calde,all_territories_with_mainland_fixed_test,training,4,Training CV fold 5
182306,182306,PT16G,1823,Campo,all_territories_with_mainland_fixed_test,training,4,Training CV fold 5
182307,182307,PT16G,1823,Cavernães,all_territories_with_mainland_fixed_test,training,4,Training CV fold 5
182310,182310,PT16G,1823,Cota,all_territories_with_mainland_fixed_test,training,4,Training CV fold 5
182315,182315,PT16G,1823,Fragosela,all_territories_with_mainland_fixed_test,training,4,Training CV fold 5
182316,182316,PT16G,1823,Lordosa,all_territories_with_mainland_fixed_test,training,4,Training CV fold 5
182317,182317,PT16G,1823,Silgueiros,all_territories_with_mainland_fixed_test,training,4,Training CV fold 5
182318,182318,PT16G,1823,Mundão,all_territories_with_mainland_fixed_test,training,4,Training CV fold 5
182319,182319,PT16G,1823,Orgens,all_territories_with_mainland_fixed_test,training,4,Training CV fold 5
182320,182320,PT16G,1823,Povolide,all_territories_with_mainland_fixed_test,training,4,Training CV fold 5
182321,182321,PT16G,1823,Ranhados,all_territories_with_mainland_fixed_test,training,4,Training CV fold 5
182322,182322,PT16G,1823,Ribafeita,all_territories_with_mainland_fixed_test,training,4,Training CV fold 5
182323,182323,PT16G,1823,Rio de Loba,all_territories_with_mainland_fixed_test,training,4,Training CV fold 5
182325,182325,PT16G,1823,Santos Evos,all_territories_with_mainland_fixed_test,training,4,Training CV fold 5
182327,182327,PT16G,1823,São João de Lourosa,all_territories_with_mainland_fixed_test,training,4,Training CV fold 5
182329,182329,PT16G,1823,São Pedro de France,all_territories_with_mainland_fixed_test,training,4,Training CV fold 5
182335,182335,PT16G,1823,União das Freguesias de Barreiros e Cepões,all_territories_with_mainland_fixed_test,training,4,Training CV fold 5
182336,182336,PT16G,1823,"União das Freguesias de Boa Aldeia, Farminhão e Torredeita",all_territories_with_mainland_fixed_test,training,4,Training CV fold 5
182337,182337,PT16G,1823,União das Freguesias de Couto de Baixo e Couto de Cima,all_territories_with_mainland_fixed_test,training,4,Training CV fold 5
182338,182338,PT16G,1823,União das Freguesias de Faíl e Vila Chã de Sá,all_territories_with_mainland_fixed_test,training,4,Training CV fold 5
182339,182339,PT16G,1823,União das Freguesias de Repeses e São Salvador,all_territories_with_mainland_fixed_test,training,4,Training CV fold 5
182340,182340,PT16G,1823,União das Freguesias de São Cipriano e Vil de Souto,all_territories_with_mainland_fixed_test,training,4,Training CV fold 5
182341,182341,PT16G,1823,União das Freguesias de Viseu,all_territories_with_mainland_fixed_test,training,4,Training CV fold 5
182401,182401,PT16G,1824,Alcofra,all_territories_with_mainland_fixed_test,training,4,Training CV fold 5
182403,182403,PT16G,1824,Campia,all_territories_with_mainland_fixed_test,training,4,Training CV fold 5
182407,182407,PT16G,1824,Fornelo do Monte,all_territories_with_mainland_fixed_test,training,4,Training CV fold 5
182409,182409,PT16G,1824,Queirã,all_territories_with_mainland_fixed_test,training,4,Training CV fold 5
182410,182410,PT16G,1824,São Miguel do Mato,all_territories_with_mainland_fixed_test,training,4,Training CV fold 5
182411,182411,PT16G,1824,Ventosa,all_territories_with_mainland_fixed_test,training,4,Training CV fold 5
182413,182413,PT16G,1824,União das Freguesias de Cambra e Carvalhal de Vermilhas,all_territories_with_mainland_fixed_test,training,4,Training CV fold 5
182414,182414,PT16G,1824,União das Freguesias de Fataunços e Figueiredo de Donas,all_territories_with_mainland_fixed_test,training,4,Training CV fold 5
182415,182415,PT16G,1824,União das Freguesias de Vouzela e Paços de Vilharigues,all_territories_with_mainland_fixed_test,training,4,Training CV fold 5
310101,310101,PT300,3101,Arco da Calheta,all_territories_with_mainland_fixed_test,training,3,Training CV fold 4
310102,310102,PT300,3101,Calheta,all_territories_with_mainland_fixed_test,training,3,Training CV fold 4
310103,310103,PT300,3101,Estreito da Calheta,all_territories_with_mainland_fixed_test,training,3,Training CV fold 4
310104,310104,PT300,3101,Fajã da Ovelha,all_territories_with_mainland_fixed_test,training,3,Training CV fold 4
310105,310105,PT300,3101,Jardim do Mar,all_territories_with_mainland_fixed_test,training,3,Training CV fold 4
310106,310106,PT300,3101,Paul do Mar,all_territories_with_mainland_fixed_test,training,3,Training CV fold 4
310107,310107,PT300,3101,Ponta do Pargo,all_territories_with_mainland_fixed_test,training,3,Training CV fold 4
310108,310108,PT300,3101,Prazeres,all_territories_with_mainland_fixed_test,training,3,Training CV fold 4
310201,310201,PT300,3102,Câmara de Lobos,all_territories_with_mainland_fixed_test,training,3,Training CV fold 4
310202,310202,PT300,3102,Curral das Freiras,all_territories_with_mainland_fixed_test,training,3,Training CV fold 4
310203,310203,PT300,3102,Estreito de Câmara de Lobos,all_territories_with_mainland_fixed_test,training,3,Training CV fold 4
310204,310204,PT300,3102,Quinta Grande,all_territories_with_mainland_fixed_test,training,3,Training CV fold 4
310205,310205,PT300,3102,Jardim da Serra,all_territories_with_mainland_fixed_test,training,3,Training CV fold 4
310301,310301,PT300,3103,Imaculado Coração de Maria,all_territories_with_mainland_fixed_test,training,3,Training CV fold 4
310302,310302,PT300,3103,Monte,all_territories_with_mainland_fixed_test,training,3,Training CV fold 4
310303,310303,PT300,3103,Funchal (Santa Luzia),all_territories_with_mainland_fixed_test,training,3,Training CV fold 4
310304,310304,PT300,3103,Funchal (Santa Maria Maior),all_territories_with_mainland_fixed_test,training,3,Training CV fold 4
310305,310305,PT300,3103,Santo António,all_territories_with_mainland_fixed_test,training,3,Training CV fold 4
310306,310306,PT300,3103,São Gonçalo,all_territories_with_mainland_fixed_test,training,3,Training CV fold 4
310307,310307,PT300,3103,São Martinho,all_territories_with_mainland_fixed_test,training,3,Training CV fold 4
310308,310308,PT300,3103,Funchal (São Pedro),all_territories_with_mainland_fixed_test,training,3,Training CV fold 4
310309,310309,PT300,3103,São Roque,all_territories_with_mainland_fixed_test,training,3,Training CV fold 4
310310,310310,PT300,3103,Funchal (Sé),all_territories_with_mainland_fixed_test,training,3,Training CV fold 4
310401,310401,PT300,3104,Água de Pena,all_territories_with_mainland_fixed_test,training,3,Training CV fold 4
310402,310402,PT300,3104,Caniçal,all_territories_with_mainland_fixed_test,training,3,Training CV fold 4
310403,310403,PT300,3104,Machico,all_territories_with_mainland_fixed_test,training,3,Training CV fold 4
310404,310404,PT300,3104,Porto da Cruz,all_territories_with_mainland_fixed_test,training,3,Training CV fold 4
310405,310405,PT300,3104,Santo António da Serra,all_territories_with_mainland_fixed_test,training,3,Training CV fold 4
310501,310501,PT300,3105,Canhas,all_territories_with_mainland_fixed_test,training,3,Training CV fold 4
310502,310502,PT300,3105,Madalena do Mar,all_territories_with_mainland_fixed_test,training,3,Training CV fold 4
310503,310503,PT300,3105,Ponta do Sol,all_territories_with_mainland_fixed_test,training,3,Training CV fold 4
310601,310601,PT300,3106,Achadas da Cruz,all_territories_with_mainland_fixed_test,training,1,Training CV fold 2
310602,310602,PT300,3106,Porto Moniz,all_territories_with_mainland_fixed_test,training,1,Training CV fold 2
310603,310603,PT300,3106,Ribeira da Janela,all_territories_with_mainland_fixed_test,training,1,Training CV fold 2
310604,310604,PT300,3106,Seixal,all_territories_with_mainland_fixed_test,training,1,Training CV fold 2
310701,310701,PT300,3107,Campanário,all_territories_with_mainland_fixed_test,training,3,Training CV fold 4
310702,310702,PT300,3107,Ribeira Brava,all_territories_with_mainland_fixed_test,training,3,Training CV fold 4
310703,310703,PT300,3107,Serra de Água,all_territories_with_mainland_fixed_test,training,3,Training CV fold 4
310704,310704,PT300,3107,Tábua,all_territories_with_mainland_fixed_test,training,3,Training CV fold 4
310802,310802,PT300,3108,Camacha,all_territories_with_mainland_fixed_test,training,3,Training CV fold 4
310803,310803,PT300,3108,Caniço,all_territories_with_mainland_fixed_test,training,3,Training CV fold 4
310804,310804,PT300,3108,Gaula,all_territories_with_mainland_fixed_test,training,3,Training CV fold 4
310805,310805,PT300,3108,Santa Cruz,all_territories_with_mainland_fixed_test,training,3,Training CV fold 4
310806,310806,PT300,3108,Santo António da Serra,all_territories_with_mainland_fixed_test,training,3,Training CV fold 4
310901,310901,PT300,3109,Arco de São Jorge,all_territories_with_mainland_fixed_test,training,4,Training CV fold 5
310902,310902,PT300,3109,Faial,all_territories_with_mainland_fixed_test,training,4,Training CV fold 5
310903,310903,PT300,3109,Santana,all_territories_with_mainland_fixed_test,training,4,Training CV fold 5
310904,310904,PT300,3109,São Jorge,all_territories_with_mainland_fixed_test,training,4,Training CV fold 5
310905,310905,PT300,3109,São Roque do Faial,all_territories_with_mainland_fixed_test,training,4,Training CV fold 5
310906,310906,PT300,3109,Ilha,all_territories_with_mainland_fixed_test,training,4,Training CV fold 5
311001,311001,PT300,3110,Boa Ventura,all_territories_with_mainland_fixed_test,training,4,Training CV fold 5
311002,311002,PT300,3110,Ponta Delgada,all_territories_with_mainland_fixed_test,training,4,Training CV fold 5
311003,311003,PT300,3110,São Vicente,all_territories_with_mainland_fixed_test,training,4,Training CV fold 5
320101,320101,PT300,3201,Porto Santo,all_territories_with_mainland_fixed_test,training,3,Training CV fold 4
410101,410101,PT200,4101,Almagreira,all_territories_with_mainland_fixed_test,training,3,Training CV fold 4
410102,410102,PT200,4101,Santa Bárbara,all_territories_with_mainland_fixed_test,training,3,Training CV fold 4
410103,410103,PT200,4101,Santo Espírito,all_territories_with_mainland_fixed_test,training,3,Training CV fold 4
410104,410104,PT200,4101,São Pedro,all_territories_with_mainland_fixed_test,training,3,Training CV fold 4
410105,410105,PT200,4101,Vila do Porto,all_territories_with_mainland_fixed_test,training,3,Training CV fold 4
420101,420101,PT200,4201,Água de Pau,all_territories_with_mainland_fixed_test,training,3,Training CV fold 4
420102,420102,PT200,4201,Cabouco,all_territories_with_mainland_fixed_test,training,3,Training CV fold 4
420103,420103,PT200,4201,Lagoa (Nossa Senhora do Rosário),all_territories_with_mainland_fixed_test,training,3,Training CV fold 4
420104,420104,PT200,4201,Lagoa (Santa Cruz),all_territories_with_mainland_fixed_test,training,3,Training CV fold 4
420105,420105,PT200,4201,Ribeira Chã,all_territories_with_mainland_fixed_test,training,3,Training CV fold 4
420201,420201,PT200,4202,Achada,all_territories_with_mainland_fixed_test,training,4,Training CV fold 5
420202,420202,PT200,4202,Achadinha,all_territories_with_mainland_fixed_test,training,4,Training CV fold 5
420203,420203,PT200,4202,Lomba da Fazenda,all_territories_with_mainland_fixed_test,training,4,Training CV fold 5
420204,420204,PT200,4202,Nordeste,all_territories_with_mainland_fixed_test,training,4,Training CV fold 5
420206,420206,PT200,4202,Salga,all_territories_with_mainland_fixed_test,training,4,Training CV fold 5
420207,420207,PT200,4202,Santana,all_territories_with_mainland_fixed_test,training,4,Training CV fold 5
420208,420208,PT200,4202,Algarvia,all_territories_with_mainland_fixed_test,training,4,Training CV fold 5
420209,420209,PT200,4202,Santo António de Nordestinho,all_territories_with_mainland_fixed_test,training,4,Training CV fold 5
420210,420210,PT200,4202,São Pedro de Nordestinho,all_territories_with_mainland_fixed_test,training,4,Training CV fold 5
420301,420301,PT200,4203,Arrifes,all_territories_with_mainland_fixed_test,training,3,Training CV fold 4
420303,420303,PT200,4203,Candelária,all_territories_with_mainland_fixed_test,training,3,Training CV fold 4
420304,420304,PT200,4203,Capelas,all_territories_with_mainland_fixed_test,training,3,Training CV fold 4
420305,420305,PT200,4203,Covoada,all_territories_with_mainland_fixed_test,training,3,Training CV fold 4
420306,420306,PT200,4203,Fajã de Baixo,all_territories_with_mainland_fixed_test,training,3,Training CV fold 4
420307,420307,PT200,4203,Fajã de Cima,all_territories_with_mainland_fixed_test,training,3,Training CV fold 4
420308,420308,PT200,4203,Fenais da Luz,all_territories_with_mainland_fixed_test,training,3,Training CV fold 4
420309,420309,PT200,4203,Feteiras,all_territories_with_mainland_fixed_test,training,3,Training CV fold 4
420310,420310,PT200,4203,Ginetes,all_territories_with_mainland_fixed_test,training,3,Training CV fold 4
420311,420311,PT200,4203,Mosteiros,all_territories_with_mainland_fixed_test,training,3,Training CV fold 4
420312,420312,PT200,4203,Ponta Delgada (São Sebastião),all_territories_with_mainland_fixed_test,training,3,Training CV fold 4
420313,420313,PT200,4203,Ponta Delgada (São José),all_territories_with_mainland_fixed_test,training,3,Training CV fold 4
420314,420314,PT200,4203,Ponta Delgada (São Pedro),all_territories_with_mainland_fixed_test,training,3,Training CV fold 4
420315,420315,PT200,4203,Relva,all_territories_with_mainland_fixed_test,training,3,Training CV fold 4
420316,420316,PT200,4203,Remédios,all_territories_with_mainland_fixed_test,training,3,Training CV fold 4
420317,420317,PT200,4203,Rosto do Cão (Livramento),all_territories_with_mainland_fixed_test,training,3,Training CV fold 4
420318,420318,PT200,4203,Rosto do Cão (São Roque),all_territories_with_mainland_fixed_test,training,3,Training CV fold 4
420319,420319,PT200,4203,Santa Bárbara,all_territories_with_mainland_fixed_test,training,3,Training CV fold 4
420320,420320,PT200,4203,Santo António,all_territories_with_mainland_fixed_test,training,3,Training CV fold 4
420321,420321,PT200,4203,São Vicente Ferreira,all_territories_with_mainland_fixed_test,training,3,Training CV fold 4
420322,420322,PT200,4203,Sete Cidades,all_territories_with_mainland_fixed_test,training,3,Training CV fold 4
420323,420323,PT200,4203,Ajuda da Bretanha,all_territories_with_mainland_fixed_test,training,3,Training CV fold 4
420324,420324,PT200,4203,Pilar da Bretanha,all_territories_with_mainland_fixed_test,training,3,Training CV fold 4
420325,420325,PT200,4203,Santa Clara,all_territories_with_mainland_fixed_test,training,3,Training CV fold 4
420401,420401,PT200,4204,Água Retorta,all_territories_with_mainland_fixed_test,training,3,Training CV fold 4
420402,420402,PT200,4204,Faial da Terra,all_territories_with_mainland_fixed_test,training,3,Training CV fold 4
420403,420403,PT200,4204,Furnas,all_territories_with_mainland_fixed_test,training,3,Training CV fold 4
420404,420404,PT200,4204,Nossa Senhora dos  Remédios,all_territories_with_mainland_fixed_test,training,3,Training CV fold 4
420405,420405,PT200,4204,Povoação,all_territories_with_mainland_fixed_test,training,3,Training CV fold 4
420406,420406,PT200,4204,Ribeira Quente,all_territories_with_mainland_fixed_test,training,3,Training CV fold 4
420501,420501,PT200,4205,Calhetas,all_territories_with_mainland_fixed_test,training,4,Training CV fold 5
420502,420502,PT200,4205,Fenais da Ajuda,all_territories_with_mainland_fixed_test,training,4,Training CV fold 5
420503,420503,PT200,4205,Lomba da Maia,all_territories_with_mainland_fixed_test,training,4,Training CV fold 5
420504,420504,PT200,4205,Lomba de São Pedro,all_territories_with_mainland_fixed_test,training,4,Training CV fold 5
420505,420505,PT200,4205,Maia,all_territories_with_mainland_fixed_test,training,4,Training CV fold 5
420506,420506,PT200,4205,Pico da Pedra,all_territories_with_mainland_fixed_test,training,4,Training CV fold 5
420507,420507,PT200,4205,Porto Formoso,all_territories_with_mainland_fixed_test,training,4,Training CV fold 5
420508,420508,PT200,4205,Rabo de Peixe,all_territories_with_mainland_fixed_test,training,4,Training CV fold 5
420509,420509,PT200,4205,Ribeira Grande (Conceição),all_territories_with_mainland_fixed_test,training,4,Training CV fold 5
420510,420510,PT200,4205,Ribeira Grande (Matriz),all_territories_with_mainland_fixed_test,training,4,Training CV fold 5
420511,420511,PT200,4205,Ribeira Seca,all_territories_with_mainland_fixed_test,training,4,Training CV fold 5
420512,420512,PT200,4205,Ribeirinha,all_territories_with_mainland_fixed_test,training,4,Training CV fold 5
420513,420513,PT200,4205,Santa Bárbara,all_territories_with_mainland_fixed_test,training,4,Training CV fold 5
420514,420514,PT200,4205,São Brás,all_territories_with_mainland_fixed_test,training,4,Training CV fold 5
420601,420601,PT200,4206,Água de Alto,all_territories_with_mainland_fixed_test,training,1,Training CV fold 2
420602,420602,PT200,4206,Ponta Garça,all_territories_with_mainland_fixed_test,training,1,Training CV fold 2
420603,420603,PT200,4206,Ribeira das Tainhas,all_territories_with_mainland_fixed_test,training,1,Training CV fold 2
420604,420604,PT200,4206,Vila Franca do Campo (São Miguel),all_territories_with_mainland_fixed_test,training,1,Training CV fold 2
420605,420605,PT200,4206,Vila Franca do Campo (São Pedro),all_territories_with_mainland_fixed_test,training,1,Training CV fold 2
420606,420606,PT200,4206,Ribeira Seca,all_territories_with_mainland_fixed_test,training,1,Training CV fold 2
430101,430101,PT200,4301,Altares,all_territories_with_mainland_fixed_test,training,1,Training CV fold 2
430102,430102,PT200,4301,Angra (Nossa Senhora da Conceição),all_territories_with_mainland_fixed_test,training,1,Training CV fold 2
430103,430103,PT200,4301,Angra (Santa Luzia),all_territories_with_mainland_fixed_test,training,1,Training CV fold 2
430104,430104,PT200,4301,Angra (São Pedro),all_territories_with_mainland_fixed_test,training,1,Training CV fold 2
430105,430105,PT200,4301,Angra (Sé),all_territories_with_mainland_fixed_test,training,1,Training CV fold 2
430106,430106,PT200,4301,Cinco Ribeiras,all_territories_with_mainland_fixed_test,training,1,Training CV fold 2
430107,430107,PT200,4301,Doze Ribeiras,all_territories_with_mainland_fixed_test,training,1,Training CV fold 2
430108,430108,PT200,4301,Feteira,all_territories_with_mainland_fixed_test,training,1,Training CV fold 2
430109,430109,PT200,4301,Porto Judeu,all_territories_with_mainland_fixed_test,training,1,Training CV fold 2
430110,430110,PT200,4301,Posto Santo,all_territories_with_mainland_fixed_test,training,1,Training CV fold 2
430111,430111,PT200,4301,Raminho,all_territories_with_mainland_fixed_test,training,1,Training CV fold 2
430112,430112,PT200,4301,Ribeirinha,all_territories_with_mainland_fixed_test,training,1,Training CV fold 2
430113,430113,PT200,4301,Santa Bárbara,all_territories_with_mainland_fixed_test,training,1,Training CV fold 2
430114,430114,PT200,4301,São Bartolomeu de Regatos,all_territories_with_mainland_fixed_test,training,1,Training CV fold 2
430115,430115,PT200,4301,São Bento,all_territories_with_mainland_fixed_test,training,1,Training CV fold 2
430116,430116,PT200,4301,São Mateus da Calheta,all_territories_with_mainland_fixed_test,training,1,Training CV fold 2
430117,430117,PT200,4301,Serreta,all_territories_with_mainland_fixed_test,training,1,Training CV fold 2
430118,430118,PT200,4301,Terra Chã,all_territories_with_mainland_fixed_test,training,1,Training CV fold 2
430119,430119,PT200,4301,Vila de São Sebastião,all_territories_with_mainland_fixed_test,training,1,Training CV fold 2
430201,430201,PT200,4302,Agualva,all_territories_with_mainland_fixed_test,training,3,Training CV fold 4
430202,430202,PT200,4302,Biscoitos,all_territories_with_mainland_fixed_test,training,3,Training CV fold 4
430203,430203,PT200,4302,Cabo da Praia,all_territories_with_mainland_fixed_test,training,3,Training CV fold 4
430204,430204,PT200,4302,Fonte do Bastardo,all_territories_with_mainland_fixed_test,training,3,Training CV fold 4
430205,430205,PT200,4302,Fontinhas,all_territories_with_mainland_fixed_test,training,3,Training CV fold 4
430206,430206,PT200,4302,Lajes,all_territories_with_mainland_fixed_test,training,3,Training CV fold 4
430207,430207,PT200,4302,Praia da Vitória (Santa Cruz),all_territories_with_mainland_fixed_test,training,3,Training CV fold 4
430208,430208,PT200,4302,Quatro Ribeiras,all_territories_with_mainland_fixed_test,training,3,Training CV fold 4
430209,430209,PT200,4302,São Brás,all_territories_with_mainland_fixed_test,training,3,Training CV fold 4
430210,430210,PT200,4302,Vila Nova,all_territories_with_mainland_fixed_test,training,3,Training CV fold 4
430211,430211,PT200,4302,Porto Martins,all_territories_with_mainland_fixed_test,training,3,Training CV fold 4
440101,440101,PT200,4401,Guadalupe,all_territories_with_mainland_fixed_test,training,4,Training CV fold 5
440102,440102,PT200,4401,Luz,all_territories_with_mainland_fixed_test,training,4,Training CV fold 5
440103,440103,PT200,4401,Praia (São Mateus),all_territories_with_mainland_fixed_test,training,4,Training CV fold 5
440104,440104,PT200,4401,Santa Cruz da Graciosa,all_territories_with_mainland_fixed_test,training,4,Training CV fold 5
450101,450101,PT200,4501,Calheta,all_territories_with_mainland_fixed_test,training,4,Training CV fold 5
450102,450102,PT200,4501,Norte Pequeno,all_territories_with_mainland_fixed_test,training,4,Training CV fold 5
450103,450103,PT200,4501,Ribeira Seca,all_territories_with_mainland_fixed_test,training,4,Training CV fold 5
450104,450104,PT200,4501,Santo Antão,all_territories_with_mainland_fixed_test,training,4,Training CV fold 5
450105,450105,PT200,4501,Topo (Nossa Senhora do Rosário),all_territories_with_mainland_fixed_test,training,4,Training CV fold 5
450201,450201,PT200,4502,Manadas (Santa Bárbara),all_territories_with_mainland_fixed_test,training,4,Training CV fold 5
450202,450202,PT200,4502,Norte Grande (Neves),all_territories_with_mainland_fixed_test,training,4,Training CV fold 5
450203,450203,PT200,4502,Rosais,all_territories_with_mainland_fixed_test,training,4,Training CV fold 5
450204,450204,PT200,4502,Santo Amaro,all_territories_with_mainland_fixed_test,training,4,Training CV fold 5
450205,450205,PT200,4502,Urzelina (São Mateus),all_territories_with_mainland_fixed_test,training,4,Training CV fold 5
450206,450206,PT200,4502,Velas (São Jorge),all_territories_with_mainland_fixed_test,training,4,Training CV fold 5
460101,460101,PT200,4601,Calheta de Nesquim,all_territories_with_mainland_fixed_test,training,3,Training CV fold 4
460102,460102,PT200,4601,Lajes do Pico,all_territories_with_mainland_fixed_test,training,3,Training CV fold 4
460103,460103,PT200,4601,Piedade,all_territories_with_mainland_fixed_test,training,3,Training CV fold 4
460104,460104,PT200,4601,Ribeiras,all_territories_with_mainland_fixed_test,training,3,Training CV fold 4
460105,460105,PT200,4601,Ribeirinha,all_territories_with_mainland_fixed_test,training,3,Training CV fold 4
460106,460106,PT200,4601,São João,all_territories_with_mainland_fixed_test,training,3,Training CV fold 4
460201,460201,PT200,4602,Bandeiras,all_territories_with_mainland_fixed_test,training,2,Training CV fold 3
460202,460202,PT200,4602,Candelária,all_territories_with_mainland_fixed_test,training,2,Training CV fold 3
460203,460203,PT200,4602,Criação Velha,all_territories_with_mainland_fixed_test,training,2,Training CV fold 3
460204,460204,PT200,4602,Madalena,all_territories_with_mainland_fixed_test,training,2,Training CV fold 3
460205,460205,PT200,4602,São Caetano,all_territories_with_mainland_fixed_test,training,2,Training CV fold 3
460206,460206,PT200,4602,São Mateus,all_territories_with_mainland_fixed_test,training,2,Training CV fold 3
460301,460301,PT200,4603,Prainha,all_territories_with_mainland_fixed_test,training,4,Training CV fold 5
460302,460302,PT200,4603,Santa Luzia,all_territories_with_mainland_fixed_test,training,4,Training CV fold 5
460303,460303,PT200,4603,Santo Amaro,all_territories_with_mainland_fixed_test,training,4,Training CV fold 5
460304,460304,PT200,4603,Santo António,all_territories_with_mainland_fixed_test,training,4,Training CV fold 5
460305,460305,PT200,4603,São Roque do Pico,all_territories_with_mainland_fixed_test,training,4,Training CV fold 5
470101,470101,PT200,4701,Capelo,all_territories_with_mainland_fixed_test,training,0,Training CV fold 1
470102,470102,PT200,4701,Castelo Branco,all_territories_with_mainland_fixed_test,training,0,Training CV fold 1
470103,470103,PT200,4701,Cedros,all_territories_with_mainland_fixed_test,training,0,Training CV fold 1
470104,470104,PT200,4701,Feteira,all_territories_with_mainland_fixed_test,training,0,Training CV fold 1
470105,470105,PT200,4701,Flamengos,all_territories_with_mainland_fixed_test,training,0,Training CV fold 1
470106,470106,PT200,4701,Horta (Angústias),all_territories_with_mainland_fixed_test,training,0,Training CV fold 1
470107,470107,PT200,4701,Horta (Conceição),all_territories_with_mainland_fixed_test,training,0,Training CV fold 1
470108,470108,PT200,4701,Horta (Matriz),all_territories_with_mainland_fixed_test,training,0,Training CV fold 1
470109,470109,PT200,4701,Pedro Miguel,all_territories_with_mainland_fixed_test,training,0,Training CV fold 1
470110,470110,PT200,4701,Praia do Almoxarife,all_territories_with_mainland_fixed_test,training,0,Training CV fold 1
470111,470111,PT200,4701,Praia do Norte,all_territories_with_mainland_fixed_test,training,0,Training CV fold 1
470112,470112,PT200,4701,Ribeirinha,all_territories_with_mainland_fixed_test,training,0,Training CV fold 1
470113,470113,PT200,4701,Salão,all_territories_with_mainland_fixed_test,training,0,Training CV fold 1
480101,480101,PT200,4801,Fajã Grande,all_territories_with_mainland_fixed_test,training,1,Training CV fold 2
480102,480102,PT200,4801,Fajãzinha,all_territories_with_mainland_fixed_test,training,1,Training CV fold 2
480103,480103,PT200,4801,Fazenda,all_territories_with_mainland_fixed_test,training,1,Training CV fold 2
480104,480104,PT200,4801,Lajedo,all_territories_with_mainland_fixed_test,training,1,Training CV fold 2
480105,480105,PT200,4801,Lajes das Flores,all_territories_with_mainland_fixed_test,training,1,Training CV fold 2
480106,480106,PT200,4801,Lomba,all_territories_with_mainland_fixed_test,training,1,Training CV fold 2
480107,480107,PT200,4801,Mosteiro,all_territories_with_mainland_fixed_test,training,1,Training CV fold 2
480201,480201,PT200,4802,Caveira,all_territories_with_mainland_fixed_test,training,4,Training CV fold 5
480202,480202,PT200,4802,Cedros,all_territories_with_mainland_fixed_test,training,4,Training CV fold 5
480203,480203,PT200,4802,Ponta Delgada,all_territories_with_mainland_fixed_test,training,4,Training CV fold 5
480204,480204,PT200,4802,Santa Cruz das Flores,all_territories_with_mainland_fixed_test,training,4,Training CV fold 5
490101,490101,PT200,4901,Corvo,all_territories_with_mainland_fixed_test,training,1,Training CV fold 2
